Model,DataSize,Tris,Verts,DataSize (LOD0),Tris (LOD0),Verts (LOD0),Parts,Bones,LODs,Meshes
mdl/error.rmdl,29284,874,1202,29284,874,1202,1,1,1,1
mdl/dev/empty_model.rmdl,78,1,3,78,1,3,1,1,1,1
mdl/foliage/ivy_green_05.rmdl,10926,371,435,5562,197,219,1,1,3,1
mdl/foliage/ivy_green_02.rmdl,5458,203,212,3242,127,124,1,1,3,1
mdl/foliage/ivy_green_03.rmdl,7004,254,274,4336,156,170,1,1,3,1
mdl/ola/sewer_wires_02.rmdl,74088,3668,2604,46928,2448,1612,1,1,4,1
mdl/ola/sewer_wires_01.rmdl,73756,3656,2591,46928,2448,1612,1,1,4,1
mdl/containers/plastic_pallet_01.rmdl,23136,776,924,16108,578,632,1,1,3,1
mdl/containers/plastic_pallet_02.rmdl,23136,776,924,16108,578,632,1,1,3,1
mdl/angel_city/ground_pile_trash_01.rmdl,1446,37,51,1446,37,51,1,1,1,1
mdl/angel_city/ground_pile_trash_03.rmdl,1140,26,41,1140,26,41,1,1,1,1
mdl/pipes/pipe_modular_painted_grey_256.rmdl,21312,704,712,12168,420,402,1,1,3,1
mdl/pipes/pipe_modular_painted_yellow_256.rmdl,25296,824,848,12168,420,402,1,1,4,1
mdl/pipes/pipe_modular_painted_grey_128.rmdl,36528,1128,1240,24096,768,812,1,1,3,1
mdl/pipes/pipe_modular_painted_red_128.rmdl,36528,1128,1240,24096,768,812,1,1,3,1
mdl/pipes/pipe_modular_painted_yellow_128.rmdl,36528,1128,1240,24096,768,812,1,1,3,1
mdl/industrial/zipline_arm.rmdl,156444,4278,5449,80028,2306,2758,1,1,4,1
mdl/pipes/pipe_modular_painted_grey_64.rmdl,14712,452,500,8640,272,292,1,1,3,1
mdl/pipes/pipe_modular_painted_red_64.rmdl,17304,532,588,8640,272,292,1,1,4,1
mdl/pipes/pipe_modular_painted_yellow_64.rmdl,17304,532,588,8640,272,292,1,1,4,1
mdl/pipes/pipe_modular_painted_grey_32_valve.rmdl,93324,2878,3169,48840,1556,1646,1,1,4,1
mdl/pipes/pipe_modular_painted_red_32_valve.rmdl,93324,2878,3169,48840,1556,1646,1,1,4,1
mdl/pipes/pipe_modular_painted_yellow_32_valve.rmdl,93324,2878,3169,48840,1556,1646,1,1,4,1
mdl/pipes/pipe_modular_painted_grey_32_tjunk.rmdl,104112,3324,3507,52140,1702,1747,1,1,4,1
mdl/pipes/pipe_modular_painted_yellow_32_tjunk.rmdl,104112,3324,3507,52140,1702,1747,1,1,4,1
mdl/pipes/pipe_modular_painted_grey_corner.rmdl,39816,1560,1269,26304,1040,836,1,1,3,1
mdl/pipes/pipe_modular_painted_red_corner.rmdl,45528,1780,1452,26304,1040,836,1,1,4,1
mdl/pipes/pipe_modular_painted_yellow_corner.rmdl,45528,1780,1452,26304,1040,836,1,1,4,1
mdl/pipes/pipe_modular_painted_grey_32_03.rmdl,47364,1510,1596,22464,720,756,1,1,3,1
mdl/pipes/pipe_modular_painted_grey_32.rmdl,33624,1060,1136,22464,720,756,1,1,3,1
mdl/pipes/pipe_modular_painted_grey_32_02.rmdl,43068,1370,1452,22464,720,756,1,1,3,1
mdl/pipes/pipe_modular_painted_grey_32_04.rmdl,19056,600,644,12480,400,420,1,1,3,1
mdl/pipes/pipe_modular_painted_yellow_32_03.rmdl,56436,1790,1904,22464,720,756,1,1,4,1
mdl/pipes/pipe_modular_painted_yellow_32.rmdl,37512,1180,1268,22464,720,756,1,1,4,1
mdl/pipes/pipe_modular_painted_yellow_32_04.rmdl,22944,720,776,12480,400,420,1,1,4,1
mdl/pipes/pipe_modular_painted_grey_16.rmdl,34104,1084,1150,19632,632,660,1,1,3,1
mdl/pipes/pipe_modular_painted_yellow_16.rmdl,39168,1232,1324,19632,632,660,1,1,4,1
mdl/pipes/pipe_modular_painted_yellow_8.rmdl,23208,740,782,12480,400,420,1,1,4,1
mdl/pipes/pipe_modular_painted_grey_8.rmdl,22440,716,756,12480,400,420,1,1,3,1
mdl/pipes/pipe_modular_painted_red_8.rmdl,23208,740,782,12480,400,420,1,1,4,1
mdl/IMC_base/imc_portable_ext_double_door_frame_red_01.rmdl,5536,176,224,5536,176,224,1,1,1,1
mdl/IMC_base/imc_portable_ext_single_door_frame_red_01.rmdl,5536,176,224,5536,176,224,1,1,1,1
mdl/utilities/wire_hanging_cluster_03.rmdl,12560,560,460,12560,560,460,1,1,1,2
mdl/levels_terrain/mp_rr_canyonlands/military_bridge_cable_stopper_01.rmdl,10976,356,442,5856,216,228,1,1,4,2
mdl/thunderdome/survival_modular_flexscreens_04.rmdl,216,4,8,216,4,8,1,1,1,1
mdl/desertlands/industrial_metal_frame_256x144_02.rmdl,65528,1668,2776,36288,968,1524,1,1,3,2
mdl/desertlands/industrial_metal_frame_256x144_01.rmdl,39284,994,1666,21124,554,890,1,1,3,2
mdl/desertlands/industrial_metal_arm_support_02.rmdl,28680,820,1188,14424,444,588,1,1,3,1
mdl/utilities/power_cell_64.rmdl,547988,17238,22228,283556,9746,11254,1,1,4,1
mdl/desertlands/industrial_metal_arm_support_01.rmdl,2954,69,127,2072,52,88,1,1,2,1
mdl/IMC_base/bldg_wall_support_IMC_01_half.rmdl,13858,563,524,13858,563,524,1,1,1,1
mdl/containers/pelican_case_large.rmdl,151616,4916,6106,67298,2233,2695,1,1,5,1
mdl/containers/pelican_case_large_drabgreen.rmdl,151616,4916,6106,67298,2233,2695,1,1,5,1
mdl/relic/relic_yellow_wire_128_02.rmdl,4320,240,144,4320,240,144,1,1,1,1
mdl/industrial/metal_floor_panels_frame.rmdl,2304,64,96,2304,64,96,1,1,1,1
mdl/IMC_base/imc_tech_smallfan_32_06.rmdl,34264,1164,1364,15668,538,622,1,1,5,1
mdl/IMC_base/chair_IMC_02.rmdl,51224,1474,2119,29992,892,1232,1,1,2,1
mdl/colony/box_cardboard_flat_01.rmdl,3184,84,134,2632,72,110,1,1,2,1
mdl/angel_city/box_small_01.rmdl,3436,136,131,2780,120,103,1,1,2,1
mdl/containers/box_med_cardboard_02.rmdl,4096,96,176,2440,60,104,1,1,3,1
mdl/relic/relic_yellow_wire_128_01.rmdl,2940,160,99,2940,160,99,1,1,1,1
mdl/IMC_base/ladder_modular_64_IMC.rmdl,29464,1264,1094,29464,1264,1094,1,1,1,1
mdl/utilities/power_cell_64_single_01.rmdl,32150,1115,1273,19620,750,756,1,1,4,1
mdl/containers/box_med_cardboard_01.rmdl,1648,48,68,1096,36,44,1,1,2,1
mdl/garbage/garbage_bag_plastic_a.rmdl,7900,310,302,4856,196,184,1,1,2,1
mdl/utilities/ceiling_vent_metal.rmdl,4772,142,196,3484,114,140,1,1,3,1
mdl/domestic/wooden_bowl.rmdl,8200,410,287,4720,240,164,1,1,3,1
mdl/domestic/fire_extinguisher_case.rmdl,21380,750,844,21380,750,844,1,1,1,2
mdl/domestic/farmland_bedding_pillow_01.rmdl,9864,574,321,9864,574,321,1,1,1,1
mdl/signs/sign_caution_chemical.rmdl,2036,46,88,1128,28,48,1,1,3,1
mdl/electricalboxes/fusebox.rmdl,7264,224,296,4592,152,184,1,1,3,1
mdl/utilities/wall_Waterpipe.rmdl,86140,2860,3449,39976,1386,1583,1,1,4,1
mdl/industrial/modular_railing_trim_long.rmdl,38380,1430,1490,17120,660,658,1,1,3,1
mdl/IMC_base/garage_support_wall_IMC_01.rmdl,11972,412,475,11972,412,475,1,1,1,1
mdl/colony/dirty_plate_pile_02.rmdl,14688,588,558,7344,324,270,1,1,3,1
mdl/domestic/towels_wrinkled_04.rmdl,5384,204,208,2264,84,88,1,1,3,1
mdl/signs/sign_service_shaft_01.rmdl,1896,46,81,1128,28,48,1,1,3,1
mdl/signs/sign_service_shaft_02.rmdl,1896,46,81,1128,28,48,1,1,3,1
mdl/imc_interior/imc_int_fusebox_01.rmdl,11632,342,479,9936,306,405,1,1,2,1
mdl/industrial/modular_railing_trim_mid.rmdl,20370,755,792,9140,350,352,1,1,3,1
mdl/industrial/air_duct_bracket_01.rmdl,2664,74,111,2664,74,111,1,1,1,1
mdl/colony/dirty_bowl_single.rmdl,15676,806,542,9492,592,297,1,1,3,1
mdl/industrial/modular_railing_trim_short.rmdl,20370,755,792,9140,350,352,1,1,3,1
mdl/electricalboxes/meterbox.rmdl,7864,274,311,6104,224,238,1,1,3,1
mdl/IMC_base/ladder_modular_cap_IMC.rmdl,2768,108,106,2768,108,106,1,1,1,1
mdl/IMC_base/conduit_bracket_IMC_04.rmdl,1728,68,66,1728,68,66,1,1,1,1
mdl/IMC_base/conduit_bracket_IMC_02.rmdl,2488,108,92,2488,108,92,1,1,1,1
mdl/industrial/modular_railing_trim_a.rmdl,19800,840,738,9180,400,339,1,1,3,1
mdl/containers/can_blue_soda.rmdl,10744,354,431,4428,168,171,1,1,4,1
mdl/containers/can_blue_horizontal.rmdl,13908,418,570,5156,196,199,1,1,4,1
mdl/utilities/wires_hanging_64.rmdl,25224,1156,762,25224,1156,762,1,1,1,1
mdl/colony/farmland_crate_plastic_01_red.rmdl,27732,994,907,21948,846,703,1,1,2,1
mdl/rubble/concrete_piece_06_rebar.rmdl,95052,3382,3115,50076,1954,1598,1,1,3,2
mdl/beacon/generator_fan_house_cap_01.rmdl,31032,792,1095,19614,521,687,1,1,3,1
mdl/slum_city/slumcity_pipe_256_corrugated_metal_a.rmdl,29664,1004,1182,22064,764,874,1,1,2,1
mdl/slum_city/slumcity_pipe_128_corrugated_metal_a.rmdl,16760,520,682,12400,400,500,1,1,2,1
mdl/slum_city/slumcity_pipe_64_corrugated_metal_b.rmdl,62384,2994,2221,37792,1852,1334,1,1,3,1
mdl/slum_city/slumcity_pipe_64_corrugated_metal_a.rmdl,5080,180,200,3320,120,130,1,1,2,1
mdl/slum_city/slumcity_pipe_90junc_corrugated_metal_a.rmdl,15200,740,538,10420,520,365,1,1,2,1
mdl/slum_city/slumcity_pipe_32_corrugated_metal_b.rmdl,32508,1458,1188,21532,982,782,1,1,3,1
mdl/slum_city/slumcity_pipe_32_corrugated_metal_a.rmdl,48552,2352,1722,29960,1520,1042,1,1,3,1
mdl/slum_city/slumcity_pipe_32_corrugated_metal_c.rmdl,3360,120,132,2200,80,86,1,1,2,1
mdl/slum_city/slumcity_pipe_16_corrugated_metal_a.rmdl,28164,1374,996,18022,927,623,1,1,3,1
mdl/slum_city/slumcity_pipe_16_corrugated_metal_b.rmdl,7080,240,282,5960,200,238,1,1,2,1
mdl/domestic/papers_ground02.rmdl,2678,93,106,2678,93,106,1,1,1,1
mdl/domestic/papers_ground01.rmdl,2256,76,90,2256,76,90,1,1,1,1
mdl/domestic/magazine_pile_03.rmdl,5096,156,208,5096,156,208,1,1,1,1
mdl/domestic/magazine_pile_02.rmdl,3688,108,152,3688,108,152,1,1,1,1
mdl/domestic/magazine_pile_04.rmdl,3480,100,144,3480,100,144,1,1,1,1
mdl/domestic/magazine_pile_01.rmdl,4864,144,200,4864,144,200,1,1,1,1
mdl/domestic/magazine_single_03.rmdl,760,20,32,760,20,32,1,1,1,1
mdl/colony/farmland_domicile_hanging_net_01.rmdl,88260,3250,2865,58536,2316,1860,1,1,4,3
mdl/foliage/tree_green_forest_med_01.rmdl,134244,3590,4696,64248,1940,2192,1,1,4,2
mdl/foliage/bush_green_forest_01.rmdl,86646,2273,3042,59184,1528,2084,1,1,4,1
mdl/foliage/grass_desert_01.rmdl,4980,134,174,4980,134,174,1,1,1,1
mdl/foliage/cattail_group_02.rmdl,17996,706,688,12486,551,459,1,1,3,1
mdl/beacon/construction_scaff_128_64_128_02.rmdl,489288,15078,19941,261888,8218,10629,1,1,4,2
mdl/beacon/construction_plastic_mat_black_01.rmdl,27220,1360,953,16164,844,555,1,1,3,2
mdl/eden/eden_electrical_pole_01.rmdl,137476,5066,5354,80264,2934,3133,1,1,3,2
mdl/IMC_base/thumper_generator_set_b.rmdl,564230,18595,22633,279680,9660,11086,1,1,4,1
mdl/pipes/pipe_large_256_01_red.rmdl,17680,700,674,10620,440,399,1,1,3,1
mdl/vehicles_r5/land/msc_forklift_imc_v2/veh_land_msc_forklift_imc_v2_static.rmdl,539690,18585,21409,278484,10144,10881,1,1,5,1
mdl/pipes/pipe_large_128_01_red.rmdl,16680,640,642,9960,400,378,1,1,3,1
mdl/canyonlands/zone_14_pillar_a.rmdl,12744,300,456,12744,300,456,1,1,1,3
mdl/pipes/pipe_large_32_01.rmdl,39344,1464,1528,22496,856,868,1,1,3,2
mdl/beacon/construction_plastic_mat_white_01.rmdl,27756,1376,975,16164,844,555,1,1,4,2
mdl/imc_base/imc_portable_ext_wallrun_vent_128_01.rmdl,12496,276,542,8076,186,348,1,1,2,5
mdl/levels_terrain/mp_rr_canyonlands/rig_tracks_01.rmdl,6816,144,248,5784,124,210,1,1,2,6
mdl/levels_terrain/mp_rr_canyonlands/rig_tracks_02.rmdl,6816,144,248,5784,124,210,1,1,2,6
mdl/pipes/slum_pipe_large_blue_angle_01.rmdl,32532,1270,1038,21408,880,672,1,1,3,2
mdl/pipes/slum_pipe_large_blue_128_01.rmdl,21696,680,734,12480,400,420,1,1,3,2
mdl/pipes/pipe_large_256_01.rmdl,17680,700,674,10620,440,399,1,1,3,1
mdl/pipes/pipe_large_angle_01.rmdl,30380,1460,1081,17880,880,630,1,1,3,1
mdl/IMC_base/imc_fan_large_02.rmdl,3848,178,139,3848,178,139,1,1,1,1
mdl/pipes/pipe_large_128_01.rmdl,16680,640,642,9960,400,378,1,1,3,1
mdl/pipes/slum_pipe_large_bracket_01.rmdl,78616,2356,3224,49344,1544,2004,1,1,4,1
mdl/utilities/power_gen1.rmdl,298752,10952,11652,146864,5644,5650,1,1,5,1
mdl/pipes/slum_pipe_large_yellow_64_01.rmdl,43944,1584,1722,26576,976,1036,1,1,3,1
mdl/imc_base/imc_fan_large_case_01.rmdl,111786,5231,4020,65164,3304,2267,1,1,4,1
mdl/IMC_base/imc_fan_large_case_01_short.rmdl,93362,4377,3355,65164,3304,2267,1,1,4,1
mdl/pipes/slum_pipe_large_blue_32_01.rmdl,34444,1234,1352,21176,776,826,1,1,3,1
mdl/pipes/slum_pipe_large_yellow_32_01.rmdl,34444,1234,1352,21176,776,826,1,1,3,1
mdl/beacon/beacon_wire_ground_coils_04.rmdl,20636,1056,715,20636,1056,715,1,1,1,1
mdl/utilities/wire_ceiling_mounts_corner_l.rmdl,87008,3168,3400,50312,1872,1954,1,1,3,1
mdl/utilities/wire_ceiling_mounts_corner.rmdl,85988,3168,3349,50312,1872,1954,1,1,3,1
mdl/utilities/wires_ground_coils_01.rmdl,57152,2452,2122,33712,1572,1214,1,1,4,1
mdl/beacon/beacon_wires_ground_coils_01.rmdl,33712,1572,1214,33712,1572,1214,1,1,1,1
mdl/beacon/mendoko_wires_ground_coils_01.rmdl,33712,1572,1214,33712,1572,1214,1,1,1,1
mdl/industrial/landing_mat_metal_02_large.rmdl,370040,13680,14398,297724,10994,11588,1,1,3,1
mdl/industrial/landing_mat_metal_03_large.rmdl,370040,13680,14398,297724,10994,11588,1,1,3,1
mdl/utilities/wire_ceiling_mounts_straight.rmdl,70916,2196,2887,36656,1196,1474,1,1,3,1
mdl/floating_village/lagoon_window_metal_shutters_open_80x128.rmdl,72520,1720,3110,45168,1088,1932,1,1,3,1
mdl/ola/sewer_railing_01_corner_in.rmdl,148368,6108,5586,98076,4376,3591,1,1,3,1
mdl/ola/sewer_railing_01_corner_out.rmdl,148368,6108,5586,98076,4376,3591,1,1,3,1
mdl/IMC_base/imc_fan_large_01.rmdl,3848,178,139,3848,178,139,1,1,1,1
mdl/ola/sewer_railing_01_128.rmdl,99592,3912,3806,65152,2752,2432,1,1,3,1
mdl/ola/sewer_stair_railing_01.rmdl,73840,2940,2810,48152,2112,1774,1,1,3,1
mdl/ola/sewer_stair_railing_01_inv.rmdl,73840,2940,2810,48152,2112,1774,1,1,3,1
mdl/beacon/beacon_wire_ground_coils_02.rmdl,20212,1032,701,20212,1032,701,1,1,1,1
mdl/beacon/mendoko_wire_ground_coils_02.rmdl,20212,1032,701,20212,1032,701,1,1,1,1
mdl/IMC_base/imc_portable_int_wall_pipe_128_01.rmdl,43888,1588,1718,23008,848,896,1,1,3,1
mdl/homestead/homestead_floor_panel_01.rmdl,36144,1084,1482,29060,930,1174,1,1,2,1
mdl/industrial/landing_mat_metal_02.rmdl,66200,2280,2626,49796,1766,1960,1,1,3,1
mdl/industrial/landing_mat_metal_03.rmdl,65832,2272,2610,49796,1766,1960,1,1,3,1
mdl/mendoko/mendoko_desk_01.rmdl,20008,528,842,14066,381,589,1,1,2,2
mdl/ola/sewer_railing_01_stairend.rmdl,85872,3412,3270,57328,2448,2132,1,1,3,1
mdl/beacon/beacon_wire_cluster_07.rmdl,17100,960,567,17100,960,567,1,1,1,1
mdl/beacon/mendoko_wire_cluster_07.rmdl,17100,960,567,17100,960,567,1,1,1,1
mdl/beacon/beacon_wire_ground_coils_03.rmdl,20424,1044,708,20424,1044,708,1,1,1,1
mdl/beacon/mendoko_wire_ground_coils_03.rmdl,20424,1044,708,20424,1044,708,1,1,1,1
mdl/mendoko/mendoko_wire_ground_coils_03.rmdl,20424,1044,708,20424,1044,708,1,1,1,1
mdl/s2s/s2s_stair_railing_quad_01_inv.rmdl,33564,1174,1326,18548,688,721,1,1,3,1
mdl/s2s/s2s_stair_railing_quad_01.rmdl,33552,1172,1326,18568,688,722,1,1,3,1
mdl/ola/sewer_grate_01_16.rmdl,3824,104,160,3824,104,160,1,1,1,1
mdl/ola/sewer_railing_01_64.rmdl,79248,3168,3012,52320,2260,1938,1,1,3,1
mdl/industrial/tripod_cone_v1_high.rmdl,46476,1476,1881,21128,708,844,1,1,3,1
mdl/industrial/tripod_cone_v2_high_on.rmdl,46636,1476,1889,21128,708,844,1,1,3,1
mdl/beacon/modular_hose_yellow_128_bend_01.rmdl,11740,490,440,6460,280,239,1,1,3,1
mdl/industrial/tripod_cone_v1_high_on.rmdl,46476,1476,1881,21128,708,844,1,1,3,1
mdl/industrial/tool_chest_double.rmdl,58848,2108,2310,29904,1184,1140,1,1,3,1
mdl/containers/slumcity_oxygen_tank_blue.rmdl,78358,2713,3104,42208,1528,1652,1,1,3,1
mdl/containers/slumcity_oxygen_tank_red.rmdl,78358,2713,3104,42208,1528,1652,1,1,3,1
mdl/beacon/modular_hose_yellow_128_01.rmdl,17600,840,628,9740,480,343,1,1,3,1
mdl/imc_base/imc_portable_int_wall_pipe_64_01.rmdl,13488,488,528,8824,324,344,1,1,2,1
mdl/ola/sewer_stair_railingsmall_01.rmdl,47404,2014,1766,32172,1502,1158,1,1,3,1
mdl/ola/sewer_stair_railingsmall_01_inv.rmdl,47404,2014,1766,32172,1502,1158,1,1,3,1
mdl/beacon/modular_hose_yellow_128_02.rmdl,12920,560,478,7120,320,260,1,1,3,1
mdl/industrial/work_cart_plastic.rmdl,55332,2002,2166,30128,1208,1144,1,1,3,1
mdl/beacon/beacon_wire_cluster_03.rmdl,13236,736,441,13236,736,441,1,1,1,1
mdl/beacon/mendoko_wire_cluster_03.rmdl,13236,736,441,13236,736,441,1,1,1,1
mdl/imc_base/imc_portable_int_wall_pipe_corner_01.rmdl,13244,544,499,13244,544,499,1,1,1,1
mdl/beacon/construction_scaff_post_128_01.rmdl,24340,600,1037,24340,600,1037,1,1,1,1
mdl/imc_base/imc_portable_int_wall_pipe_32_valve_01.rmdl,70536,2526,2769,32292,1182,1260,1,1,3,1
mdl/mendoko/mendoko_monitor_03.rmdl,11488,328,476,11488,328,476,1,1,1,1
mdl/mendoko/mendoko_monitor_04.rmdl,40072,1272,1622,25432,832,1022,1,1,3,1
mdl/imc_base/imc_portable_int_wall_pipe_tjunction_01.rmdl,13992,512,546,13992,512,546,1,1,1,1
mdl/ola/sewer_railing_01_32.rmdl,62656,2576,2360,41856,1876,1530,1,1,3,1
mdl/pipes/pipe_modular_painted_red_02_64.rmdl,14952,532,588,7472,272,292,1,1,4,1
mdl/imc_base/imc_portable_int_wall_pipe_32_01.rmdl,34800,1240,1368,19440,720,756,1,1,3,1
mdl/beacon/beacon_wire_cluster_02.rmdl,23448,1328,774,23448,1328,774,1,1,1,1
mdl/beacon/mendoko_wire_cluster_02.rmdl,23448,1328,774,23448,1328,774,1,1,1,1
mdl/beacon/beacon_wire_cluster_01.rmdl,16548,928,549,16548,928,549,1,1,1,1
mdl/beacon/beacon_wire_cluster_04.rmdl,16272,912,540,16272,912,540,1,1,1,1
mdl/beacon/mendoko_wire_cluster_01.rmdl,16548,928,549,16548,928,549,1,1,1,1
mdl/beacon/mendoko_wire_cluster_04.rmdl,16272,912,540,16272,912,540,1,1,1,1
mdl/industrial/fan_mounted.rmdl,61340,2130,2428,30508,1128,1187,1,1,3,1
mdl/lamps/halogen_light_ceiling_off.rmdl,19528,648,782,9048,348,348,1,1,3,1
mdl/beacon/modular_hose_yellow_64_01.rmdl,5840,140,250,3160,80,134,1,1,3,1
mdl/ola/sewer_railing_01_16.rmdl,38680,1720,1418,27280,1320,968,1,1,3,1
mdl/slum_city/slumcity_pipe_bracket_corrugated_metal_a.rmdl,49344,1544,2004,49344,1544,2004,1,1,1,1
mdl/imc_base/imc_portable_int_wall_pipe_16_01.rmdl,26080,920,1028,16992,632,660,1,1,3,1
mdl/pipes/pipe_modular_painted_red_02_corner.rmdl,40940,1780,1513,22960,1040,836,1,1,4,1
mdl/imc_base/imc_portable_int_wall_pipe_8_01.rmdl,7848,288,306,7848,288,306,1,1,1,1
mdl/IMC_base/conduit_str_64_IMC_01.rmdl,5008,168,200,2656,96,104,1,1,3,1
mdl/beacon/modular_hose_yellow_32_01.rmdl,5840,140,250,3160,80,134,1,1,3,1
mdl/signs/signage_plates_metal/sign_plate_c.rmdl,640,20,26,424,14,17,1,1,2,1
mdl/door/canyonlands_door_single_02_hinges.rmdl,14800,440,608,9040,280,368,1,1,3,1
mdl/beacon/mendoko_wire_cluster_08.rmdl,24084,1154,858,24084,1154,858,1,1,1,1
mdl/beacon/mendoko_wire_cluster_08_l.rmdl,24064,1154,857,24064,1154,857,1,1,1,1
mdl/IMC_base/conduit_str_64_IMC_02.rmdl,2272,72,92,1328,48,52,1,1,3,1
mdl/IMC_base/conduit_str_32_IMC_01.rmdl,11568,528,420,7504,384,260,1,1,3,1
mdl/beacon/modular_hose_yellow_corner_01.rmdl,13720,610,503,8440,400,302,1,1,3,1
mdl/pipes/pipe_modular_painted_red_02_8.rmdl,20080,740,782,10800,400,420,1,1,4,1
mdl/beacon/beacon_wire_cluster_06.rmdl,24064,1154,857,24064,1154,857,1,1,1,1
mdl/furniture/office_desk_accessories_papers.rmdl,328,8,14,328,8,14,1,1,1,1
mdl/lamps/industrial_wall_light.rmdl,4588,138,188,3564,114,144,1,1,2,1
mdl/IMC_base/conduit_bend_16_IMC_01.rmdl,25482,1357,867,15584,864,520,1,1,3,1
mdl/IMC_base/conduit_str_16_IMC_01.rmdl,21168,1008,756,14608,768,500,1,1,3,1
mdl/beacon/mendoko_wire_cluster_05.rmdl,16248,848,558,16248,848,558,1,1,1,1
mdl/IMC_base/conduit_str_16_IMC_02.rmdl,8008,408,278,7304,384,250,1,1,2,1
mdl/props/caustic_mug/caustic_mug.rmdl,8748,408,315,8748,408,315,1,1,1,1
mdl/IMC_base/conduit_bend_16_IMC_02.rmdl,6984,384,234,6984,384,234,1,1,1,1
mdl/IMC_base/conduit_start_IMC_01.rmdl,3104,144,112,3104,144,112,1,1,1,1
mdl/ola/sewer_grate_01.rmdl,33824,984,1396,17064,544,690,1,1,4,2
mdl/lamps/light_parking_post.rmdl,135112,3862,5597,77612,2372,3169,1,1,4,1
mdl/containers/barrel.rmdl,142476,4686,5718,62952,2172,2496,1,1,4,1
mdl/lamps/security_light_01_on.rmdl,69100,2470,2714,36296,1406,1393,1,1,3,1
mdl/colony/farmland_crate_md_80x64x72_02.rmdl,19988,918,724,13472,682,469,1,1,3,1
mdl/colony/farmland_crate_md_80x64x72_03.rmdl,29488,1348,1070,17496,916,600,1,1,4,1
mdl/firstgen/firstgen_barrel_01.rmdl,56484,2564,2055,33588,1578,1206,1,1,4,1
mdl/levels_terrain/mp_rr_canyonlands/canyonlands_mall_roof_dome_01.rmdl,58056,1926,2325,36592,1242,1457,1,1,3,5
mdl/IMC_base/control_desk_IMC_01.rmdl,12836,306,550,12836,306,550,1,1,1,1
mdl/industrial/security_fence_post.rmdl,12768,418,513,12768,418,513,1,1,1,1
mdl/IMC_base/monitor_command_imc_01.rmdl,19496,476,832,19496,476,832,1,1,1,1
mdl/lamps/halogen_light_ceiling_blueish.rmdl,19528,648,782,9048,348,348,1,1,3,1
mdl/lamps/halogen_light_ceiling.rmdl,19528,648,782,9048,348,348,1,1,3,1
mdl/mendoko/mendoko_research_microscope.rmdl,80120,2620,3220,42608,1528,1672,1,1,3,1
mdl/harmony_mines/halogen_light_ceiling_64.rmdl,3528,128,138,3528,128,138,1,1,1,1
mdl/lamps/industrial_wall_light_02_on.rmdl,4588,138,188,3564,114,144,1,1,2,1
mdl/lamps/industrial_wall_light_on_blue.rmdl,4588,138,188,3564,114,144,1,1,2,1
mdl/lamps/industrial_wall_light_on.rmdl,4588,138,188,3564,114,144,1,1,2,1
mdl/lamps/warning_light_ON_red.rmdl,14196,486,564,14196,486,564,1,1,1,1
mdl/lamps/warning_light_ON_red_small.rmdl,14196,486,564,14196,486,564,1,1,1,1
mdl/lamps/light_florescenet_modern.rmdl,38592,1082,1605,18060,570,732,1,1,3,1
mdl/pipes/pipe_large_64_01.rmdl,47464,1764,1844,27896,1056,1078,1,1,3,2
mdl/IMC_base/imc_tech_tallpanel_48_02.rmdl,4664,124,196,3652,102,152,1,1,2,1
mdl/barriers/concrete/concrete_barrier_01.rmdl,32992,792,1412,18676,446,800,1,1,4,1
mdl/IMC_base/imc_tech_panel_64_01.rmdl,20200,490,863,10688,268,454,1,1,5,1
mdl/foliage/tree_green_forest_01.rmdl,396612,12510,13398,271572,8434,9207,1,1,4,2
mdl/rubble/concrete_piece_03_rebar.rmdl,76872,2836,2494,40080,1576,1276,1,1,3,2
mdl/canyonlands/concrete_broken_chunk_01.rmdl,67020,1286,2471,39360,740,1455,1,1,3,2
mdl/levels_terrain/mp_rr_canyonlands/canyonland_pipe_ring.rmdl,9420,242,332,6120,156,216,1,1,2,3
mdl/canyonlands/concrete_broken_chunk_02.rmdl,8652,142,325,5988,98,225,1,1,2,2
mdl/colony/solar_panel_angled_01.rmdl,69184,1694,2951,45784,1154,1943,1,1,3,1
mdl/colony/colony_wall_run_plate.rmdl,123550,2945,5294,71958,1713,3084,1,1,4,1
mdl/colony/antenna_01_colony_arm.rmdl,168134,4919,6931,105692,3302,4294,1,1,4,1
mdl/IMC_base/imc_antenna_02.rmdl,11240,330,463,11240,330,463,1,1,1,1
mdl/colony/antenna_01_colony_pole.rmdl,20782,727,821,8510,315,331,1,1,3,1
mdl/signs/street_sign_arrow.rmdl,1128,28,48,1128,28,48,1,1,1,1
mdl/signs/street_sign_rail_distance_02.rmdl,552,12,24,552,12,24,1,1,1,1
mdl/signs/runoff_signs/pump_distance_sign.rmdl,848,28,34,848,28,34,1,1,1,1
mdl/ola/sewer_staircase_96_quad.rmdl,11728,248,512,11728,248,512,1,1,1,2
mdl/containers/container_medium_tanks_blue.rmdl,152082,5617,5919,83340,3270,3186,1,1,4,1
mdl/rocks/rockcluster_light_01.rmdl,64900,3260,2267,37508,1988,1279,1,1,3,1
mdl/barriers/concrete/concrete_barrier_fence_128.rmdl,127530,2855,4600,101658,2279,3666,1,1,3,4
mdl/domestic/nessy_doll.rmdl,53076,2996,1755,35980,2070,1178,1,1,2,1
mdl/electricalboxes/fusebox_small_a.rmdl,3032,92,124,3032,92,124,1,1,1,1
mdl/rise/catwalk_hanging_wires_01.rmdl,23712,1272,804,23712,1272,804,1,1,1,3
mdl/imc_base/light_wall_imc_01_on.rmdl,11172,462,420,5048,228,184,1,1,4,1
mdl/canyonlands/canyonlands_zone_sign_01.rmdl,84724,2594,3458,33932,1122,1360,1,1,5,4
mdl/canyonlands/canyonlands_zone_sign_03b.rmdl,6432,212,258,5048,168,202,1,1,2,3
mdl/canyonlands/canyonlands_zone_sign_03.rmdl,122016,2560,4444,48252,1050,1748,1,1,4,5
mdl/canyonlands/wraith_tt_portal_large.rmdl,121144,4544,4694,64072,2432,2474,1,1,4,2
mdl/canyonlands/canyonlands_zone_sign_02.rmdl,100680,2116,3666,30240,680,1090,1,1,5,4
mdl/thunderdome/thunderdome_screen_tower_arm_01.rmdl,32380,890,1352,14492,422,598,1,1,4,3
mdl/pipes/slum_pipe_large_blue_512_01.rmdl,59064,1860,1996,34944,1120,1176,1,1,3,2
mdl/pipes/slum_pipe_large_yellow_512_01.rmdl,59064,1860,1996,34944,1120,1176,1,1,3,2
mdl/pipes/slum_pipe_large_yellow_256_angle_01.rmdl,49824,2120,1546,31824,1440,966,1,1,3,2
mdl/levels_terrain/mp_rr_canyonlands/rig_frame_wall_lrg_01.rmdl,6888,168,294,6888,168,294,1,1,1,4
mdl/levels_terrain/mp_rr_canyonlands/rig_frame_wall_lrg_02.rmdl,6888,168,294,6888,168,294,1,1,1,4
mdl/pipes/slum_pipe_large_blue_256_01.rmdl,38808,1220,1312,22464,720,756,1,1,3,2
mdl/pipes/slum_pipe_large_yellow_256_01.rmdl,38808,1220,1312,22464,720,756,1,1,3,2
mdl/pipes/slum_pipe_large_yellow_256_02.rmdl,63840,2000,2160,38784,1240,1306,1,1,3,2
mdl/pipes/slum_pipe_large_yellow_tjunc_01.rmdl,55860,2098,1803,34860,1374,1109,1,1,3,2
mdl/levels_terrain/mp_rr_canyonlands/rig_frame_wall_med_01.rmdl,3772,82,164,3772,82,164,1,1,1,4
mdl/pipes/slum_pipe_large_yellow_angle_01.rmdl,32532,1270,1038,21408,880,672,1,1,3,2
mdl/pipes/slum_pipe_large_yellow_128_01.rmdl,21696,680,734,12480,400,420,1,1,3,2
mdl/desertlands/industrial_metal_frame_wall_256x144_04.rmdl,19352,512,814,8264,244,340,1,1,4,2
mdl/cockpit/ship_console_control_med_v1.rmdl,74812,2282,3056,74812,2282,3056,1,1,1,3
mdl/IMC_base/imc_tech_smallpanel_48_03.rmdl,12120,300,516,6448,168,272,1,1,4,2
mdl/levels_terrain/mp_rr_canyonlands/rig_frame_wall_sml_01.rmdl,3956,86,172,3956,86,172,1,1,1,4
mdl/barriers/concrete/concrete_barrier_fence_tarp_128.rmdl,104502,2337,3770,88818,1995,3202,1,1,3,5
mdl/ola/sewer_staircase_quad.rmdl,10624,224,464,10624,224,464,1,1,1,2
mdl/barriers/concrete/concrete_barrier_fence.rmdl,117546,2663,4232,96282,2183,3466,1,1,3,3
mdl/foliage/tree_brush_yellow_large_03.rmdl,74940,3190,2790,44424,2024,1614,1,1,3,2
mdl/canyonlands/octane_tt_fence_long.rmdl,18312,452,780,11432,292,484,1,1,3,2
mdl/ola/sewer_staircase_end_02.rmdl,5624,124,244,5624,124,244,1,1,1,2
mdl/ola/sewer_grate_02.rmdl,11704,344,482,11704,344,482,1,1,1,2
mdl/ola/sewer_staircase_double.rmdl,6048,128,264,6048,128,264,1,1,1,2
mdl/ola/sewer_staircase_short_quad.rmdl,11728,248,512,11728,248,512,1,1,1,2
mdl/ola/sewer_staircase_96_end_02.rmdl,5624,124,244,5624,124,244,1,1,1,2
mdl/ola/sewer_staircase_48_quad.rmdl,9016,196,392,9016,196,392,1,1,1,2
mdl/ola/sewer_staircase_96_double.rmdl,6048,128,264,6048,128,264,1,1,1,2
mdl/playback/playback_staircase_96_base_double_01_a.rmdl,43164,914,1570,27804,626,1002,1,1,3,2
mdl/ola/sewer_staircase_single.rmdl,3760,80,164,3760,80,164,1,1,1,2
mdl/canyonlands/octane_tt_fence_medium.rmdl,14108,338,604,8252,202,352,1,1,3,2
mdl/ola/sewer_grate_01_32.rmdl,5064,144,210,5064,144,210,1,1,1,2
mdl/ola/sewer_staircase_96_single.rmdl,3760,80,164,3760,80,164,1,1,1,2
mdl/pipes/hollow_pipe_modular_painted_red_128.rmdl,25808,948,1006,25808,948,1006,1,1,1,2
mdl/IMC_base/chain_link_post_IMC_01.rmdl,25172,772,1027,25172,772,1027,1,1,1,2
mdl/pipes/hollow_pipe_modular_painted_red_corner.rmdl,27920,1220,1030,27920,1220,1030,1,1,1,2
mdl/pipes/hollow_pipe_modular_painted_red_16.rmdl,21952,812,854,21952,812,854,1,1,1,2
mdl/industrial/exit_sign_04_on.rmdl,1096,36,44,1096,36,44,1,1,1,2
mdl/containers/underbelly_cargo_container_256_blue_01.rmdl,60378,1339,2181,59298,1319,2141,1,1,2,2
mdl/containers/underbelly_cargo_container_128_red_01.rmdl,49068,1066,1778,47772,1042,1730,1,1,2,2
mdl/containers/underbelly_cargo_container_128_blue_01.rmdl,49284,1070,1786,47988,1046,1738,1,1,2,2
mdl/containers/underbelly_cargo_container_128_green_01.rmdl,48852,1062,1770,47556,1038,1722,1,1,2,2
mdl/containers/underbelly_cargo_container_128_red_02.rmdl,47724,994,1740,46428,970,1692,1,1,2,2
mdl/containers/underbelly_cargo_container_128_blue_02.rmdl,48060,1002,1752,46764,978,1704,1,1,2,2
mdl/containers/underbelly_cargo_container_128_green_02.rmdl,47832,996,1744,46536,972,1696,1,1,2,2
mdl/containers/underbelly_cargo_container_128_grey_02.rmdl,47832,996,1744,46536,972,1696,1,1,2,2
mdl/ola/sewer_grate_clamp_01_256.rmdl,7680,160,280,7680,160,280,1,1,1,2
mdl/ola/sewer_grate_clamp_01_128.rmdl,7680,160,280,7680,160,280,1,1,1,2
mdl/eden/eden_electrical_transformer_01.rmdl,179928,5064,6231,109920,3136,3796,1,1,3,2
mdl/canyonlands/passthrough_base_decal_02.rmdl,396,16,15,396,16,15,1,1,1,1
mdl/decals/puddle_floor_decal_flat_02.rmdl,144,4,6,144,4,6,1,1,1,1
mdl/decals/puddle_floor_decal_flat_03.rmdl,92,2,4,92,2,4,1,1,1,1
mdl/decals/puddle_floor_decal_flat_04.rmdl,196,6,8,196,6,8,1,1,1,1
mdl/military_base/militaryfort_wall_decal_orange_arrow_01.rmdl,108,2,4,108,2,4,1,1,1,1
mdl/water/water_puddle_decal_01.rmdl,92,2,4,92,2,4,1,1,1,1
mdl/angel_city/keypad_01.rmdl,14060,394,580,11456,332,470,1,1,2,2
mdl/beacon/beacon_server_half_stand_01.rmdl,131820,3280,5607,89924,2194,3838,1,1,3,5
mdl/beacon/construction_plastic_mat_clear_01.rmdl,27756,1376,975,16164,844,555,1,1,4,2
mdl/cockpit/ship_console_control_med_v1_off.rmdl,93648,2436,3293,93648,2436,3293,1,1,1,4
mdl/furniture/office_desk_accessories_clipboard.rmdl,16000,420,674,8272,232,344,1,1,3,2
mdl/mendoko/mendoko_research_centrifuge.rmdl,83910,2425,2890,46284,1446,1567,1,1,3,2
mdl/mendoko/mendoko_research_equipment_01.rmdl,91056,2704,3118,48870,1565,1645,1,1,3,2
mdl/industrial/lab_beaker_01.rmdl,3316,156,119,3316,156,119,1,1,1,1
mdl/mendoko/mendoko_monitor_ui_02.rmdl,1860,30,60,1860,30,60,1,1,1,1
mdl/weapons/projectiles/projectile_grapple_hook_anchor_bolt.rmdl,18252,662,714,18252,662,714,1,1,1,1
mdl/Gibs/wood_gib01e.rmdl,2744,64,118,2744,64,118,1,1,1,1
mdl/Gibs/wood_gib01d.rmdl,5892,142,252,5892,142,252,1,1,1,1
mdl/Gibs/wood_gib01c.rmdl,3276,66,144,3276,66,144,1,1,1,1
mdl/Gibs/wood_gib01b.rmdl,2868,58,126,2868,58,126,1,1,1,1
mdl/Gibs/wood_gib01a.rmdl,4412,112,187,4412,112,187,1,1,1,1
mdl/Gibs/Glass_shard01.rmdl,2864,84,118,2864,84,118,1,1,1,1
mdl/Gibs/Glass_shard02.rmdl,1400,40,58,1400,40,58,1,1,1,1
mdl/Gibs/Glass_shard03.rmdl,1688,48,70,1688,48,70,1,1,1,1
mdl/Gibs/Glass_shard04.rmdl,3088,88,128,3088,88,128,1,1,1,1
mdl/Gibs/Glass_shard05.rmdl,2120,60,88,2120,60,88,1,1,1,1
mdl/Gibs/Glass_shard06.rmdl,1212,32,51,1212,32,51,1,1,1,1
mdl/props_debris/concrete_chunk08a.rmdl,6040,340,200,6040,340,200,1,1,1,1
mdl/props_debris/concrete_chunk09a.rmdl,1492,72,53,1492,72,53,1,1,1,1
mdl/props_debris/concrete_chunk03a.rmdl,1044,34,42,1044,34,42,1,1,1,1
mdl/props_debris/concrete_chunk07a.rmdl,784,34,29,784,34,29,1,1,1,1
mdl/props_debris/concrete_chunk02a.rmdl,2996,116,115,1724,84,61,1,1,2,1
mdl/Gibs/metal_gib1.rmdl,1912,52,80,1912,52,80,1,1,1,1
mdl/Gibs/metal_gib2.rmdl,1128,28,48,1128,28,48,1,1,1,1
mdl/Gibs/metal_gib3.rmdl,1352,32,58,1352,32,58,1,1,1,1
mdl/Gibs/metal_gib4.rmdl,1464,44,60,1464,44,60,1,1,1,1
mdl/Gibs/metal_gib5.rmdl,1384,44,56,1384,44,56,1,1,1,1
mdl/dev/envballs.rmdl,30076,978,956,30076,978,956,1,1,1,6
mdl/props/zipline_balloon/zipline_balloon_base.rmdl,626580,19218,21303,336024,11016,11247,1,1,5,5
mdl/props/zipline_balloon/zipline_balloon.rmdl,86706,2631,2955,48138,1599,1606,1,1,3,4
mdl/weapons_r5/loot/w_loot_wep_iso_health_main_large.rmdl,67872,2462,2655,41600,1610,1597,1,1,3,1
mdl/weapons_r5/loot/w_loot_wep_iso_health_main_small.rmdl,18036,606,720,9912,372,384,1,1,3,1
mdl/weapons_r5/loot/w_loot_wep_iso_shield_battery_large.rmdl,90720,2814,2637,46012,1532,1315,1,1,4,2
mdl/weapons_r5/loot/w_loot_wep_iso_shield_battery_small.rmdl,75952,2238,2233,39856,1276,1150,1,1,4,2
mdl/weapons_r5/loot/w_loot_wep_iso_phoenix_kit_v1.rmdl,90720,2814,2637,46012,1532,1315,1,1,4,2
mdl/fx/plasma_sphere_01.rmdl,14568,760,417,14568,760,417,1,1,1,1
mdl/fx/ar_edge_sphere_512.rmdl,125848,5460,2909,125848,5460,2909,1,1,1,1
mdl/IMC_base/camera_imc_base_01.rmdl,5440,140,230,5440,140,230,1,1,1,1
mdl/IMC_base/camera_imc_01.rmdl,131856,4266,5313,65992,2302,2609,1,1,3,1
mdl/robots/drone_frag/drone_frag_loot.rmdl,945960,28986,27573,443396,15118,12596,1,37,4,1
mdl/dev/editor_ref.rmdl,1104,24,48,1104,24,48,1,1,1,1
mdl/Humans/class/medium/combat_dummie_medium.rmdl,0,0,0,0,0,0,1,69,0,0
mdl/fx/ar_survival_radius_1x100.rmdl,48376,2052,1442,48376,2052,1442,1,1,1,3
mdl/props/charm/charm_fireball.rmdl,0,0,0,0,0,0,1,5,0,0
mdl/props/charm/charm_yeti.rmdl,0,0,0,0,0,0,1,5,0,0
mdl/props/charm/charm_crow.rmdl,0,0,0,0,0,0,1,5,0,0
mdl/props/charm/charm_rank_gold.rmdl,0,0,0,0,0,0,1,5,0,0
mdl/props/charm/charm_rank_diamond.rmdl,0,0,0,0,0,0,1,5,0,0
mdl/props/charm/charm_rank_predator.rmdl,0,0,0,0,0,0,1,5,0,0
mdl/props/charm/charm_nessy.rmdl,0,0,0,0,0,0,1,5,0,0
mdl/props/charm/charm_lifeline_drone.rmdl,0,0,0,0,0,0,1,5,0,0
mdl/props/charm/charm_rank_platinum.rmdl,0,0,0,0,0,0,1,5,0,0
mdl/props/charm/charm_pumpkin.rmdl,0,0,0,0,0,0,1,5,0,0
mdl/props/charm/charm_gas_canister.rmdl,0,0,0,0,0,0,1,5,0,0
mdl/props/charm/charm_jester.rmdl,0,0,0,0,0,0,1,5,0,0
mdl/props/charm/charm_nessy_ghost.rmdl,0,0,0,0,0,0,1,5,0,0
mdl/props/charm/charm_clown.rmdl,0,0,0,0,0,0,1,5,0,0
mdl/props/charm/charm_witch.rmdl,0,0,0,0,0,0,1,5,0,0
mdl/robots/drone_frag/drone_frag.rmdl,0,0,0,0,0,0,1,26,0,0
mdl/vehicle/droppod_fireteam/droppod_fireteam.rmdl,0,0,0,0,0,0,1,55,0,0
mdl/vehicle/droppod_loot/droppod_loot_LL_holo.rmdl,30554,591,844,30554,591,844,1,1,1,1
mdl/robots/marvin/marvin_gladcard.rmdl,0,0,0,0,0,0,4,94,0,0
mdl/menu/xp_badge.rmdl,8728,308,344,8728,308,344,1,1,1,1
mdl/menu/coin.rmdl,3448,128,134,3448,128,134,1,1,1,1
mdl/currency/crafting/currency_crafting_epic.rmdl,113224,2684,4856,113224,2684,4856,1,1,1,1
mdl/weapons_r5/loot/_master/w_loot_wep_ammo_sniper.rmdl,35244,850,942,23384,596,619,1,1,3,1
mdl/robots/marvin/marvin.rmdl,0,0,0,0,0,0,4,56,0,0
mdl/weapons/empty_handed/ptpov_emptyhand.rmdl,104232,3596,2952,104232,3596,2952,1,99,1,2
mdl/weapons/empty_handed/w_empty_handed_human.rmdl,0,0,0,0,0,0,1,10,0,0
mdl/Weapons/ptpov_energy_sword/ptpov_energy_sword.rmdl,29284,874,1202,29284,874,1202,1,1,1,1
mdl/Weapons/w_energy_sword/w_energy_sword.rmdl,29284,874,1202,29284,874,1202,1,1,1,1
mdl/weapons/data_knife/ptpov_data_knife.rmdl,0,0,0,0,0,0,1,79,0,0
mdl/weapons/b3wing/ptpov_b3wing.rmdl,0,0,0,0,0,0,16,115,0,0
mdl/weapons/b3wing/w_b3wing.rmdl,802044,16044,19605,432510,9307,10463,15,15,4,16
mdl/weapons/alternator_smg/ptpov_alternator_smg.rmdl,0,0,0,0,0,0,17,121,0,0
mdl/weapons/alternator_smg/w_alternator_smg.rmdl,904524,17410,22224,483378,9895,11778,15,13,4,15
mdl/weapons/gibraltar_bubbleshield/w_gibraltar_bubbleshield.rmdl,0,0,0,0,0,0,1,6,0,0
mdl/weapons/gibraltar_bubbleshield/ptpov_gibraltar_bubbleshield_held.rmdl,0,0,0,0,0,0,1,141,0,0
mdl/weapons/rspn101_dmr/ptpov_rspn101_dmr.rmdl,0,0,0,0,0,0,20,113,0,0
mdl/weapons/rspn101_dmr/w_rspn101_dmr.rmdl,0,0,0,0,0,0,19,16,0,0
mdl/weapons/rspn101_dmr/ptpov_rspn101_dmr_legendary_01.rmdl,0,0,0,0,0,0,20,113,0,0
mdl/weapons/rspn101_dmr/w_rspn101_dmr_legendary_01.rmdl,0,0,0,0,0,0,19,16,0,0
mdl/weapons/doubletake/ptpov_doubletake.rmdl,0,0,0,0,0,0,22,127,0,0
mdl/weapons/doubletake/w_doubletake.rmdl,0,0,0,0,0,0,18,18,0,0
mdl/weapons/peacekeeper/ptpov_peacekeeper.rmdl,0,0,0,0,0,0,17,110,0,0
mdl/weapons/peacekeeper/w_peacekeeper.rmdl,1049574,21419,25585,538860,11708,13017,16,14,4,18
mdl/weapons/lmg_hemlok/ptpov_lmg_hemlok.rmdl,0,0,0,0,0,0,16,109,0,0
mdl/weapons/lmg_hemlok/w_lmg_hemlok.rmdl,0,0,0,0,0,0,15,13,0,0
mdl/weapons/lstar/ptpov_lstar.rmdl,0,0,0,0,0,0,16,125,0,0
mdl/weapons/lstar/w_lstar.rmdl,0,0,0,0,0,0,15,15,0,0
mdl/weapons/mastiff_stgn/ptpov_mastiff.rmdl,0,0,0,0,0,0,18,119,0,0
mdl/weapons/mastiff_stgn/w_mastiff.rmdl,914430,17303,22517,490386,9809,11987,15,14,4,15
mdl/weapons/w1128/ptpov_w1128.rmdl,0,0,0,0,0,0,17,111,0,0
mdl/weapons/w1128/w_w1128.rmdl,0,0,0,0,0,0,15,14,0,0
mdl/weapons/w1128/ptpov_w1128_legendary_01.rmdl,0,0,0,0,0,0,17,110,0,0
mdl/weapons/w1128/w_w1128_legendary_01.rmdl,0,0,0,0,0,0,15,14,0,0
mdl/weapons/pstl_sa3/ptpov_pstl_sa3.rmdl,0,0,0,0,0,0,16,114,0,0
mdl/weapons/pstl_sa3/w_pstl_sa3.rmdl,789702,15655,19327,429234,9091,10408,15,18,4,15
mdl/weapons/bullets/projectile_20mm.rmdl,2140,100,77,2140,100,77,1,1,1,1
mdl/weapons/at_rifle/ptpov_at_rifle.rmdl,0,0,0,0,0,0,20,115,0,0
mdl/weapons/at_rifle/w_at_rifle.rmdl,0,0,0,0,0,0,18,17,0,0
mdl/weapons/r97/ptpov_r97.rmdl,0,0,0,0,0,0,18,111,0,0
mdl/weapons/r97/w_r97.rmdl,1058652,19446,26166,502620,10084,12281,16,13,4,16
mdl/weapons/r97/ptpov_r97_legendary_01.rmdl,0,0,0,0,0,0,18,110,0,0
mdl/weapons/r97/w_r97_legendary_01.rmdl,0,0,0,0,0,0,16,13,0,0
mdl/weapons/empty_handed/ptpov_mirage_holopilot.rmdl,0,0,0,0,0,0,1,88,0,0
mdl/weapons/empty_handed/w_empty_handed_mirage.rmdl,0,0,0,0,0,0,1,33,0,0
mdl/weapons/m1a1_hemlok/ptpov_hemlok.rmdl,0,0,0,0,0,0,16,107,0,0
mdl/weapons/m1a1_hemlok/w_hemlok.rmdl,0,0,0,0,0,0,15,12,0,0
mdl/weapons/m1a1_hemlok/ptpov_hemlok_legendary_01.rmdl,0,0,0,0,0,0,16,107,0,0
mdl/weapons/m1a1_hemlok/w_hemlok_legendary_01.rmdl,0,0,0,0,0,0,15,12,0,0
mdl/weapons/p2011_auto/ptpov_p2011_auto.rmdl,0,0,0,0,0,0,17,109,0,0
mdl/weapons/p2011_auto/w_p2011_auto.rmdl,753288,14722,18471,408852,8484,9943,16,13,4,16
mdl/weapons/grenades/w_thermite_grenade_projectile.rmdl,34964,1244,1375,18238,693,704,1,1,4,1
mdl/weapons/grenades/ptpov_thermite_grenade_held.rmdl,0,0,0,0,0,0,1,110,0,0
mdl/weapons/grenades/w_thermite_grenade.rmdl,45964,1244,1375,23870,693,704,1,4,4,1
mdl/props/lifeline_drone/lifeline_drone.rmdl,0,0,0,0,0,0,1,46,0,0
mdl/weapons/lifeline_drone/ptpov_lifeline_drone_held.rmdl,0,0,0,0,0,0,1,120,0,0
mdl/weapons/vinson/ptpov_vinson.rmdl,0,0,0,0,0,0,15,112,0,0
mdl/weapons/vinson/w_vinson.rmdl,876168,16956,21512,468612,9654,11408,14,14,4,14
mdl/weapons/prowler_smg/ptpov_prowler_smg.rmdl,0,0,0,0,0,0,17,110,0,0
mdl/weapons/prowler_smg/w_prowler_smg.rmdl,0,0,0,0,0,0,17,13,0,0
mdl/weapons/empty_handed/ptpov_wraith_phasewalk.rmdl,0,0,0,0,0,0,1,100,0,0
mdl/weapons/empty_handed/ptpov_wraith_phasetunnel.rmdl,0,0,0,0,0,0,1,100,0,0
mdl/Weapons/pathfinder_zipline/w_pathfinder_zipline.rmdl,0,0,0,0,0,0,1,4,0,0
mdl/props/pathfinder_zipline/pathfinder_zipline.rmdl,0,0,0,0,0,0,1,23,0,0
mdl/weapons/pathfinder_zipline/ptpov_pathfinder_zipline_held.rmdl,0,0,0,0,0,0,1,110,0,0
mdl/weapons/empty_handed/ptpov_bloodhound_huntmode.rmdl,0,0,0,0,0,0,1,107,0,0
mdl/weapons/shield_battery/ptpov_shield_battery_held.rmdl,0,0,0,0,0,0,1,109,0,0
mdl/Weapons/shield_battery/w_shield_battery.rmdl,0,0,0,0,0,0,1,5,0,0
mdl/weapons/health_injector/ptpov_health_injector.rmdl,0,0,0,0,0,0,3,111,0,0
mdl/Weapons/health_injector/w_health_injector.rmdl,0,0,0,0,0,0,1,4,0,0
mdl/weapons/shield_battery/ptpov_shield_battery_small_held.rmdl,0,0,0,0,0,0,1,109,0,0
mdl/Weapons/shield_battery/w_shield_battery_small.rmdl,0,0,0,0,0,0,1,5,0,0
mdl/Weapons/bomb/ptpov_bomb.rmdl,0,0,0,0,0,0,1,110,0,0
mdl/Weapons/bomb/w_bomb.rmdl,0,0,0,0,0,0,1,15,0,0
mdl/weapons/ultimate_accelerant/ptpov_ultimate_accelerant_held.rmdl,0,0,0,0,0,0,1,109,0,0
mdl/Weapons/ultimate_accelerant/w_ultimate_accelerant.rmdl,0,0,0,0,0,0,1,4,0,0
mdl/weapons/g2/ptpov_g2a4.rmdl,0,0,0,0,0,0,20,115,0,0
mdl/weapons/g2/w_g2a4.rmdl,0,0,0,0,0,0,18,16,0,0
mdl/Weapons/grenades/w_bangalore_canister_gas_projectile.rmdl,0,0,0,0,0,0,1,4,0,0
mdl/Weapons/bangalore_rocketpod/ptpov_bangalore_rocketpod.rmdl,0,0,0,0,0,0,1,95,0,0
mdl/weapons/empty_handed/ptpov_downed_shield.rmdl,0,0,0,0,0,0,1,113,0,0
mdl/weapons/clacker_detonator/ptpov_proximity_detonator.rmdl,0,0,0,0,0,0,2,82,0,0
mdl/weapons/caustic_gas_tank/w_caustic_gas_tank.rmdl,0,0,0,0,0,0,1,8,0,0
mdl/weapons/caustic_gas_tank/ptpov_caustic_gas_tank_held.rmdl,0,0,0,0,0,0,1,93,0,0
mdl/weapons/beam_ar/ptpov_beam_ar.rmdl,0,0,0,0,0,0,16,109,0,0
mdl/weapons/beam_ar/w_beam_ar.rmdl,965304,17502,23897,547596,10362,13484,14,12,4,15
mdl/weapons/hemlock_br/ptpov_hemlock_br.rmdl,0,0,0,0,0,0,16,112,0,0
mdl/weapons/hemlock_br/w_hemlock_br.rmdl,0,0,0,0,0,0,14,13,0,0
mdl/weapons/p2011/ptpov_p2011.rmdl,0,0,0,0,0,0,18,109,0,0
mdl/weapons/p2011/w_p2011.rmdl,861516,16626,21160,436764,9080,10619,17,15,4,16
mdl/weapons/p2011/ptpov_p2011_legendary_01.rmdl,0,0,0,0,0,0,18,112,0,0
mdl/weapons/p2011/w_p2011_legendary_01.rmdl,0,0,0,0,0,0,17,16,0,0
mdl/weapons/p2011/ptpov_p2011_legendary_02.rmdl,0,0,0,0,0,0,18,112,0,0
mdl/weapons/p2011/w_p2011_legendary_02.rmdl,0,0,0,0,0,0,17,16,0,0
mdl/weapons/grenades/m20_f_grenade_projectile.rmdl,62142,2807,2265,34228,1478,1268,1,1,4,1
mdl/weapons/grenades/m20_f_grenade.rmdl,0,0,0,0,0,0,1,4,0,0
mdl/weapons/grenades/ptpov_frag_grenade.rmdl,0,0,0,0,0,0,1,79,0,0
mdl/weapons/grenades/ptpov_frag_grenade_held.rmdl,0,0,0,0,0,0,1,110,0,0
mdl/weapons/rspn101/ptpov_rspn101.rmdl,0,0,0,0,0,0,16,112,0,0
mdl/weapons/rspn101/w_rspn101.rmdl,888396,17326,21790,505824,10516,12298,14,18,4,14
mdl/weapons/defender/ptpov_defender.rmdl,0,0,0,0,0,0,21,135,0,0
mdl/weapons/defender/w_defender.rmdl,0,0,0,0,0,0,19,28,0,0
mdl/props/octane_jump_pad/octane_jump_pad.rmdl,0,0,0,0,0,0,1,17,0,0
mdl/weapons/octane_jump_pad/ptpov_octane_jump_pad_held.rmdl,0,0,0,0,0,0,1,113,0,0
mdl/Weapons/grenades/w_bangalore_canister_flare_projectile.rmdl,0,0,0,0,0,0,1,4,0,0
mdl/Weapons/grenades/ptpov_bangalore_canister_held.rmdl,0,0,0,0,0,0,1,109,0,0
mdl/Weapons/grenades/w_bangalore_canister.rmdl,0,0,0,0,0,0,1,4,0,0
mdl/weapons/grenades/w_gibraltar_beacon_projectile.rmdl,38460,1360,1515,23056,866,893,1,1,4,1
mdl/weapons/grenades/ptpov_gibraltar_beacon.rmdl,0,0,0,0,0,0,1,79,0,0
mdl/weapons/grenades/w_gibraltar_beacon.rmdl,0,0,0,0,0,0,1,4,0,0
mdl/weapons/shuriken/w_shuriken.rmdl,0,0,0,0,0,0,1,3,0,0
mdl/weapons/shuriken/ptpov_shuriken_held.rmdl,0,0,0,0,0,0,1,108,0,0
mdl/weapons/sentry_shield/sentry_shield_proj.rmdl,0,0,0,0,0,0,1,4,0,0
mdl/weapons/throwingknife/w_throwing_knife.rmdl,0,0,0,0,0,0,1,3,0,0
mdl/weapons/throwingknife/ptpov_throwing_knife.rmdl,0,0,0,0,0,0,1,108,0,0
mdl/weapons/combat_knife/w_combat_knife.rmdl,0,0,0,0,0,0,1,3,0,0
mdl/weapons/bolo_sword/ptpov_bolo_sword_ash.rmdl,0,0,0,0,0,0,1,76,0,0
mdl/weapons/bolo_sword/w_bolo_sword.rmdl,0,0,0,0,0,0,1,3,0,0
mdl/Weapons/empty_handed/ptpov_shadowhand.rmdl,0,0,0,0,0,0,1,99,0,0
mdl/weapons/hemlok_smg/ptpov_hemlok_smg.rmdl,0,0,0,0,0,0,17,112,0,0
mdl/weapons/hemlok_smg/w_hemlok_smg.rmdl,0,0,0,0,0,0,17,14,0,0
mdl/Weapons/holo_spray/w_holo_spray.rmdl,0,0,0,0,0,0,1,4,0,0
mdl/Weapons/holo_spray/ptpov_holo_spray.rmdl,0,0,0,0,0,0,1,101,0,0
mdl/weapons/3030repeater/ptpov_3030repeater.rmdl,0,0,0,0,0,0,19,95,0,0
mdl/weapons/3030repeater/w_3030repeater.rmdl,0,0,0,0,0,0,19,14,0,0
mdl/Weapons/vctblue/vctblue_ptpov.rmdl,0,0,0,0,0,0,1,78,0,0
mdl/Weapons/vctblue_w/vctblue_w.rmdl,0,0,0,0,0,0,1,3,0,0
mdl/Weapons/ptpov_repulsor_held/ptpov_repulsor_held.rmdl,0,0,0,0,0,0,1,83,0,0
mdl/weapons/empty_handed/ptpov_boxinghand.rmdl,0,0,0,0,0,0,1,99,0,0
mdl/Humans/pilots/w_blisk.rmdl,0,0,0,0,0,0,5,153,0,0
mdl/Humans/pilots/pov_blisk.rmdl,0,0,0,0,0,0,1,94,0,0
mdl/Humans/pilots/w_phantom.rmdl,0,0,0,0,0,0,1,92,0,0
mdl/Humans/pilots/ptpov_phantom.rmdl,0,0,0,0,0,0,1,94,0,0
mdl/Humans/pilots/w_amogino.rmdl,0,0,0,0,0,0,1,92,0,0
mdl/Humans/pilots/ptpov_amogino.rmdl,0,0,0,0,0,0,1,74,0,0
mdl/Humans/pilots/w_rhapsody.rmdl,0,0,0,0,0,0,1,92,0,0
mdl/Humans/pilots/ptpov_rhapsody.rmdl,0,0,0,0,0,0,1,94,0,0
mdl/Humans/pilots/w_ash_legacy.rmdl,0,0,0,0,0,0,3,150,0,0
mdl/Humans/pilots/pov_ash_legacy.rmdl,0,0,0,0,0,0,1,94,0,0
mdl/Humans/pilots/w_jackcooper.rmdl,0,0,0,0,0,0,2,153,0,0
mdl/Humans/pilots/ptpov_jackcooper.rmdl,0,0,0,0,0,0,1,96,0,0
mdl/Humans/pilots/pilot_medium_loba.rmdl,0,0,0,0,0,0,1,229,0,0
mdl/Humans/pilots/pov_pilot_medium_loba.rmdl,0,0,0,0,0,0,1,84,0,0
mdl/Weapons/lightsaber/w_lightsaber.rmdl,0,0,0,0,0,0,1,19,0,0
mdl/Weapons/lightsaber/ptpov_lightsaber.rmdl,0,0,0,0,0,0,1,118,0,0
mdl/Humans/pilots/ballistic_base_w.rmdl,0,0,0,0,0,0,1,228,0,0
mdl/Humans/pilots/ballistic_base_v.rmdl,0,0,0,0,0,0,1,76,0,0
mdl/flowstate_custom/w_marvin.rmdl,0,0,0,0,0,0,1,197,0,0
mdl/flowstate_custom/evac_tower_balloon.rmdl,0,0,0,0,0,0,1,3,0,0
mdl/flowstate_custom/evac_tower_weight.rmdl,0,0,0,0,0,0,1,3,0,0
mdl/flowstate_custom/w_pete_mri.rmdl,0,0,0,0,0,0,1,150,0,0
mdl/flowstate_custom/ptpov_pete_mri.rmdl,0,0,0,0,0,0,1,94,0,0
mdl/techart/mshop/characters/legends/catalyst/catalyst_base_w.rmdl,0,0,0,0,0,0,1,224,0,0
mdl/techart/mshop/characters/legends/catalyst/catalyst_base_v.rmdl,0,0,0,0,0,0,1,86,0,0
mdl/Humans/class/medium/pilot_medium_valkyrie.rmdl,0,0,0,0,0,0,3,206,0,0
mdl/Weapons/arms/pov_pilot_medium_valkyrie.rmdl,0,0,0,0,0,0,1,102,0,0
mdl/Humans/class/medium/pilot_medium_nova_01.rmdl,0,0,0,0,0,0,1,216,0,0
mdl/Weapons/arms/pov_pilot_medium_nova_base_01.rmdl,0,0,0,0,0,0,2,88,0,0
mdl/techart/mshop/characters/legends/ash/ash_base_v.rmdl,0,0,0,0,0,0,1,80,0,0
mdl/techart/mshop/characters/legends/ash/ash_base_w.rmdl,0,0,0,0,0,0,4,197,0,0
mdl/robots/spectre/imc_spectre.rmdl,0,0,0,0,0,0,8,75,0,0
mdl/robots/stalker/robot_stalker.rmdl,0,0,0,0,0,0,10,75,0,0
mdl/Humans/grunts/imc_grunt_lmg_corpse.rmdl,0,0,0,0,0,0,1,149,0,0
mdl/creatures/prowler/prowler_apex.rmdl,0,0,0,0,0,0,1,78,0,0
mdl/creatures/spider/spider.rmdl,0,0,0,0,0,0,1,60,0,0
mdl/fx/cloud_fill_01.rmdl,7748,260,221,7748,260,221,1,1,1,1
mdl/thunderdome/thunderdome_cage_frame_16x128_01.rmdl,3544,84,152,1704,44,72,1,1,3,2
mdl/thunderdome/thunderdome_cage_wall_256x352_01.rmdl,17936,376,784,10624,224,464,1,1,3,2
mdl/rocks/rock_white_chalk_modular_flat_02.rmdl,43716,1978,1327,22152,1060,658,1,1,5,1
mdl/thunderdome/thunderdome_cage_ceiling_256x128_05.rmdl,15922,337,695,8454,179,369,1,1,3,3
mdl/thunderdome/thunderdome_cage_ceiling_256x128_06.rmdl,4496,136,184,2952,92,120,1,1,2,2
mdl/thunderdome/thunderdome_cage_frame_128x32_01.rmdl,1864,44,80,1864,44,80,1,1,1,1
mdl/thunderdome/thunderdome_cage_frame_64x32_01.rmdl,1760,40,76,1760,40,76,1,1,1,1
mdl/canyonlands/fabric_canopy_02.rmdl,33342,1677,970,22200,1132,642,1,1,4,2
mdl/thunderdome/thunderdome_cage_ceiling_256x32_01.rmdl,840,20,36,840,20,36,1,1,1,2
mdl/flowstate_custom/ptpov_flowstate_sword.rmdl,0,0,0,0,0,0,1,118,0,0
mdl/flowstate_custom/w_flowstate_sword.rmdl,0,0,0,0,0,0,1,18,0,0
mdl/weapons/arms/human_pov_cockpit.rmdl,78,1,3,78,1,3,1,2,1,1
mdl/fx/fire_cylinder_sm1.rmdl,2184,100,66,2184,100,66,1,1,1,1
mdl/fx/r301_leg07_fire_horns.rmdl,43308,1978,1310,43308,1978,1310,1,1,1,2
mdl/fx/r301_leg07_fire_body.rmdl,23052,954,722,23052,954,722,1,1,1,1
mdl/fx/peacekeeper_legendary_ice_stock.rmdl,720,16,26,720,16,26,1,1,1,1
mdl/fx/peacekeeper_legendary_ice_lvl2_add.rmdl,286756,13226,10370,286756,13226,10370,1,1,1,1
mdl/fx/peacekeeper_legendary_ice_lvl2_add_b.rmdl,144214,6579,5237,144214,6579,5237,1,1,1,1
mdl/fx/peacekeeper_legendary_ice_lvl3_add.rmdl,221334,10139,8025,221334,10139,8025,1,1,1,1
mdl/fx/peacekeeper_legendary_ice_lvl3_add_b.rmdl,112172,5162,4060,112172,5162,4060,1,1,1,1
mdl/fx/ar_marker_ringwobble.rmdl,30720,1024,1024,30720,1024,1024,1,1,1,1
mdl/fx/energy_ring_core_fx.rmdl,14080,480,350,14080,480,350,1,1,1,1
mdl/props/holo_spray/holo_spray_base.rmdl,0,0,0,0,0,0,1,2,0,0
mdl/IMC_base/scaffold_tech_horz_rail_c.rmdl,8784,244,366,8784,244,366,1,1,1,1
mdl/fx/medic_shield_wall.rmdl,50860,1822,1158,50860,1822,1158,1,1,1,3
mdl/weapons/empty_handed/ptpov_gibraltar_shield.rmdl,0,0,0,0,0,0,1,113,0,0
mdl/fx/gibralter_gun_shield.rmdl,25854,901,639,25854,901,639,1,1,1,2
mdl/props/gibraltar_bubbleshield/gibraltar_bubbleshield.rmdl,0,0,0,0,0,0,1,35,0,0
mdl/props/caustic_gas_tank/caustic_gas_tank.rmdl,0,0,0,0,0,0,1,18,0,0
mdl/fx/down_shield_01.rmdl,56812,1950,1263,56812,1950,1263,1,1,1,3
mdl/weapons_r5/misc_bangalore_rockets/bangalore_rockets_projectile.rmdl,0,0,0,0,0,0,1,1,0,0
mdl/props/wattson_electric_fence/wattson_electric_fence.rmdl,0,0,0,0,0,0,1,10,0,0
mdl/weapons_r5/weapon_tesla_trap/mp_weapon_tesla_trap_ar_trigger_radius.rmdl,6720,96,192,6720,96,192,1,1,1,1
mdl/props/wattson_trophy_system/wattson_trophy_system.rmdl,0,0,0,0,0,0,1,28,0,0
mdl/gibs/human_gibs.rmdl,0,0,0,0,0,0,1,5,0,0
mdl/hud/grenade_indicator/grenade_indicator_arrow.rmdl,0,0,0,0,0,0,1,1,0,0
mdl/hud/grenade_indicator/grenade_indicator_frag.rmdl,0,0,0,0,0,0,1,4,0,0
mdl/hud/grenade_indicator/grenade_indicator_sonar.rmdl,0,0,0,0,0,0,1,2,0,0
mdl/hud/grenade_indicator/grenade_indicator_frag_sentry.rmdl,0,0,0,0,0,0,1,1,0,0
mdl/hud/grenade_indicator/grenade_indicator_bomb.rmdl,0,0,0,0,0,0,1,1,0,0
mdl/hud/grenade_indicator/bang_indicator.rmdl,5136,276,174,5136,276,174,1,1,1,1
mdl/hud/grenade_indicator/grenade_indicator_shuriken.rmdl,0,0,0,0,0,0,1,1,0,0
mdl/weapons/bullets/damage_arrow.rmdl,0,0,0,0,0,0,1,2,0,0
mdl/weapons/bullets/mgl_grenade.rmdl,8720,420,310,4944,264,168,1,1,4,1
mdl/Humans/class/medium/pilot_medium_empty.rmdl,0,0,0,0,0,0,1,33,0,0
mdl/empty/lights/empty_lights.rmdl,0,0,0,0,0,0,1,6,0,0
mdl/Humans/class/medium/pilot_medium_bangalore.rmdl,0,0,0,0,0,0,2,193,0,0
mdl/Weapons/arms/pov_pilot_medium_bangalore.rmdl,0,0,0,0,0,0,1,74,0,0
mdl/Humans/class/medium/pilot_medium_bangalore_legendary_01.rmdl,0,0,0,0,0,0,2,189,0,0
mdl/Weapons/arms/pov_pilot_medium_bangalore_legendary_01.rmdl,0,0,0,0,0,0,1,76,0,0
mdl/Humans/class/medium/pilot_medium_bangalore_legendary_02.rmdl,0,0,0,0,0,0,2,191,0,0
mdl/Weapons/arms/pov_pilot_medium_bangalore_legendary_02.rmdl,0,0,0,0,0,0,1,74,0,0
mdl/Humans/class/medium/pilot_medium_bangalore_legendary_02_mask.rmdl,0,0,0,0,0,0,2,184,0,0
mdl/Humans/class/medium/pilot_medium_bangalore_beast_hunter.rmdl,0,0,0,0,0,0,2,185,0,0
mdl/Weapons/arms/pov_pilot_medium_bangalore_beast_hunter.rmdl,0,0,0,0,0,0,1,80,0,0
mdl/Humans/class/medium/pilot_medium_bangalore_season_02_halloween_legendary_01.rmdl,0,0,0,0,0,0,2,181,0,0
mdl/Weapons/arms/pov_pilot_medium_bangalore_season2_halloween_legendary_01.rmdl,0,0,0,0,0,0,1,74,0,0
mdl/humans/class/medium/pilot_medium_bloodhound.rmdl,0,0,0,0,0,0,2,104,0,0
mdl/Weapons/arms/pov_pilot_medium_bloodhound.rmdl,0,0,0,0,0,0,1,94,0,0
mdl/Humans/class/medium/pilot_medium_bloodhound_legendary_01.rmdl,0,0,0,0,0,0,2,81,0,0
mdl/Weapons/arms/pov_pilot_medium_bloodhound_legendary_01.rmdl,0,0,0,0,0,0,1,88,0,0
mdl/Humans/class/medium/pilot_medium_bloodhound_legendary_02.rmdl,0,0,0,0,0,0,2,86,0,0
mdl/Weapons/arms/pov_pilot_medium_bloodhound_legendary_02.rmdl,0,0,0,0,0,0,1,87,0,0
mdl/Humans/class/medium/pilot_medium_bloodhound__season2_legendary_01.rmdl,0,0,0,0,0,0,2,81,0,0
mdl/Weapons/arms/pov_pilot_medium_bloodhound_season2_legendary_01.rmdl,0,0,0,0,0,0,1,75,0,0
mdl/Humans/class/medium/pilot_medium_bloodhound_marketing_box_legendary_01.rmdl,0,0,0,0,0,0,2,81,0,0
mdl/Weapons/arms/pov_pilot_medium_bloodhound_marketing_box_legendary_01.rmdl,0,0,0,0,0,0,1,89,0,0
mdl/Humans/class/medium/pilot_medium_bloodhound_season_03_halloween_legendary_01.rmdl,0,0,0,0,0,0,2,95,0,0
mdl/Weapons/arms/pov_pilot_medium_bloodhound_season_02_halloween_legendary_01.rmdl,0,0,0,0,0,0,1,79,0,0
mdl/humans/class/heavy/pilot_heavy_caustic.rmdl,0,0,0,0,0,0,2,197,0,0
mdl/Weapons/arms/pov_pilot_heavy_caustic.rmdl,0,0,0,0,0,0,1,77,0,0
mdl/weapons/grenades/w_caustic_grenade_projectile.rmdl,0,0,0,0,0,0,1,4,0,0
mdl/weapons/grenades/ptpov_caustic_grenade_held.rmdl,0,0,0,0,0,0,1,112,0,0
mdl/weapons/grenades/w_caustic_grenade.rmdl,0,0,0,0,0,0,1,4,0,0
mdl/Humans/class/heavy/pilot_heavy_caustic_legendary_01.rmdl,0,0,0,0,0,0,2,191,0,0
mdl/Weapons/arms/pov_pilot_heavy_caustic_legendary_01.rmdl,0,0,0,0,0,0,1,77,0,0
mdl/Humans/class/heavy/pilot_heavy_caustic_legendary_02.rmdl,0,0,0,0,0,0,2,179,0,0
mdl/Weapons/arms/pov_pilot_heavy_caustic_legendary_02.rmdl,0,0,0,0,0,0,1,77,0,0
mdl/Humans/class/heavy/pilot_heavy_caustic_season2_legendary_01.rmdl,0,0,0,0,0,0,2,137,0,0
mdl/Weapons/arms/pov_pilot_heavy_caustic_season2_legendary_01.rmdl,0,0,0,0,0,0,1,77,0,0
mdl/Humans/class/heavy/pilot_heavy_caustic_season2_halloween_legendary_01.rmdl,0,0,0,0,0,0,2,81,0,0
mdl/Weapons/arms/pov_pilot_heavy_caustic_season2_halloween_legendary_01.rmdl,0,0,0,0,0,0,1,72,0,0
mdl/humans/class/heavy/pilot_heavy_gibraltar.rmdl,0,0,0,0,0,0,2,192,0,0
mdl/weapons/arms/pov_pilot_heavy_gibraltar.rmdl,0,0,0,0,0,0,1,101,0,0
mdl/Humans/class/heavy/pilot_heavy_gibraltar_legendary_01.rmdl,0,0,0,0,0,0,2,189,0,0
mdl/Weapons/arms/pov_pilot_heavy_gibraltar_legendary_01.rmdl,0,0,0,0,0,0,1,95,0,0
mdl/Humans/class/heavy/pilot_heavy_gibraltar_legendary_02.rmdl,0,0,0,0,0,0,2,180,0,0
mdl/Weapons/arms/pov_pilot_heavy_gibraltar_legendary_02.rmdl,0,0,0,0,0,0,1,95,0,0
mdl/Humans/class/heavy/pilot_heavy_gibraltar_season2_legendary_01.rmdl,0,0,0,0,0,0,2,177,0,0
mdl/Weapons/arms/pov_pilot_heavy_gibraltar_season2_legendary_01.rmdl,0,0,0,0,0,0,1,89,0,0
mdl/Humans/class/heavy/pilot_heavy_gibraltar_season2_halloween_legendary_01.rmdl,0,0,0,0,0,0,2,179,0,0
mdl/Weapons/arms/pov_pilot_heavy_gibraltar_season2_halloween_legendary_01.rmdl,0,0,0,0,0,0,1,85,0,0
mdl/humans/class/light/pilot_light_support.rmdl,0,0,0,0,0,0,2,179,0,0
mdl/Weapons/arms/pov_pilot_light_support.rmdl,0,0,0,0,0,0,1,84,0,0
mdl/Humans/class/light/pilot_light_support_legendary_01.rmdl,0,0,0,0,0,0,2,179,0,0
mdl/Weapons/arms/pov_pilot_light_support_legendary_01.rmdl,0,0,0,0,0,0,1,78,0,0
mdl/Humans/class/light/pilot_light_support_legendary_02.rmdl,0,0,0,0,0,0,2,179,0,0
mdl/Weapons/arms/pov_pilot_light_support_legendary_02.rmdl,0,0,0,0,0,0,1,78,0,0
mdl/Humans/class/light/pilot_light_support_season2_legendary_01.rmdl,0,0,0,0,0,0,2,109,0,0
mdl/Weapons/arms/pov_pilot_light_support_season2_legendary_01.rmdl,0,0,0,0,0,0,1,92,0,0
mdl/Humans/class/light/pilot_light_support_marketing_box_legendary_01.rmdl,0,0,0,0,0,0,2,176,0,0
mdl/Weapons/arms/pov_pilot_light_support_marketing_box_legendary_01.rmdl,0,0,0,0,0,0,1,85,0,0
mdl/Humans/class/light/pilot_light_support_season3_legendary_01.rmdl,0,0,0,0,0,0,2,177,0,0
mdl/Weapons/arms/pov_pilot_light_support_season3_legendary_01.rmdl,0,0,0,0,0,0,1,84,0,0
mdl/humans/class/medium/pilot_medium_holo.rmdl,0,0,0,0,0,0,2,209,0,0
mdl/weapons/arms/pov_pilot_medium_holo.rmdl,0,0,0,0,0,0,1,74,0,0
mdl/weapons/empty_handed/ptpov_mirage_disguise.rmdl,0,0,0,0,0,0,1,88,0,0
mdl/Humans/class/medium/pilot_medium_holo_legendary_01.rmdl,0,0,0,0,0,0,2,196,0,0
mdl/Weapons/arms/pov_pilot_medium_holo_legendary_01.rmdl,0,0,0,0,0,0,1,76,0,0
mdl/Humans/class/medium/pilot_medium_holo_legendary_02.rmdl,0,0,0,0,0,0,2,194,0,0
mdl/Weapons/arms/pov_pilot_medium_holo_legendary_02.rmdl,0,0,0,0,0,0,1,76,0,0
mdl/Humans/class/medium/pilot_medium_holo_bf.rmdl,0,0,0,0,0,0,2,181,0,0
mdl/Weapons/arms/pov_pilot_medium_holo_bf.rmdl,0,0,0,0,0,0,1,76,0,0
mdl/Humans/class/medium/pilot_medium_holo_season_02_halloween_legendary_01.rmdl,0,0,0,0,0,0,2,193,0,0
mdl/Weapons/arms/pov_pilot_medium_holo_season_02_halloween_legendary_01.rmdl,0,0,0,0,0,0,1,72,0,0
mdl/Humans/class/medium/pilot_medium_stim.rmdl,0,0,0,0,0,0,2,95,0,0
mdl/weapons/arms/pov_pilot_medium_stim.rmdl,0,0,0,0,0,0,1,78,0,0
mdl/weapons/octane_epipen/ptpov_octane_epipen_held.rmdl,0,0,0,0,0,0,1,101,0,0
mdl/Humans/class/medium/pilot_medium_stim_legendary_01.rmdl,0,0,0,0,0,0,2,85,0,0
mdl/Weapons/arms/pov_pilot_medium_stim_legendary_01.rmdl,0,0,0,0,0,0,1,76,0,0
mdl/Humans/class/medium/pilot_medium_stim_legendary_01_v2.rmdl,0,0,0,0,0,0,2,85,0,0
mdl/Humans/class/medium/pilot_medium_stim_legendary_02.rmdl,0,0,0,0,0,0,2,91,0,0
mdl/Weapons/arms/pov_pilot_medium_stim_legendary_02.rmdl,0,0,0,0,0,0,1,82,0,0
mdl/Humans/class/medium/pilot_medium_stim_battle_forged.rmdl,0,0,0,0,0,0,2,94,0,0
mdl/Weapons/arms/pov_pilot_medium_stim_battle_forged.rmdl,0,0,0,0,0,0,1,78,0,0
mdl/Humans/class/medium/pilot_medium_stim_season_02_halloween_legendary_01.rmdl,0,0,0,0,0,0,2,73,0,0
mdl/Weapons/arms/pov_pilot_medium_stim_season_02_halloween_legendary_01.rmdl,0,0,0,0,0,0,1,76,0,0
mdl/humans/class/heavy/pilot_heavy_pathfinder.rmdl,0,0,0,0,0,0,4,99,0,0
mdl/weapons/arms/pov_pilot_heavy_pathfinder.rmdl,0,0,0,0,0,0,5,76,0,0
mdl/Humans/class/heavy/pilot_heavy_pathfinder_legendary_01.rmdl,0,0,0,0,0,0,4,101,0,0
mdl/Weapons/arms/pov_pilot_heavy_pathfinder_legendary_01.rmdl,0,0,0,0,0,0,5,82,0,0
mdl/Humans/class/heavy/pilot_heavy_pathfinder_legendary_02.rmdl,0,0,0,0,0,0,4,100,0,0
mdl/Weapons/arms/pov_pilot_heavy_pathfinder_legendary_02.rmdl,0,0,0,0,0,0,5,71,0,0
mdl/Humans/class/heavy/pilot_heavy_pathfinder_knight.rmdl,0,0,0,0,0,0,4,99,0,0
mdl/Weapons/arms/pov_pilot_heavy_pathfinder_knight.rmdl,0,0,0,0,0,0,5,70,0,0
mdl/Humans/class/heavy/pilot_heavy_pathfinder_ice.rmdl,0,0,0,0,0,0,4,99,0,0
mdl/Weapons/arms/pov_pilot_heavy_pathfinder_ice.rmdl,0,0,0,0,0,0,5,70,0,0
mdl/humans/class/light/pilot_light_wraith.rmdl,0,0,0,0,0,0,2,210,0,0
mdl/weapons/arms/pov_pilot_light_wraith.rmdl,0,0,0,0,0,0,1,88,0,0
mdl/humans/class/light/pilot_light_wraith_legendary_01.rmdl,0,0,0,0,0,0,2,194,0,0
mdl/Weapons/arms/pov_pilot_light_wraith_legendary_01.rmdl,0,0,0,0,0,0,1,82,0,0
mdl/Humans/class/light/pilot_light_wraith_legendary_02.rmdl,0,0,0,0,0,0,2,179,0,0
mdl/Weapons/arms/pov_pilot_light_wraith_legendary_02.rmdl,0,0,0,0,0,0,1,82,0,0
mdl/Humans/class/light/pilot_light_wraith_beast_hunter.rmdl,0,0,0,0,0,0,2,188,0,0
mdl/Weapons/arms/pov_pilot_light_wraith_beast_hunter.rmdl,0,0,0,0,0,0,1,77,0,0
mdl/Humans/class/light/pilot_light_wraith_season2_legendary_01.rmdl,0,0,0,0,0,0,2,183,0,0
mdl/Weapons/arms/pov_pilot_light_wraith_season2_legendary_01.rmdl,0,0,0,0,0,0,1,84,0,0
mdl/Humans/class/light/pilot_light_wraith_cyber_ninja.rmdl,0,0,0,0,0,0,3,219,0,0
mdl/Weapons/arms/pov_pilot_light_wraith_cyber_ninja.rmdl,0,0,0,0,0,0,1,84,0,0
mdl/Humans/class/light/pilot_light_wraith_season2_halloween_legendary_01.rmdl,0,0,0,0,0,0,2,198,0,0
mdl/Weapons/arms/pov_pilot_light_wraith_season2_halloween_legendary_01.rmdl,0,0,0,0,0,0,1,84,0,0
mdl/Humans/class/light/pilot_light_wattson.rmdl,0,0,0,0,0,0,3,203,0,0
mdl/Weapons/arms/pov_pilot_medium_generic.rmdl,0,0,0,0,0,0,1,93,0,0
mdl/weapons/wattson_electric_fence/ptpov_wattson_electric_fence.rmdl,0,0,0,0,0,0,1,83,0,0
mdl/weapons/wattson_trophy_system/w_wattson_trophy_system.rmdl,0,0,0,0,0,0,1,9,0,0
mdl/weapons/wattson_trophy_system/ptpov_wattson_trophy_system.rmdl,0,0,0,0,0,0,1,101,0,0
mdl/Weapons/arms/pov_pilot_light_wattson.rmdl,616400,23470,16985,616400,23470,16985,1,84,1,4
mdl/Humans/class/light/pilot_light_wattson_legendary_01.rmdl,0,0,0,0,0,0,3,182,0,0
mdl/Weapons/arms/pov_pilot_light_wattson_legendary_01.rmdl,0,0,0,0,0,0,1,82,0,0
mdl/Humans/class/light/pilot_light_wattson_legendary_02.rmdl,0,0,0,0,0,0,3,193,0,0
mdl/Weapons/arms/pov_pilot_light_wattson_legendary_02.rmdl,0,0,0,0,0,0,1,82,0,0
mdl/Humans/class/light/pilot_light_wattson_season2_legendary_01.rmdl,0,0,0,0,0,0,3,178,0,0
mdl/Weapons/arms/pov_pilot_light_wattson_season2_legendary_01.rmdl,0,0,0,0,0,0,1,84,0,0
mdl/Humans/class/medium/pilot_medium_crypto.rmdl,0,0,0,0,0,0,3,212,0,0
mdl/Weapons/arms/pov_pilot_medium_crypto.rmdl,0,0,0,0,0,0,1,99,0,0
mdl/weapons/crypto_drone/ptpov_crypto_drone_held.rmdl,0,0,0,0,0,0,2,114,0,0
mdl/weapons/crypto_puzzle_remote/ptpov_crypto_puzzle_remote.rmdl,0,0,0,0,0,0,1,117,0,0
mdl/Humans/class/medium/pilot_medium_crypto_legendary_01.rmdl,0,0,0,0,0,0,3,209,0,0
mdl/Weapons/arms/pov_pilot_medium_crypto_legendary_01.rmdl,0,0,0,0,0,0,1,99,0,0
mdl/Humans/class/medium/pilot_medium_crypto_legendary_02.rmdl,0,0,0,0,0,0,3,177,0,0
mdl/Weapons/arms/pov_pilot_medium_crypto_legendary_02.rmdl,0,0,0,0,0,0,1,99,0,0
mdl/Humans/class/medium/pilot_medium_crypto_season_02_halloween_legendary_01.rmdl,0,0,0,0,0,0,3,212,0,0
mdl/Weapons/arms/pov_pilot_medium_crypto_season_02_halloween_legendary_01.rmdl,0,0,0,0,0,0,1,99,0,0
mdl/Weapons/alternator_smg/w_alternator_smg_legendary_01.rmdl,0,0,0,0,0,0,15,13,0,0
mdl/Weapons/alternator_smg/ptpov_alternator_smg_legendary_01.rmdl,0,0,0,0,0,0,17,118,0,0
mdl/Weapons/alternator_smg/w_alternator_smg_legendary_02.rmdl,0,0,0,0,0,0,15,13,0,0
mdl/Weapons/alternator_smg/ptpov_alternator_smg_legendary_02.rmdl,0,0,0,0,0,0,17,118,0,0
mdl/Weapons/alternator_smg/w_alternator_smg_bf.rmdl,0,0,0,0,0,0,15,13,0,0
mdl/Weapons/alternator_smg/ptpov_alternator_smg_bf.rmdl,0,0,0,0,0,0,17,118,0,0
mdl/Weapons/alternator_smg/w_alternator_smg_halloween_2019.rmdl,0,0,0,0,0,0,15,13,0,0
mdl/Weapons/alternator_smg/ptpov_alternator_smg_halloween_2019.rmdl,0,0,0,0,0,0,17,117,0,0
mdl/Weapons/p2011_auto/w_p2011_auto_legendary_01.rmdl,0,0,0,0,0,0,15,13,0,0
mdl/Weapons/p2011_auto/ptpov_p2011_auto_legendary_01.rmdl,0,0,0,0,0,0,17,109,0,0
mdl/Weapons/p2011_auto/w_p2011_auto_legendary_02.rmdl,0,0,0,0,0,0,15,13,0,0
mdl/Weapons/p2011_auto/ptpov_p2011_auto_legendary_02.rmdl,0,0,0,0,0,0,17,108,0,0
mdl/Weapons/p2011_auto/w_p2011_auto_legendary_03.rmdl,0,0,0,0,0,0,15,13,0,0
mdl/Weapons/p2011_auto/ptpov_p2011_auto_legendary_03.rmdl,0,0,0,0,0,0,17,108,0,0
mdl/Weapons/p2011_auto/w_p2011_auto_bf.rmdl,0,0,0,0,0,0,15,13,0,0
mdl/Weapons/p2011_auto/ptpov_p2011_auto_bf.rmdl,0,0,0,0,0,0,17,108,0,0
mdl/Weapons/hemlock_br/w_hemlock_br_legendary_01.rmdl,0,0,0,0,0,0,14,13,0,0
mdl/Weapons/hemlock_br/ptpov_hemlock_br_legendary_01.rmdl,0,0,0,0,0,0,16,112,0,0
mdl/Weapons/hemlock_br/w_hemlock_br_legendary_02.rmdl,0,0,0,0,0,0,14,13,0,0
mdl/Weapons/hemlock_br/ptpov_hemlock_br_legendary_02.rmdl,0,0,0,0,0,0,16,107,0,0
mdl/Weapons/hemlock_br/w_hemlock_br_holloween_2019.rmdl,0,0,0,0,0,0,14,13,0,0
mdl/Weapons/hemlock_br/ptpov_hemlock_br_holloween_2019.rmdl,0,0,0,0,0,0,16,107,0,0
mdl/Weapons/rspn101_dmr/w_rspn101_dmr_legendary_02.rmdl,0,0,0,0,0,0,19,16,0,0
mdl/Weapons/rspn101_dmr/ptpov_rspn101_dmr_legendary_02.rmdl,0,0,0,0,0,0,20,113,0,0
mdl/Weapons/rspn101_dmr/w_rspn101_dmr_legendary_05.rmdl,0,0,0,0,0,0,19,16,0,0
mdl/Weapons/rspn101_dmr/ptpov_rspn101_dmr_legendary_05.rmdl,0,0,0,0,0,0,20,114,0,0
mdl/Weapons/rspn101_dmr/w_rspn101_dmr_s03bp.rmdl,0,0,0,0,0,0,19,16,0,0
mdl/Weapons/rspn101_dmr/ptpov_rspn101_dmr_s03bp.rmdl,0,0,0,0,0,0,20,112,0,0
mdl/Weapons/w1128/w_w1128_legendary_02.rmdl,0,0,0,0,0,0,15,14,0,0
mdl/Weapons/w1128/ptpov_w1128_legendary_02.rmdl,0,0,0,0,0,0,17,111,0,0
mdl/Weapons/vinson/w_vinson_legendary_01.rmdl,0,0,0,0,0,0,14,14,0,0
mdl/Weapons/vinson/ptpov_vinson_legendary_01.rmdl,0,0,0,0,0,0,15,110,0,0
mdl/Weapons/vinson/w_vinson_legendary_02.rmdl,0,0,0,0,0,0,14,14,0,0
mdl/Weapons/vinson/ptpov_vinson_legendary_02.rmdl,0,0,0,0,0,0,15,112,0,0
mdl/Weapons/vinson/w_vinson_halloween_2019.rmdl,0,0,0,0,0,0,14,14,0,0
mdl/Weapons/vinson/ptpov_vinson_halloween_2019.rmdl,0,0,0,0,0,0,15,111,0,0
mdl/weapons/g2/w_g2a4_legendary_01.rmdl,0,0,0,0,0,0,18,16,0,0
mdl/weapons/g2/ptpov_g2a4_legendary_01.rmdl,0,0,0,0,0,0,20,113,0,0
mdl/weapons/g2/w_g2a4_legendary_02.rmdl,0,0,0,0,0,0,18,16,0,0
mdl/weapons/g2/ptpov_g2a4_legendary_02.rmdl,0,0,0,0,0,0,20,115,0,0
mdl/Weapons/g2/w_g2a4_bf.rmdl,0,0,0,0,0,0,18,16,0,0
mdl/Weapons/g2/ptpov_g2a4_bf.rmdl,0,0,0,0,0,0,20,115,0,0
mdl/Weapons/m1a1_hemlok/w_hemlok_legendary_03.rmdl,0,0,0,0,0,0,15,12,0,0
mdl/Weapons/m1a1_hemlok/ptpov_hemlok_legendary_03.rmdl,0,0,0,0,0,0,16,107,0,0
mdl/Weapons/m1a1_hemlok/w_hemlok_legendary_02.rmdl,0,0,0,0,0,0,15,12,0,0
mdl/Weapons/m1a1_hemlok/ptpov_hemlok_legendary_02.rmdl,0,0,0,0,0,0,16,107,0,0
mdl/Weapons/m1a1_hemlok/w_hemlok_legendary_06.rmdl,0,0,0,0,0,0,15,12,0,0
mdl/Weapons/m1a1_hemlok/ptpov_hemlok_legendary_06.rmdl,0,0,0,0,0,0,16,107,0,0
mdl/Weapons/at_rifle/w_at_rifle_legendary_01.rmdl,0,0,0,0,0,0,18,17,0,0
mdl/Weapons/at_rifle/ptpov_at_rifle_legendary_01.rmdl,0,0,0,0,0,0,20,116,0,0
mdl/Weapons/at_rifle/w_at_rifle_raygun.rmdl,0,0,0,0,0,0,18,17,0,0
mdl/Weapons/at_rifle/ptpov_at_rifle_raygun.rmdl,0,0,0,0,0,0,20,112,0,0
mdl/Weapons/mastiff_stgn/w_mastiff_legendary_01.rmdl,0,0,0,0,0,0,15,14,0,0
mdl/Weapons/mastiff_stgn/ptpov_mastiff_legendary_01.rmdl,0,0,0,0,0,0,18,117,0,0
mdl/Weapons/mastiff_stgn/w_mastiff_legendary_02.rmdl,0,0,0,0,0,0,15,14,0,0
mdl/Weapons/mastiff_stgn/ptpov_mastiff_legendary_02.rmdl,0,0,0,0,0,0,18,116,0,0
mdl/Weapons/pstl_sa3/w_pstl_sa3_legendary_01.rmdl,0,0,0,0,0,0,15,18,0,0
mdl/Weapons/pstl_sa3/ptpov_pstl_sa3_legendary_01.rmdl,0,0,0,0,0,0,16,113,0,0
mdl/Weapons/pstl_sa3/w_pstl_sa3_legendary_02.rmdl,0,0,0,0,0,0,15,18,0,0
mdl/Weapons/pstl_sa3/ptpov_pstl_sa3_legendary_02.rmdl,0,0,0,0,0,0,16,114,0,0
mdl/Weapons/pstl_sa3/w_pstl_sa3_legendary_05.rmdl,0,0,0,0,0,0,15,18,0,0
mdl/Weapons/pstl_sa3/ptpov_pstl_sa3_legendary_05.rmdl,0,0,0,0,0,0,16,112,0,0
mdl/Weapons/prowler_smg/w_prowler_smg_legendary_01.rmdl,0,0,0,0,0,0,17,13,0,0
mdl/Weapons/prowler_smg/ptpov_prowler_smg_legendary_01.rmdl,0,0,0,0,0,0,17,110,0,0
mdl/Weapons/prowler_smg/w_prowler_smg_legendary_02.rmdl,0,0,0,0,0,0,17,13,0,0
mdl/Weapons/prowler_smg/ptpov_prowler_smg_legendary_02.rmdl,0,0,0,0,0,0,17,110,0,0
mdl/Weapons/prowler_smg/w_prowler_smg_halloween.rmdl,0,0,0,0,0,0,17,13,0,0
mdl/Weapons/prowler_smg/ptpov_prowler_smg_halloween.rmdl,0,0,0,0,0,0,17,108,0,0
mdl/Weapons/peacekeeper/w_peacekeeper_legendary_01.rmdl,0,0,0,0,0,0,16,14,0,0
mdl/Weapons/peacekeeper/ptpov_peacekeeper_legendary_01.rmdl,0,0,0,0,0,0,17,110,0,0
mdl/Weapons/peacekeeper/w_peacekeeper_legendary_02.rmdl,0,0,0,0,0,0,16,14,0,0
mdl/Weapons/peacekeeper/ptpov_peacekeeper_legendary_02.rmdl,0,0,0,0,0,0,18,110,0,0
mdl/Weapons/peacekeeper/w_peacekeeper_bf.rmdl,0,0,0,0,0,0,16,14,0,0
mdl/Weapons/peacekeeper/ptpov_peacekeeper_bf.rmdl,0,0,0,0,0,0,17,110,0,0
mdl/Weapons/peacekeeper/w_peacekeeper_legendary_06.rmdl,0,0,0,0,0,0,18,14,0,0
mdl/Weapons/peacekeeper/ptpov_peacekeeper_legendary_06.rmdl,0,0,0,0,0,0,18,109,0,0
mdl/Weapons/r97/w_r97_legendary_02.rmdl,0,0,0,0,0,0,16,13,0,0
mdl/Weapons/r97/ptpov_r97_legendary_02.rmdl,0,0,0,0,0,0,18,109,0,0
mdl/Weapons/r97/w_r97_legendary_05.rmdl,0,0,0,0,0,0,16,13,0,0
mdl/Weapons/r97/ptpov_r97_legendary_05.rmdl,0,0,0,0,0,0,18,109,0,0
mdl/Weapons/r97/w_r99_legendary_06.rmdl,0,0,0,0,0,0,16,13,0,0
mdl/Weapons/r97/ptpov_r99_legendary_06.rmdl,0,0,0,0,0,0,18,116,0,0
mdl/Weapons/rspn101/w_rspn101_legendary_01.rmdl,0,0,0,0,0,0,14,18,0,0
mdl/Weapons/rspn101/ptpov_rspn101_legendary_01.rmdl,0,0,0,0,0,0,16,112,0,0
mdl/Weapons/rspn101/w_rspn101_legendary_02.rmdl,0,0,0,0,0,0,14,18,0,0
mdl/Weapons/rspn101/ptpov_rspn101_legendary_02.rmdl,0,0,0,0,0,0,16,112,0,0
mdl/Weapons/rspn101/w_rspn101_beast_hunter.rmdl,0,0,0,0,0,0,14,18,0,0
mdl/Weapons/rspn101/ptpov_rspn101_beast_hunter.rmdl,0,0,0,0,0,0,16,117,0,0
mdl/Weapons/rspn101/w_rspn101_legendary_07.rmdl,0,0,0,0,0,0,14,18,0,0
mdl/Weapons/rspn101/ptpov_rspn101_legendary_07.rmdl,0,0,0,0,0,0,16,112,0,0
mdl/Weapons/lmg_hemlok/w_lmg_hemlok_legendary_01.rmdl,0,0,0,0,0,0,15,13,0,0
mdl/Weapons/lmg_hemlok/ptpov_lmg_hemlok_legendary_01.rmdl,0,0,0,0,0,0,16,107,0,0
mdl/Weapons/lmg_hemlok/w_lmg_hemlok_legendary_02.rmdl,0,0,0,0,0,0,15,13,0,0
mdl/Weapons/lmg_hemlok/ptpov_lmg_hemlok_legendary_02.rmdl,0,0,0,0,0,0,16,107,0,0
mdl/Weapons/lmg_hemlok/w_lmg_hemlok_bh.rmdl,0,0,0,0,0,0,15,13,0,0
mdl/Weapons/lmg_hemlok/ptpov_lmg_hemlok_bh.rmdl,0,0,0,0,0,0,16,112,0,0
mdl/Weapons/lmg_hemlok/w_lmg_hemlok_legendary_06.rmdl,0,0,0,0,0,0,15,14,0,0
mdl/Weapons/lmg_hemlok/ptpov_lmg_hemlok_legendary_06.rmdl,0,0,0,0,0,0,16,107,0,0
mdl/Weapons/doubletake/w_doubletake_legendary_01.rmdl,0,0,0,0,0,0,18,18,0,0
mdl/Weapons/doubletake/ptpov_doubletake_legendary_01.rmdl,0,0,0,0,0,0,22,124,0,0
mdl/Weapons/doubletake/w_doubletake_legendary_02.rmdl,0,0,0,0,0,0,18,18,0,0
mdl/Weapons/doubletake/ptpov_doubletake_legendary_02.rmdl,0,0,0,0,0,0,22,113,0,0
mdl/Weapons/doubletake/w_doubletake_s1_beast_hunter.rmdl,0,0,0,0,0,0,18,18,0,0
mdl/Weapons/doubletake/ptpov_doubletake_s1_beast_hunter.rmdl,0,0,0,0,0,0,22,115,0,0
mdl/Weapons/doubletake/w_doubletake_halloween.rmdl,0,0,0,0,0,0,19,18,0,0
mdl/Weapons/doubletake/ptpov_doubletake_halloween.rmdl,0,0,0,0,0,0,22,112,0,0
mdl/Weapons/b3wing/w_b3wing_legendary_01.rmdl,0,0,0,0,0,0,15,17,0,0
mdl/Weapons/b3wing/ptpov_b3wing_legendary_01.rmdl,0,0,0,0,0,0,16,119,0,0
mdl/Weapons/b3wing/w_b3wing_legendary_02.rmdl,0,0,0,0,0,0,15,17,0,0
mdl/Weapons/b3wing/ptpov_b3wing_legendary_02.rmdl,0,0,0,0,0,0,16,117,0,0
mdl/Weapons/b3wing/w_b3wing_legendary_05.rmdl,0,0,0,0,0,0,15,17,0,0
mdl/Weapons/b3wing/ptpov_b3wing_legendary_05.rmdl,0,0,0,0,0,0,16,118,0,0
mdl/Weapons/b3wing/w_b3wing_halloween.rmdl,0,0,0,0,0,0,15,17,0,0
mdl/Weapons/b3wing/ptpov_b3wing_halloween.rmdl,0,0,0,0,0,0,16,118,0,0
mdl/Weapons/beam_ar/w_beam_ar_legendary_01.rmdl,0,0,0,0,0,0,14,12,0,0
mdl/Weapons/beam_ar/ptpov_beam_ar_legendary_01.rmdl,0,0,0,0,0,0,16,109,0,0
mdl/Weapons/beam_ar/w_beam_ar_legendary_02.rmdl,0,0,0,0,0,0,14,12,0,0
mdl/Weapons/beam_ar/ptpov_beam_ar_legendary_02.rmdl,0,0,0,0,0,0,16,109,0,0
mdl/Weapons/beam_ar/w_beam_ar_halloween.rmdl,0,0,0,0,0,0,14,12,0,0
mdl/Weapons/beam_ar/ptpov_beam_ar_halloween.rmdl,0,0,0,0,0,0,16,109,0,0
mdl/Weapons/lstar/w_lstar_legendary_01.rmdl,0,0,0,0,0,0,15,15,0,0
mdl/Weapons/lstar/ptpov_lstar_legendary_01.rmdl,0,0,0,0,0,0,16,125,0,0
mdl/Weapons/lstar/w_lstar_legendary_02.rmdl,0,0,0,0,0,0,15,15,0,0
mdl/Weapons/lstar/ptpov_lstar_legendary_02.rmdl,0,0,0,0,0,0,16,124,0,0
mdl/Weapons/defender/w_defender_legendary_01.rmdl,0,0,0,0,0,0,19,16,0,0
mdl/Weapons/defender/ptpov_defender_legendary_01.rmdl,0,0,0,0,0,0,21,135,0,0
mdl/Weapons/defender/w_defender_legendary_04.rmdl,0,0,0,0,0,0,17,17,0,0
mdl/Weapons/defender/ptpov_defender_legendary_04.rmdl,0,0,0,0,0,0,20,135,0,0
mdl/door/door_104x64x8_elevatorstyle01_right_animated.rmdl,0,0,0,0,0,0,1,3,0,0
mdl/door/canyonlands_door_single_02_damaged.rmdl,157470,5915,6099,78386,3121,2983,1,1,5,3
mdl/vehicle/goblin_dropship/goblin_dropship.rmdl,0,0,0,0,0,0,2,66,0,0
mdl/vehicles_r2/spacecraft/draconis/draconis_flying_small.rmdl,0,0,0,0,0,0,1,1,0,0
mdl/levels_terrain/mp_lobby/mp_setting_menu.rmdl,17988,828,465,17988,828,465,1,1,1,2
mdl/weapons/sentinel/ptpov_sentinel.rmdl,0,0,0,0,0,0,20,137,0,0
mdl/weapons/sentinel/w_sentinel.rmdl,0,0,0,0,0,0,19,17,0,0
mdl/weapons/rampart_turret/ptpov_rampart_turret_new.rmdl,0,0,0,0,0,0,2,162,0,0
mdl/weapons/rampart_turret/w_rampart_turret.rmdl,0,0,0,0,0,0,1,14,0,0
mdl/flowstate_custom/ptpov_lightninggun.rmdl,0,0,0,0,0,0,1,114,0,0
mdl/flowstate_custom/w_lightninggun.rmdl,0,0,0,0,0,0,1,15,0,0
mdl/weapons_r5/loot/_master/w_loot_wep_ammo_sc.rmdl,51876,1414,1356,35480,1028,916,1,1,3,1
mdl/weapons_r5/loot/_master/w_loot_wep_ammo_nrg.rmdl,35684,774,970,22972,522,620,1,1,3,1
mdl/weapons_r5/loot/_master/w_loot_wep_ammo_shg.rmdl,70592,1648,1897,48632,1172,1300,1,1,3,1
mdl/weapons_r5/loot/_master/w_loot_wep_ammo_hc.rmdl,37760,1076,1118,25632,772,750,1,1,3,1
mdl/weapons_r5/loot/w_loot_wep_iso_ultimate_accelerant.rmdl,44212,1522,1754,27904,1004,1094,1,1,3,1
mdl/weapons_r5/loot/_master/w_loot_cha_shield_upgrade_head_v1.rmdl,65728,2564,1798,50676,2006,1380,1,1,2,2
mdl/weapons_r5/loot/_master/w_loot_cha_shield_upgrade_body_v1.rmdl,94022,2921,2732,68900,2164,1997,1,1,2,2
mdl/weapons_r5/loot/_master/w_loot_cha_shield_upgrade_body_v1_lvl5.rmdl,94022,2921,2732,68900,2164,1997,1,1,2,2
mdl/weapons_r5/loot/_master/w_loot_cha_shield_upgrade_body_v1_lvl6.rmdl,94022,2921,2732,68900,2164,1997,1,1,2,2
mdl/weapons_r5/loot/_master/w_loot_cha_shield_upgrade_body_v1_lvl7.rmdl,94022,2921,2732,68900,2164,1997,1,1,2,2
mdl/weapons_r5/loot/w_loot_wep_iso_shield_down_v1.rmdl,71220,2030,2952,39096,1156,1608,1,1,4,1
mdl/humans_r5/loot/w_loot_char_backpack_light.rmdl,20108,858,748,12324,584,441,1,1,3,1
mdl/humans_r5/loot/w_loot_char_backpack_medium.rmdl,26768,1178,985,16320,750,591,1,1,3,1
mdl/humans_r5/loot/w_loot_char_backpack_heavy.rmdl,82862,3557,3076,51776,2396,1870,1,1,4,1
mdl/weapons/grenades/w_loot_m20_f_grenade_projectile.rmdl,58814,2419,2215,34228,1478,1268,1,1,4,1
mdl/weapons_r5/loot/w_loot_wep_iso_shuriken.rmdl,17828,598,712,12784,444,506,1,1,4,1
mdl/weapons_r5/loot/_master/w_loot_wep_mods_optic_cq_hcog_r1.rmdl,25906,547,808,18286,397,568,1,1,2,2
mdl/weapons_r5/loot/_master/w_loot_wep_mods_optic_cq_hcog_r2.rmdl,19250,385,605,14092,286,442,1,1,2,2
mdl/weapons_r5/loot/_master/w_loot_wep_mods_optic_cq_holo_var.rmdl,40120,802,1261,25954,541,811,1,1,2,2
mdl/weapons_r5/loot/_master/w_loot_wep_mods_optic_cq_holo_var_2x.rmdl,45728,934,1433,29778,637,927,1,1,2,2
mdl/weapons_r5/loot/_master/w_loot_wep_mods_optic_cq_threat.rmdl,27968,648,860,18584,442,569,1,1,2,2
mdl/weapons_r5/loot/_master/w_loot_wep_mods_optic_rng_hcog_acgs.rmdl,48368,1122,1487,30058,721,919,1,1,2,2
mdl/weapons_r5/loot/_master/w_loot_wep_mods_optic_rng_aog_var_r1.rmdl,46140,1054,1422,33494,785,1028,1,1,2,2
mdl/weapons_r5/loot/_master/w_loot_wep_mods_optic_sni_dcom.rmdl,75672,1776,2322,49704,1200,1518,1,1,2,2
mdl/weapons_r5/loot/_master/w_loot_wep_mods_optic_sni_var_talon.rmdl,50882,1135,1574,35354,801,1091,1,1,2,2
mdl/weapons_r5/loot/_master/w_loot_wep_mods_optic_sni_threat_wyeon.rmdl,94812,2502,2850,67406,1817,2018,1,1,2,3
mdl/weapons_r5/loot/_master/w_loot_wep_mods_suppr_v2b.rmdl,14204,384,425,9204,260,273,1,1,2,1
mdl/weapons_r5/loot/_master/w_loot_wep_mods_suppr_v1b.rmdl,14856,432,438,10640,308,314,1,1,2,1
mdl/weapons_r5/loot/_master/w_loot_wep_mods_lasersight_v1.rmdl,6864,284,258,6864,284,258,1,1,1,1
mdl/weapons_r5/loot/_master/w_loot_wep_mods_mag_v1b.rmdl,21144,486,651,12804,300,393,1,1,2,1
mdl/weapons_r5/loot/_master/w_loot_wep_mods_mag_v2b.rmdl,17608,466,529,10768,306,319,1,1,2,1
mdl/weapons_r5/loot/_master/w_loot_wep_mods_mag_energy_v1.rmdl,10492,274,316,7168,196,214,1,1,2,1
mdl/weapons_r5/loot/_master/w_loot_wep_mods_mag_sniper_v1.rmdl,18170,485,545,12790,363,379,1,1,2,1
mdl/weapons_r5/loot/_master/w_loot_wep_mods_mag_v3b.rmdl,44212,1176,1327,33976,926,1015,1,1,2,1
mdl/weapons_r5/loot/w_loot_wep_iso_stock_folded_regular.rmdl,44564,1764,1699,23656,1006,881,1,1,4,1
mdl/weapons_r5/loot/w_loot_wep_iso_stock_folded_sniper.rmdl,44036,1816,1657,23624,1024,874,1,1,4,1
mdl/weapons_r5/loot/_master/w_loot_wep_mods_chip.rmdl,22264,598,667,14626,417,433,1,1,2,1
mdl/weapons_r5/loot/_master/w_loot_msc_keycard_v1.rmdl,13400,348,404,6700,174,202,1,1,2,3
mdl/props/death_box/death_box_01.rmdl,114626,4091,4504,61288,2188,2408,1,1,4,1
mdl/props/death_box/death_box_02.rmdl,2728,88,110,2728,88,110,1,1,1,1
mdl/props/health_injector/health_injector.rmdl,0,0,0,0,0,0,1,6,0,0
mdl/props/global_access_panel_button/global_access_panel_button_console_w_stand.rmdl,302634,9303,10284,144834,4839,4825,1,1,3,5
mdl/barriers/shooting_range_target_02_stand.rmdl,27624,744,1158,14664,404,612,1,1,3,1
mdl/vehicle/droppod_loot/droppod_loot_animated.rmdl,0,0,0,0,0,0,1,77,0,0
mdl/Creatures/flyer/flyer_kingscanyon_animated.rmdl,2257780,97510,59740,815996,36142,21398,1,138,5,2
mdl/props/loot_drone/loot_drone.rmdl,0,0,0,0,0,0,1,3,0,0
mdl/levels_terrain/mp_lobby/mp_character_select_geo.rmdl,92,2,4,92,2,4,1,1,1,1
mdl/levels_terrain/mp_lobby/mp_character_select_smoke.rmdl,12864,512,306,12864,512,306,1,1,1,1
mdl/vehicles_r5/land/msc_suv_partum/veh_land_msc_suv_partum_static.rmdl,608372,21762,23890,296186,11621,11323,1,1,5,2
mdl/weapons/bullets/projectile_40mm.rmdl,2140,100,77,2140,100,77,1,1,1,1
mdl/props/loot_bin/loot_bin_01_animated.rmdl,1005186,29967,29478,447888,13776,13044,1,4,4,2
mdl/props/crypto_drone/crypto_drone.rmdl,0,0,0,0,0,0,1,14,0,0
mdl/robotics_r2/turret_plasma/plasma_turret_pc_1.rmdl,63380,2980,2275,63380,2980,2275,1,1,1,1
mdl/robotics_r2/turret_plasma/plasma_turret_pc_2.rmdl,15536,726,559,15536,726,559,1,1,1,1
mdl/robotics_r2/turret_plasma/plasma_turret_pc_3.rmdl,51336,2416,1842,51336,2416,1842,1,1,1,1
mdl/fx/ar_survival_cylinder.rmdl,50640,2400,1510,50640,2400,1510,1,1,1,2
mdl/fx/ar_radiusmarker.rmdl,37848,1540,894,37848,1540,894,1,1,1,1
mdl/props/global_access_panel_button/global_access_panel_button_wall.rmdl,42402,943,1531,33498,731,1213,1,1,3,3
mdl/fx/xo_shield_wall.rmdl,15984,296,592,15984,296,592,1,1,1,1
mdl/fx/turret_shield_wall.rmdl,26784,496,992,26784,496,992,1,1,1,1
mdl/test/roger_test/grapple_swtich_lever_dev.rmdl,0,0,0,0,0,0,1,1,0,0
mdl/test/roger_test/grapple_swtich_large_lever_dev.rmdl,0,0,0,0,0,0,1,1,0,0
mdl/fx/bb_shield.rmdl,141884,6878,3592,141884,6878,3592,1,1,1,2
mdl/weapons/data_knife/v_data_knife.rmdl,0,0,0,0,0,0,1,4,0,0
mdl/vehicle/hovership/hovership_platform_mp.rmdl,6997478,140561,192316,3583734,76377,97671,1,19,5,19
mdl/vehicle/hovership/hovership_turret.rmdl,2508558,50813,68865,1357744,29224,36950,1,6,5,8
mdl/creatures/bird/bird.rmdl,0,0,0,0,0,0,1,102,0,0
mdl/Weapons/bullets/projectile_rocket_launcher_sram.rmdl,0,0,0,0,0,0,1,5,0,0
mdl/industrial/gun_rack_arm_down.rmdl,19550,655,781,19550,655,781,1,1,1,1
mdl/rocks/victory_platform.rmdl,392376,14102,12647,392376,14102,12647,1,1,1,4
mdl/door/canyonlands_door_single_02.rmdl,157390,5915,6095,78386,3121,2983,1,1,5,3
mdl/IMC_base/imc_fan_large_01_animated.rmdl,4960,178,139,4960,178,139,1,2,1,1
mdl/door/door_256x256x8_elevatorstyle02_animated.rmdl,672194,17201,20321,290412,7606,8742,1,3,4,2
mdl/Robots/mobile_hardpoint/mobile_hardpoint_static.rmdl,1170564,42854,45672,614152,23742,23585,1,1,5,2
mdl/beacon/beacon_construction_flag_animated.rmdl,3824,136,94,3824,136,94,1,33,1,1
mdl/beacon/beacon_construction_flag_large_animated.rmdl,3824,136,94,3824,136,94,1,33,1,1
mdl/props/pathfinder_beacon_radar/pathfinder_beacon_radar_animated.rmdl,463644,12510,13878,234540,6750,6930,1,18,4,1
mdl/eden/beacon_small_screen_02_off.rmdl,18572,442,796,18572,442,796,1,1,1,1
mdl/props/ultimate_accelerant_usb/ultimate_accelerant_usb_static.rmdl,50924,1854,1990,19052,762,724,1,1,4,1
mdl/props/grunt_ear/prop_grunt_ear_animated.rmdl,0,0,0,0,0,0,1,2,0,0
mdl/Weapons/p2011/p2011_static.rmdl,108204,3464,4371,45124,1474,1814,1,1,5,1
mdl/weapons_r2/longbow_dmr/longbow_dmr.rmdl,174340,4890,7250,98692,2932,4055,1,1,4,1
mdl/industrial/screwdriver_octane.rmdl,4528,208,164,4528,208,164,1,1,1,1
mdl/Weapons/drumstick/w_baton_lifeline.rmdl,0,0,0,0,0,0,1,5,0,0
mdl/props/lifeline_needle/lifeline_needle.rmdl,0,0,0,0,0,0,1,2,0,0
mdl/props/caustic_flask/caustic_flask.rmdl,11172,552,393,11172,552,393,1,1,1,1
mdl/Weapons/p2011/p2011_handgun_ab_01.rmdl,119132,3756,4825,119132,3756,4825,1,1,1,3
mdl/Weapons/p2011_auto/p2011_auto_static.rmdl,93968,2528,3940,31748,868,1327,1,1,5,1
mdl/Weapons/octane_epipen/w_octane_epipen.rmdl,0,0,0,0,0,0,1,5,0,0
mdl/Weapons/peacekeeper/w_peacekeeper_caustic.rmdl,0,0,0,0,0,0,16,17,0,0
mdl/props/skull/skull_gladcard.rmdl,145472,8772,4642,145472,8772,4642,1,1,1,1
mdl/props/octane_wrench/octane_wrench_menu_static.rmdl,23216,1256,784,23216,1256,784,1,1,1,1
mdl/weapons/maori_club/maori_club_glad_card.rmdl,132500,6030,4816,50940,2500,1797,1,1,4,1
mdl/Weapons/maori_club/w_maori_club.rmdl,0,0,0,0,0,0,1,1,0,0
mdl/Weapons/grenades/octane_frag_grenade.rmdl,0,0,0,0,0,0,1,24,0,0
mdl/weapons_r5/r301/r301.rmdl,229114,6169,9605,138412,4192,5663,1,1,4,2
mdl/Weapons/drumstick/w_drumstick.rmdl,0,0,0,0,0,0,1,2,0,0
mdl/props/wattson_electric_fence/wattson_electric_fence_fx.rmdl,0,0,0,0,0,0,1,11,0,0
mdl/props/wattson_trophy_system/wattson_trophy_system_gladcard.rmdl,0,0,0,0,0,0,1,28,0,0
mdl/props/death_box/death_box_01_gladcard.rmdl,61588,2188,2423,61588,2188,2423,1,1,1,1
mdl/props/ultimate_accelerant/ultimate_accelerant.rmdl,0,0,0,0,0,0,1,3,0,0
mdl/props/wattson_rock/wattson_rock.rmdl,0,0,0,0,0,0,1,3,0,0
mdl/Weapons/at_rifle/w_at_rifle_bloodhound.rmdl,0,0,0,0,0,0,19,17,0,0
mdl/weapons/wingman_elite/w_wingman_elite.rmdl,0,0,0,0,0,0,7,14,0,0
mdl/Weapons/crypto_puzzle_remote/ptpov_crypto_puzzle_remote_gladcards.rmdl,0,0,0,0,0,0,1,8,0,0
mdl/Weapons/crypto_puzzle_remote/ptpov_crypto_puzzle_remote_menu.rmdl,0,0,0,0,0,0,1,16,0,0
mdl/props/flask/prop_flask.rmdl,22708,918,860,22708,918,860,1,1,1,1
mdl/weapons/data_knife/data_knife.rmdl,0,0,0,0,0,0,1,2,0,0
mdl/props/shield_battery/shield_battery.rmdl,0,0,0,0,0,0,1,4,0,0
mdl/props/health_packs/health_pack_small.rmdl,0,0,0,0,0,0,1,2,0,0
mdl/props/health_packs/health_pack_large.rmdl,0,0,0,0,0,0,1,2,0,0
mdl/Weapons/kunai/w_kunai_wraith.rmdl,0,0,0,0,0,0,1,3,0,0
mdl/props/drumstick/drumstick.rmdl,0,0,0,0,0,0,1,3,0,0
mdl/Weapons/g2/v_g2a4_bangalore.rmdl,0,0,0,0,0,0,18,21,0,0
mdl/Weapons/bloodhound_axe/ptpov_bloodhound_axe.rmdl,0,0,0,0,0,0,1,93,0,0
mdl/humans/class/medium/pilot_medium_generic.rmdl,0,0,0,0,0,0,2,71,0,0
mdl/props/tablet/tablet_mini.rmdl,54384,2024,2112,22424,914,847,1,1,4,2
mdl/props/tree_green_forest_01_kingscanyon/tree_green_forest_01_kingscanyon.rmdl,0,0,0,0,0,0,1,15,0,0
mdl/Weapons/grenades/ptpov_frag_grenade_menu.rmdl,0,0,0,0,0,0,1,24,0,0
mdl/props/wattson_trophy_system/wattson_trophy_system_emote.rmdl,0,0,0,0,0,0,1,24,0,0
mdl/weapons/burn_card/w_burn_card.rmdl,0,0,0,0,0,0,1,4,0,0
mdl/props/kunai/kunai.rmdl,0,0,0,0,0,0,1,3,0,0
mdl/Weapons/drumstick/ptpov_baton_lifeline_gladcard.rmdl,0,0,0,0,0,0,1,142,0,0
mdl/robotics_r5/tick_loot/tick_loot_pcs_body_01.rmdl,36972,1212,1485,36972,1212,1485,1,1,1,1
mdl/robotics_r5/tick_loot/tick_loot_pcs_panel_01.rmdl,11776,456,452,11776,456,452,1,1,1,1
mdl/robotics_r5/tick_loot/tick_loot_pcs_leg_01.rmdl,24272,1032,904,24272,1032,904,1,1,1,1
mdl/fx/wat_rock_pc_1_glow.rmdl,28280,404,808,28280,404,808,1,1,1,1
mdl/weapons/shellejects/shelleject_pistol.rmdl,7088,268,274,4088,168,154,1,1,4,1
mdl/weapons/bullets/projectile_shotgun.rmdl,5652,272,201,2252,112,79,1,1,3,1
mdl/weapons/caber_shot/caber_shot_thrown.rmdl,0,0,0,0,0,0,1,4,0,0
mdl/weapons/shellejects/shelleject_large_rifle.rmdl,12104,524,448,6448,288,236,1,1,4,1
mdl/weapons/shellejects/shelleject_assault_rifle.rmdl,8980,380,335,4896,216,180,1,1,4,1
mdl/fx/peacekeeper_legendary_frost.rmdl,93456,4328,2812,93456,4328,2812,1,1,1,1
mdl/weapons/bullets/bullet_rifle.rmdl,6300,280,231,4600,220,164,1,1,2,1
mdl/fx/energy_proj_round.rmdl,7104,288,168,7104,288,168,1,1,1,1
mdl/weapons/shellejects/shelleject_shotshell.rmdl,7088,268,274,4088,168,154,1,1,4,1
mdl/weapons/bullets/projectile_rocket.rmdl,0,0,0,0,0,0,1,1,0,0
mdl/fx/fx_gadget_screen_bh.rmdl,3360,136,106,3360,136,106,1,1,1,1
mdl/fx/pilot_shield_wall.rmdl,25920,480,960,25920,480,960,1,1,1,1
mdl/fx/pilot_shield_wall_01.rmdl,34272,784,1232,34272,784,1232,1,1,1,2
mdl/fx/pilot_shield_wall_02.rmdl,41088,960,1472,41088,960,1472,1,1,1,2
mdl/fx/pilot_shield_wall_03.rmdl,79872,1856,2864,79872,1856,2864,1,1,1,2
mdl/fx/phase_gate_edge.rmdl,3016,76,80,3016,76,80,1,1,1,1
mdl/fx/xo_emp_field_inner_only.rmdl,12400,360,320,12400,360,320,1,1,1,1
mdl/fx/xo_emp_field_inner.rmdl,35920,1080,920,35920,1080,920,1,1,1,2
mdl/fx/wraith_holo_fx_01.rmdl,466036,26326,15404,466036,26326,15404,1,1,1,2
mdl/fx/ar_artillerypulse_scan.rmdl,876,18,24,876,18,24,1,1,1,1
mdl/fx/ar_artillerypulse.rmdl,9968,360,244,9968,360,244,1,1,1,1
mdl/fx/sonar_pulse_cone.rmdl,10920,560,315,10920,560,315,1,1,1,1
mdl/fx/phase_gate_edge_rnd.rmdl,3016,76,80,3016,76,80,1,1,1,1
mdl/fx/phase_tunnel_geo.rmdl,12552,640,363,12552,640,363,1,1,1,1
mdl/fx/core_energy.rmdl,13340,760,439,13340,760,439,1,1,1,1
mdl/fx/ar_holopulse.rmdl,37848,1540,894,37848,1540,894,1,1,1,1
mdl/fx/watt_fence_post.rmdl,1208,48,46,1208,48,46,1,1,1,1
mdl/fx/watt_fence_base.rmdl,7738,263,308,7738,263,308,1,1,1,1
mdl/fx/trophy_system_spin.rmdl,24228,750,822,24228,750,822,1,1,1,1
mdl/fx/vortex_shield_sm.rmdl,5856,224,141,5856,224,141,1,1,1,1
mdl/fx/trophy_system_imp.rmdl,11328,544,336,11328,544,336,1,1,1,1
mdl/fx/watt_trophy_des_body.rmdl,7852,262,314,7852,262,314,1,1,1,1
mdl/fx/watt_trophy_des_base.rmdl,162296,6266,6235,162296,6266,6235,1,1,1,1
mdl/fx/watt_trophy_des_panel_1.rmdl,760,20,32,760,20,32,1,1,1,1
mdl/fx/watt_trophy_des_panel_2.rmdl,1032,32,42,1032,32,42,1,1,1,1
mdl/fx/watt_trophy_des_coil.rmdl,7914,299,306,7914,299,306,1,1,1,1
mdl/fx/watt_coil_on_spin.rmdl,5100,234,154,5100,234,154,1,1,1,1
mdl/fx/watt_coil_on_menu.rmdl,5712,280,168,5712,280,168,1,1,1,1
mdl/humans/grunts/imc_grunt_lmg_helmet.rmdl,51796,2626,1802,51796,2626,1802,1,1,1,2
mdl/humans/imc_pilot/male_br/imc_pilot_male_br_helmet_dam1a.rmdl,8914,349,341,8914,349,341,1,1,1,1
mdl/humans/imc_pilot/male_br/imc_pilot_male_br_helmet_dam1b.rmdl,19820,770,760,19820,770,760,1,1,1,1
mdl/humans/imc_pilot/male_br/imc_pilot_male_br_helmet_dam1c.rmdl,18536,726,709,18536,726,709,1,1,1,1
mdl/humans/imc_pilot/male_br/imc_pilot_male_br_helmet_dam1d.rmdl,9170,375,346,9170,375,346,1,1,1,1
mdl/metal_scraps/scrap_metal04.rmdl,1512,52,60,1512,52,60,1,1,1,1
mdl/humans/pilots/pilot_light_ged_m_head_gib.rmdl,0,0,0,0,0,0,1,1,0,0
mdl/gibs/titan_gibs/at_gib8_l_thigh2.rmdl,896,36,34,896,36,34,1,1,1,1
mdl/vehicle/goblin_dropship/goblin_dropship_debris_01.rmdl,848,28,34,848,28,34,1,1,1,1
mdl/gibs/titan_gibs/og_gib_r_forarm_d.rmdl,3592,142,137,3592,142,137,1,1,1,1
mdl/weapons/shellejects/shelleject_20mm.rmdl,14460,600,543,7984,324,302,1,1,4,1
mdl/fx/ar_impact_pilot.rmdl,22488,980,519,22488,980,519,1,1,1,1
mdl/fx/sonar_pulse_wave.rmdl,33296,1400,778,33296,1400,778,1,1,1,1
mdl/fx/ar_sonar_pulse_ground.rmdl,1548,30,57,1548,30,57,1,1,1,1
mdl/fx/fx_mirage_holo_emitter.rmdl,1980,70,65,1980,70,65,1,1,1,1
mdl/fx/wat_rock_light_pc_1.rmdl,2448,108,90,2448,108,90,1,1,1,1
mdl/fx/crypto_visor.rmdl,139908,3446,3726,81108,1870,2184,1,1,3,4
mdl/weapons_r5/misc_crypto_drone/crypto_drone_holo.rmdl,71604,2894,2712,71604,2894,2712,1,1,1,1
mdl/fx/crypto_visor_boot_swipe.rmdl,888,36,28,888,36,28,1,1,1,1
mdl/fx/crypto_visor_boot_tri.rmdl,40320,576,1152,40320,576,1152,1,1,1,1
mdl/fx/crypto_visor_terrain.rmdl,6036,316,207,6036,316,207,1,1,1,1
mdl/fx/crypto_visor_ui_rotate.rmdl,6364,264,239,6364,264,239,1,1,1,1
mdl/fx/crypto_button_01.rmdl,1584,40,42,1584,40,42,1,1,1,1
mdl/fx/crypto_button_02.rmdl,1584,40,42,1584,40,42,1,1,1,1
mdl/fx/crypto_button_03.rmdl,1584,40,42,1584,40,42,1,1,1,1
mdl/weapons_r5/misc_crypto_drone/crypto_drone_exhaust_t.rmdl,6024,224,234,6024,224,234,1,1,1,1
mdl/weapons_r5/misc_crypto_drone/crypto_drone_exhaust_b.rmdl,6604,274,248,6604,274,248,1,1,1,1
mdl/weapons_r5/misc_crypto_drone/crypto_drone_exhaust_r.rmdl,6048,238,231,6048,238,231,1,1,1,1
mdl/weapons_r5/misc_crypto_drone/crypto_drone_exhaust_l.rmdl,6048,238,231,6048,238,231,1,1,1,1
mdl/weapons_r5/misc_crypto_drone/crypto_puzzle_led.rmdl,17660,362,484,17660,362,484,1,1,1,3
mdl/weapons_r5/misc_crypto_drone/crypto_logo_holo.rmdl,12140,430,478,12140,430,478,1,1,1,1
mdl/fx/energy_ar_ship_glow_01.rmdl,56652,1894,1887,56652,1894,1887,1,1,1,1
mdl/fx/energy_ar_ship_glow_02.rmdl,12150,477,387,12150,477,387,1,1,1,1
mdl/fx/energy_ar_ship_glow_01_3p.rmdl,17982,697,575,17982,697,575,1,1,1,1
mdl/door/canyonlands_door_vfx_bl.rmdl,10988,418,424,10988,418,424,1,1,1,1
mdl/door/canyonlands_door_vfx_br.rmdl,7772,322,292,7772,322,292,1,1,1,1
mdl/door/canyonlands_door_vfx_c.rmdl,38840,1480,1498,38840,1480,1498,1,1,1,1
mdl/door/canyonlands_door_vfx_uc.rmdl,12020,490,454,12020,490,454,1,1,1,1
mdl/door/canyonlands_door_vfx_ul.rmdl,4034,149,157,4034,149,157,1,1,1,1
mdl/door/canyonlands_door_vfx_ur.rmdl,3318,123,129,3318,123,129,1,1,1,1
mdl/s2s/s2s_bridge_glass_shard.rmdl,984,20,36,984,20,36,1,1,1,2
mdl/door/canyonlands_door_vfx_l.rmdl,9524,324,379,9524,324,379,1,1,1,1
mdl/vehicle/goblin_dropship/goblin_dropship_holo.rmdl,78218,1923,3334,78218,1923,3334,1,1,1,1
mdl/fx/ar_marker_arrow_down.rmdl,4464,200,136,4464,200,136,1,1,1,1
mdl/fx/ar_hazard_ring_1.rmdl,22608,840,549,22608,840,549,1,1,1,1
mdl/vehicle/droppod_loot/droppod_loot_ll_holo7.rmdl,3548,58,100,3548,58,100,1,1,1,1
mdl/vehicle/droppod_loot/droppod_loot_ll_holo6.rmdl,5774,141,154,5774,141,154,1,1,1,1
mdl/vehicle/droppod_loot/droppod_loot_ll_holo5.rmdl,6772,126,188,6772,126,188,1,1,1,1
mdl/vehicle/droppod_loot/droppod_loot_ll_holo4.rmdl,15424,288,428,15424,288,428,1,1,1,1
mdl/vehicle/droppod_loot/droppod_loot_ll_holo3.rmdl,7754,135,217,7754,135,217,1,1,1,1
mdl/vehicle/droppod_loot/droppod_loot_ll_holo2.rmdl,5974,105,167,5974,105,167,1,1,1,1
mdl/vehicle/droppod_loot/droppod_loot_ll_holo1.rmdl,4836,70,138,4836,70,138,1,1,1,1
mdl/props/crypto_drone/crypto_drone_destoyed_01.rmdl,11252,502,412,11252,502,412,1,1,1,2
mdl/props/crypto_drone/crypto_drone_destoyed_02.rmdl,65876,2696,2485,65876,2696,2485,1,1,1,1
mdl/props/crypto_drone/crypto_drone_destoyed_03.rmdl,35944,1564,1328,35944,1564,1328,1,1,1,3
mdl/props/crypto_drone/crypto_drone_destoyed_04.rmdl,17076,736,633,17076,736,633,1,1,1,1
mdl/weapons_r5/weapon_tesla_trap/mp_weapon_tesla_trap_ar_link_radius.rmdl,6720,96,192,6720,96,192,1,1,1,1
mdl/vehicle/droppod_loot/droppod_loot_afterburners.rmdl,4356,126,150,4356,126,150,1,1,1,1
mdl/fx/loot_drone_exhaust.rmdl,2820,100,111,2820,100,111,1,1,1,1
mdl/weapons_r5/loot/loot_drone_destruction_wing.rmdl,5376,176,216,5376,176,216,1,1,1,1
mdl/weapons_r5/loot/loot_drone_destruction_tail.rmdl,9704,404,364,9704,404,364,1,1,1,1
mdl/weapons_r5/loot/loot_drone_destruction_body.rmdl,13176,566,489,13176,566,489,1,1,1,1
mdl/rocks/rock_small_02.rmdl,5648,178,229,5648,178,229,1,1,1,1
mdl/fx/crypto_drone_shield.rmdl,4224,200,126,4224,200,126,1,1,1,1
mdl/fx/ar_holoplane.rmdl,140,2,4,140,2,4,1,1,1,1
mdl/fx/emp_flare_ring.rmdl,17424,696,552,17424,696,552,1,1,1,1
mdl/fx/crypto_boot_holo.rmdl,92,2,4,92,2,4,1,1,1,1
mdl/fx/ar_crypto_emp_radius.rmdl,28764,1210,672,28764,1210,672,1,1,1,1
mdl/robots/drone_air_attack/drone_attack_pc_4.rmdl,68300,2620,2629,68300,2620,2629,1,1,1,1
mdl/robots/drone_air_attack/drone_attack_pc_3.rmdl,110720,4330,4237,110720,4330,4237,1,1,1,1
mdl/fx/xo_shield_wall_01.rmdl,33600,720,1098,33600,720,1098,1,1,1,3
mdl/fx/xo_shield_wall_02.rmdl,46864,984,1536,46864,984,1536,1,1,1,3
mdl/fx/xo_shield_wall_03.rmdl,25872,552,846,25872,552,846,1,1,1,3
mdl/fx/turret_shield_wall_01.rmdl,72860,1542,2385,72860,1542,2385,1,1,1,3
mdl/fx/turret_shield_wall_02.rmdl,120012,2490,3940,120012,2490,3940,1,1,1,3
mdl/fx/turret_shield_wall_03.rmdl,102668,2178,3360,102668,2178,3360,1,1,1,3
mdl/fx/bb_shield_p1.rmdl,16968,864,491,16968,864,491,1,1,1,1
mdl/fx/bb_shield_p2.rmdl,13200,640,390,13200,640,390,1,1,1,1
mdl/fx/bb_shield_p3.rmdl,17856,896,520,17856,896,520,1,1,1,1
mdl/fx/bb_shield_p4.rmdl,10872,512,325,10872,512,325,1,1,1,1
mdl/fx/bb_shield_p5.rmdl,10872,512,325,10872,512,325,1,1,1,1
mdl/vehicle/hovership/hovership_afterburner_main.rmdl,1944,52,68,1944,52,68,1,1,1,1
mdl/fx/ar_survival_radius_1x1.rmdl,48376,2052,1442,48376,2052,1442,1,1,1,3
mdl/fx/ar_survival_radius_1x5.rmdl,48376,2052,1442,48376,2052,1442,1,1,1,3
mdl/fx/ring_dmg_geo.rmdl,10632,512,315,10632,512,315,1,1,1,1
mdl/fx/wraith_portal_edge_lg.rmdl,11608,420,284,11608,420,284,1,1,1,1
mdl/fx/wraith_portal_center_lg.rmdl,11608,420,284,11608,420,284,1,1,1,1
mdl/weapons_r5/misc_crypto_drone/crypto_puzzle_led_w.rmdl,16624,344,455,16344,340,447,1,1,2,3
mdl/fx/wat_rock_pc_1.rmdl,2448,108,90,2448,108,90,1,1,1,1
mdl/rubble/concrete_chunk_med_01_body.rmdl,17356,526,710,17356,526,710,1,1,1,1
mdl/backwater/rock_set_backwater_02.rmdl,2696,136,94,2696,136,94,1,1,1,1
mdl/rocks/fract_chunk_small_03.rmdl,13952,472,556,13952,472,556,1,1,1,1
mdl/gibs/wood_gib01_lg.rmdl,14448,264,536,14448,264,536,1,1,1,1
mdl/gibs/human_gibs/gib_small_01.rmdl,3752,172,136,1800,80,66,1,1,4,1
mdl/fx/ar_marker_big_arrow_down.rmdl,11400,360,385,11400,360,385,1,1,1,1
mdl/fx/shield_edge_charged_fx.rmdl,1416,56,45,1416,56,45,1,1,1,1
mdl/fx/frag_grenade_glow_fx.rmdl,8720,280,220,8720,280,220,1,1,1,1
mdl/fx/drone_frag_hex_glow_fx.rmdl,80268,3394,1872,80268,3394,1872,1,1,1,1
mdl/fx/shield_edge_fx.rmdl,1416,56,45,1416,56,45,1,1,1,1
mdl/vehicle/dropship/dropship_afterburner.rmdl,2040,52,72,2040,52,72,1,1,1,1
mdl/fx/lifeline_drone_eye_red.rmdl,3400,160,122,3400,160,122,1,1,1,1
mdl/colony/antenna_05_colony.rmdl,504126,15491,20559,190094,6129,7666,1,1,5,1
mdl/desertlands/industrial_cargo_container_small_02.rmdl,200966,5811,8305,100744,3204,4076,1,1,5,4
mdl/relic/relic_yellow_wire_256_03.rmdl,3216,176,108,3216,176,108,1,1,1,1
mdl/rise/rise_door_frame_01.rmdl,107176,5016,3854,57576,2816,2034,1,1,3,1
mdl/playback/playback_panel_window_frame_c.rmdl,12880,340,542,12880,340,542,1,1,1,1
mdl/relic/relic_yellow_wire_256_02.rmdl,4320,240,144,4320,240,144,1,1,1,1
mdl/electricalboxes/pipe_set_c.rmdl,22680,1200,774,16272,912,540,1,1,2,1
mdl/industrial/air_unit_badlands_02_tall.rmdl,18804,514,786,18804,514,786,1,1,1,1
mdl/garbage/trash_bin_single_wtrash.rmdl,100116,3556,3939,44870,1675,1741,1,1,3,4
mdl/garbage/trash_bin_single_wtrash_Blue.rmdl,88588,3138,3488,44870,1675,1741,1,1,3,4
mdl/playback/playback_panel_window_frame_a.rmdl,14984,364,640,11120,280,472,1,1,3,1
mdl/domestic/floor_rug_red_folds.rmdl,4424,204,160,4424,204,160,1,1,1,1
mdl/domestic/slums_fish_market_table_64x32_wood_01.rmdl,47952,1472,1956,32712,1012,1332,1,1,3,2
mdl/relic/relic_yellow_wire_256_01.rmdl,2940,160,99,2940,160,99,1,1,1,1
mdl/domestic/hanging_kitchen_rack.rmdl,12668,408,511,8076,296,315,1,1,2,1
mdl/angel_city/box_small_02.rmdl,5264,164,214,4712,152,190,1,1,2,1
mdl/domestic/ac_door_unit.rmdl,25304,964,976,12396,516,465,1,1,4,1
mdl/electricalboxes/pipe_set_b.rmdl,14012,732,481,10100,540,343,1,1,2,1
mdl/industrial/air_unit_badlands_02_short.rmdl,12300,320,519,12300,320,519,1,1,1,1
mdl/industrial/air_unit_badlands_01.rmdl,14896,356,638,14896,356,638,1,1,1,1
mdl/domestic/pa_system.rmdl,32712,1052,1320,17344,604,686,1,1,3,1
mdl/lamps/light_florescenet_modern_off.rmdl,38592,1082,1605,18060,570,732,1,1,3,1
mdl/domestic/foldup_chair.rmdl,13960,440,566,8248,268,332,1,1,3,1
mdl/firstgen/firstgen_pipe_64_darkcloth_01.rmdl,4824,164,192,2616,96,102,1,1,3,1
mdl/firstgen/firstgen_pipe_curve_darkcloth_01.rmdl,13840,660,494,8808,448,306,1,1,3,1
mdl/garbage/garbage_bag_plastic_b.rmdl,8392,332,320,4940,200,187,1,1,2,1
mdl/IMC_base/siren_wall_IMC_01.rmdl,8700,410,312,8700,410,312,1,1,1,1
mdl/IMC_base/ladder_modular_32_IMC.rmdl,14912,632,556,14912,632,556,1,1,1,1
mdl/containers/box_metal.rmdl,38928,1268,1566,21800,760,862,1,1,4,1
mdl/domestic/towels_wrinkled_03.rmdl,8576,316,334,3864,164,144,1,1,3,1
mdl/domestic/whiteboard_restaurant_01.rmdl,552,12,24,552,12,24,1,1,1,1
mdl/signs/sign_relic_warning_01.rmdl,1128,28,48,1128,28,48,1,1,1,1
mdl/IMC_base/garage_support_wall_IMC_02.rmdl,4726,171,185,4726,171,185,1,1,1,1
mdl/IMC_base/ladder_modular_16_IMC.rmdl,7912,332,296,7912,332,296,1,1,1,1
mdl/containers/slums_plastic_crate_blue_01.rmdl,34360,1120,1382,21344,724,850,1,1,2,1
mdl/containers/slums_plastic_crate_orange_01.rmdl,34360,1120,1382,21344,724,850,1,1,2,1
mdl/containers/slums_plastic_crate_blue_02.rmdl,25728,788,1050,13376,436,538,1,1,3,1
mdl/electricalboxes/pipe_set_h.rmdl,1340,60,49,988,48,35,1,1,2,1
mdl/industrial/hammer_metal_02.rmdl,6080,210,241,6080,210,241,1,1,1,1
mdl/imc_base/light_wall_imc_01.rmdl,5048,228,184,5048,228,184,1,1,1,1
mdl/containers/can_red_soda.rmdl,10484,354,418,4428,168,171,1,1,4,1
mdl/containers/can_red_horizontal.rmdl,11988,418,474,5156,196,199,1,1,4,1
mdl/colony/ventilation_duct_hatch_01b_black.rmdl,5760,172,197,5760,172,197,1,1,1,1
mdl/colony/ventilation_duct_hatch_02_black.rmdl,3096,100,104,3096,100,104,1,1,1,1
mdl/colony/ventilation_unit_01b_black.rmdl,59844,1798,2044,38448,1216,1298,1,1,3,2
mdl/pipes/pipe_modular_painted_red_256.rmdl,25296,824,848,12168,420,402,1,1,4,1
mdl/pipes/pipe_modular_painted_red_32_tjunk.rmdl,104112,3324,3507,52140,1702,1747,1,1,4,1
mdl/pipes/pipe_modular_painted_red_32.rmdl,37512,1180,1268,22464,720,756,1,1,4,1
mdl/pipes/pipe_modular_painted_red_32_04.rmdl,22944,720,776,12480,400,420,1,1,4,1
mdl/pipes/pipe_modular_painted_grey_45_angle.rmdl,33168,1200,1082,21840,800,710,1,1,3,1
mdl/pipes/pipe_modular_painted_red_16.rmdl,39168,1232,1324,19632,632,660,1,1,4,1
mdl/beacon/construction_scaff_tarp_floor_01.rmdl,43630,2535,1421,21426,1281,687,1,1,4,1
mdl/sewers/sewer_wire_black_bend_r_thin_01.rmdl,18816,696,732,11228,428,433,1,1,3,2
mdl/sewers/sewer_wire_black_set_thin_04.rmdl,34512,1702,1215,21888,1128,756,1,1,3,1
mdl/sewers/sewer_wire_black_set_thick_02.rmdl,33360,1530,1209,20324,984,721,1,1,3,1
mdl/sewers/sewer_wire_black_set_thick_04.rmdl,50312,2472,1774,31772,1632,1099,1,1,3,1
mdl/sewers/sewer_wire_black_set_thick_01.rmdl,31744,1404,1166,18760,900,668,1,1,3,1
mdl/sewers/sewer_wire_black_set_thick_03.rmdl,32116,1446,1172,19596,936,699,1,1,3,1
mdl/sewers/sewer_wire_black_set_thin_01.rmdl,21952,992,800,13024,624,464,1,1,3,1
mdl/sewers/sewer_wire_black_set_thin_03.rmdl,21224,964,772,12984,624,462,1,1,3,1
mdl/sewers/sewer_wire_black_set_thin_02.rmdl,15504,644,582,8744,384,322,1,1,3,1
mdl/domestic/ac_unit_dirty_32x64_01_a.rmdl,22988,828,901,13088,488,508,1,1,3,1
mdl/domestic/ac_unit_dirty_32x64_fan_01.rmdl,6096,216,240,6096,216,240,1,1,1,1
mdl/thunderdome/thunderdome_cage_wall_512x352_02.rmdl,52618,1193,2273,29460,670,1272,1,1,3,2
mdl/thunderdome/thunderdome_cage_wall_512x352_01.rmdl,30736,696,1328,18336,416,792,1,1,3,2
mdl/thunderdome/thunderdome_cage_wall_256x352_02.rmdl,12198,263,531,6506,141,283,1,1,3,2
mdl/thunderdome/survival_modular_flexscreens_frame_01.rmdl,89624,2884,3616,42860,1490,1696,1,1,5,1
mdl/thunderdome/thunderdome_cage_ceiling_512x128_01.rmdl,22712,492,988,13352,292,580,1,1,3,2
mdl/thunderdome/thunderdome_cage_wall_256x256_01.rmdl,11644,274,500,6180,150,264,1,1,3,2
mdl/thunderdome/thunderdome_cage_ceiling_256x256_03.rmdl,30732,682,1332,19164,434,828,1,1,3,2
mdl/thunderdome/thunderdome_cage_ceiling_256x256_05.rmdl,14208,288,624,7472,152,328,1,1,3,1
mdl/thunderdome/thunderdome_cage_ceiling_256x256_02.rmdl,19592,412,856,11176,236,488,1,1,3,2
mdl/thunderdome/thunderdome_cage_wall_128x352_03.rmdl,9624,244,408,9624,244,408,1,1,1,2
mdl/thunderdome/thunderdome_cage_wall_128x352_04.rmdl,10808,228,472,6048,128,264,1,1,3,2
mdl/thunderdome/thunderdome_cage_wall_128x352_01.rmdl,21056,456,916,12040,260,524,1,1,3,2
mdl/thunderdome/thunderdome_cage_wall_128x352_02.rmdl,11912,252,520,6232,132,272,1,1,3,2
mdl/thunderdome/thunderdome_cage_ceiling_256x128_03.rmdl,16832,352,736,10256,216,448,1,1,3,2
mdl/thunderdome/thunderdome_cage_ceiling_256x128_02.rmdl,14208,288,624,7472,152,328,1,1,3,1
mdl/thunderdome/thunderdome_cage_ceiling_256x128_04.rmdl,15424,324,674,8744,184,382,1,1,3,2
mdl/thunderdome/thunderdome_cage_ceiling_256x64_02.rmdl,7472,152,328,7472,152,328,1,1,1,1
mdl/thunderdome/thunderdome_cage_ceiling_256x64_04.rmdl,8744,184,382,8744,184,382,1,1,1,2
mdl/thunderdome/thunderdome_cage_wall_256x128_02.rmdl,9800,220,424,5200,120,224,1,1,3,2
mdl/thunderdome/thunderdome_cage_wall_256x128_03.rmdl,7064,164,304,4488,108,192,1,1,3,2
mdl/pipes/slum_pipe_large_blue_64_01.rmdl,43944,1584,1722,26576,976,1036,1,1,3,1
mdl/thunderdome/thunderdome_cage_frame_256_01.rmdl,2784,64,120,1864,44,80,1,1,2,1
mdl/beacon/construction_scaff_128_64_64.rmdl,339376,9176,14216,184704,5144,7692,1,1,4,1
mdl/thunderdome/thunderdome_cage_frame_16x352_01.rmdl,3544,84,152,1704,44,72,1,1,3,2
mdl/thunderdome/thunderdome_cage_frame_128_01.rmdl,2784,64,120,1864,44,80,1,1,2,1
mdl/thunderdome/thunderdome_spike_traps_small_256_01.rmdl,6064,104,272,6064,104,272,1,1,1,2
mdl/floating_village/lagoon_window_metal_shutters_open_80x64.rmdl,55544,1324,2380,34408,828,1472,1,1,3,1
mdl/utilities/wire_ground_coils_02.rmdl,28676,1396,1015,20212,1032,701,1,1,3,1
mdl/beacon/beacon_server_wall_mount_01_off.rmdl,94236,2866,3852,56388,1958,2232,1,1,3,2
mdl/utilities/wire_ground_coils_03.rmdl,29056,1416,1028,20424,1044,708,1,1,3,1
mdl/pipes/pipe_small_64_01.rmdl,17680,700,674,10620,440,399,1,1,3,1
mdl/beacon/kodai_metal_beam_02_256.rmdl,5280,160,216,5280,160,216,1,1,1,1
mdl/mendoko/mendoko_sink_cabinet.rmdl,30972,1212,1185,23092,942,872,1,1,2,2
mdl/ola/sewer_railing_02_128.rmdl,86844,3434,3312,59076,2466,2214,1,1,3,1
mdl/thunderdome/thunderdome_cage_frame_16x32_01.rmdl,1760,40,76,1760,40,76,1,1,1,1
mdl/industrial/tool_chest.rmdl,113344,3844,4514,52944,1944,2064,1,1,3,1
mdl/sewers/sewer_wire_bracket_set_thick_01.rmdl,20736,576,864,13480,380,560,1,1,2,1
mdl/thunderdome/thunderdome_stands_girder_brace_01.rmdl,17656,556,716,17656,556,716,1,1,1,2
mdl/sewers/sewer_wire_bracket_set_thick_03.rmdl,9976,276,416,7224,204,300,1,1,2,1
mdl/sewers/sewer_wire_bracket_set_thin_03.rmdl,14376,436,588,11624,364,472,1,1,2,1
mdl/sewers/sewer_wire_bracket_set_thick_02.rmdl,18432,512,768,13400,380,556,1,1,2,1
mdl/sewers/sewer_wire_bracket_set_thin_01.rmdl,18576,536,768,13240,380,548,1,1,2,1
mdl/slum_city/slumcity_pipemetal_256_b.rmdl,17656,616,698,10120,360,398,1,1,3,1
mdl/slum_city/slumcity_pipemetal_256_a.rmdl,88832,3192,3484,41248,1488,1616,1,1,4,1
mdl/sewers/sewer_wire_bracket_set_thin_02.rmdl,10128,288,420,7184,204,298,1,1,2,1
mdl/props/tire_samson_v2_01/tire_samson_v2_01.rmdl,12532,502,476,6848,288,256,1,1,3,1
mdl/thunderdome/thunderdome_cage_frame_16x32_02.rmdl,3544,84,152,1704,44,72,1,1,3,2
mdl/slum_city/slumcity_pipeplastic_128_a.rmdl,18456,656,726,12320,440,484,1,1,2,1
mdl/signs/signage_plates_metal/sign_plate_a.rmdl,640,20,26,424,14,17,1,1,2,1
mdl/slum_city/slumcity_pipemetal_32_walljunc_a.rmdl,11412,472,429,6136,256,230,1,1,3,1
mdl/slum_city/slumcity_pipemetal_64_b.rmdl,65316,2166,2616,33656,1136,1342,1,1,4,1
mdl/slum_city/slumcity_pipemetal_64_c.rmdl,8328,288,330,4480,160,176,1,1,3,1
mdl/slum_city/slumcity_pipemetal_64_a.rmdl,27936,996,1098,17216,616,676,1,1,3,1
mdl/slum_city/slumcity_pipeplastic_16_90junc_a.rmdl,10924,444,413,6136,256,230,1,1,3,1
mdl/slum_city/slumcity_pipemetal_16_walljunc_a.rmdl,11136,456,420,6136,256,230,1,1,3,1
mdl/slum_city/slumcity_pipemetal_8_walljunc_a.rmdl,11136,456,420,6136,256,230,1,1,3,1
mdl/slum_city/slumcity_pipemetal_8_junc_a.rmdl,30108,1048,1191,15576,586,603,1,1,3,1
mdl/furniture/office_desk_accessories_mug.rmdl,16060,560,635,9820,350,386,1,1,3,1
mdl/IMC_base/conduit_cap_IMC_02.rmdl,1064,44,40,1064,44,40,1,1,1,1
mdl/pipes/pipe_small_128_01.rmdl,45840,1720,1776,27240,1040,1050,1,1,3,1
mdl/pipes/pipe_small_angle_01.rmdl,30380,1460,1081,17880,880,630,1,1,3,1
mdl/imc_interior/wrapped_pipe_256.rmdl,106698,5353,3729,66000,3270,2319,1,1,4,2
mdl/domestic/cigarettes_red.rmdl,552,12,24,552,12,24,1,1,1,1
mdl/foliage/leaves_ground_spread_01.rmdl,9390,209,339,4752,120,168,1,1,3,1
mdl/angel_city/ground_pile_trash_02.rmdl,1986,51,70,1986,51,70,1,1,1,1
mdl/slum_city/slumcity_industrial_scaffolding_128x128_tarp_c.rmdl,9462,417,290,6018,279,181,1,1,3,1
mdl/slum_city/slumcity_industrial_scaffolding_32x128_tarp_c.rmdl,3960,164,124,2484,110,76,1,1,3,1
mdl/angel_city/tarp_02.rmdl,23718,1089,716,10722,507,320,1,1,3,1
mdl/domestic/wood_crate.rmdl,11928,332,414,11928,332,414,1,1,1,1
mdl/industrial/light_pole_bforce_02.rmdl,147756,4716,5973,87772,3032,3479,1,1,4,1
mdl/colony/farmland_crate_md_80x64x72_01.rmdl,15244,644,569,9592,452,344,1,1,3,1
mdl/domestic/farmland_mattress_01.rmdl,35120,2030,1147,30332,1782,982,1,1,2,1
mdl/colony/farmland_ac_unit_64x16x80_01.rmdl,15688,508,632,10406,341,418,1,1,3,1
mdl/angel_city/vending_machine.rmdl,34380,1210,1356,23388,858,912,1,1,3,1
mdl/IMC_base/monitor_outpost207_imc_screen_01.rmdl,544,24,20,544,24,20,1,1,1,1
mdl/colony/antenna_03_colony.rmdl,562462,16437,23192,250616,7816,10186,1,1,3,2
mdl/IMC_base/generator_IMC_01.rmdl,259816,8646,10397,115154,4259,4480,1,1,5,1
mdl/desertlands/desertlands_plantroom_rack_01_no_lights.rmdl,62360,1520,2662,26804,674,1138,1,1,4,1
mdl/industrial/UTG_spire.rmdl,136124,4924,5329,71788,2848,2735,1,1,3,1
mdl/furniture/office_desk_shelved.rmdl,24396,546,1056,11160,260,480,1,1,3,1
mdl/IMC_base/imc_antenna_03.rmdl,10340,410,394,10340,410,394,1,1,1,1
mdl/signs/thumper_signs_03.rmdl,1128,28,48,1128,28,48,1,1,1,1
mdl/desertlands/desertlands_train_track_sign_01.rmdl,52460,1450,2188,27236,806,1120,1,1,3,2
mdl/foliage/ivy_green_large_hanging_02.rmdl,26408,938,1039,14478,583,549,1,1,3,1
mdl/foliage/plant_tropical_ground_leafy_01.rmdl,85602,3457,3243,43436,1896,1603,1,1,4,1
mdl/utilities/wire_bundle_01.rmdl,4922,187,190,4922,187,190,1,1,1,1
mdl/foliage/foliage_ground_plants.rmdl,5538,163,228,2882,87,118,1,1,3,1
mdl/containers/box_shrinkwrapped.rmdl,33252,722,1205,17550,397,632,1,1,3,2
mdl/barriers/guard_rail_01_256.rmdl,40616,1676,1528,19556,926,700,1,1,4,1
mdl/barriers/guard_rail_01_128.rmdl,38176,1616,1424,18496,896,656,1,1,4,1
mdl/foliage/tree_acacia_small_01.rmdl,26832,1000,868,15396,606,490,1,1,3,2
mdl/imc_interior/wrapped_pipe_128.rmdl,76542,3537,2766,46630,2085,1706,1,1,4,2
mdl/foliage/lilypad_clusters_05_flowing.rmdl,92,2,4,92,2,4,1,1,1,1
mdl/imc_interior/wrapped_pipe_bent.rmdl,54660,2260,2055,34982,1387,1333,1,1,4,2
mdl/imc_interior/ripped_pipe_64.rmdl,65884,2714,2480,41606,1691,1573,1,1,4,2
mdl/imc_interior/wrapped_pipe_64.rmdl,53152,2162,2009,34266,1341,1311,1,1,4,2
mdl/runoff/runoff_railing_64_yellow.rmdl,23724,804,945,13116,476,513,1,1,3,2
mdl/colony/farmland_fridge_01.rmdl,11786,471,448,7980,340,297,1,1,2,1
mdl/pipes/airduct_l_128.rmdl,2208,48,96,1656,36,72,1,1,2,1
mdl/pipes/airduct_l_80.rmdl,2208,48,96,1656,36,72,1,1,2,1
mdl/pipes/airduct_l_turn_long_side.rmdl,4976,136,208,3480,100,144,1,1,2,1
mdl/pipes/airduct_l_vent.rmdl,460,10,20,460,10,20,1,1,1,1
mdl/playback/playback_railing_01_064.rmdl,35260,1120,1427,20224,684,806,1,1,3,1
mdl/playback/playback_bridge_panel_128x064_01.rmdl,26484,854,890,26484,854,890,1,1,1,2
mdl/industrial/traffic_tube_01.rmdl,12762,457,501,9520,350,371,1,1,2,1
mdl/industrial/gas_generator.rmdl,34480,1320,1328,34480,1320,1328,1,1,1,1
mdl/electricalboxes/fusebox_rusty.rmdl,2184,44,96,2184,44,96,1,1,1,1
mdl/electricalboxes/fusebox_small_b.rmdl,2832,72,120,2280,60,96,1,1,3,1
mdl/lamps/halogen_light_ceiling_subtle.rmdl,19528,648,782,9048,348,348,1,1,3,2
mdl/runoff/runoff_railing_32_yellow.rmdl,21828,748,867,10756,416,413,1,1,3,2
mdl/thunderdome/thunderdome_screen_tower_01.rmdl,199552,6012,8174,82328,2588,3340,1,1,5,4
mdl/thunderdome/thunderdome_hanging_wire_rings_04.rmdl,44492,1902,1654,29848,1328,1094,1,1,3,2
mdl/cockpit/ship_console_control_large.rmdl,278292,9262,11136,278292,9262,11136,1,1,1,5
mdl/thunderdome/thunderdome_stands_awning_01.rmdl,17512,472,734,17512,472,734,1,1,1,3
mdl/thunderdome/thunderdome_gantry_pulley_02.rmdl,137310,4615,5481,96092,3442,3772,1,1,3,3
mdl/thunderdome/thunderdome_barrier_01.rmdl,75680,2140,3142,45144,1404,1836,1,1,3,3
mdl/thunderdome/thunderdome_cage_ceiling_512x128_04.rmdl,24556,526,1070,13592,292,592,1,1,3,3
mdl/thunderdome/thunderdome_cage_ceiling_256x256_06.rmdl,13264,324,566,7072,172,302,1,1,3,3
mdl/pipes/slum_pipe_large_blue_tjunc_01.rmdl,55860,2098,1803,34860,1374,1109,1,1,3,2
mdl/thunderdome/thunderdome_hanging_pilot_helmets_04.rmdl,10688,448,400,10688,448,400,1,1,1,2
mdl/levels_terrain/mp_rr_canyonlands/clands_roof_bars_01_fglass_blue.rmdl,22536,504,813,13476,326,480,1,1,3,2
mdl/sewers/sewer_wire_black_bend_l_thin_01.rmdl,18816,696,732,11228,428,433,1,1,3,2
mdl/sewers/sewer_wire_black_bend_l_thick_01.rmdl,28934,1149,1102,16728,698,627,1,1,3,2
mdl/sewers/sewer_wire_black_bend_r_thick_01.rmdl,28934,1149,1102,16728,698,627,1,1,3,2
mdl/thunderdome/thunderdome_hanging_pilot_helmets_06.rmdl,4080,120,168,4080,120,168,1,1,1,2
mdl/thunderdome/thunderdome_cage_frame_03.rmdl,10500,210,385,4968,104,181,1,1,3,2
mdl/slum_city/slumcity_fencewall_128x72_dirty.rmdl,10052,222,436,6464,144,280,1,1,3,2
mdl/beacon/beacon_server_wall_mount_01.rmdl,109284,3094,4536,71436,2186,2916,1,1,3,3
mdl/industrial/indoor_console_server.rmdl,37940,1510,1444,14600,600,550,1,1,3,3
mdl/thunderdome/thunderdome_cage_frame_01.rmdl,6528,144,236,4344,100,156,1,1,2,2
mdl/pipes/pipe_medium_16_01.rmdl,39344,1464,1528,22496,856,868,1,1,3,2
mdl/pipes/pipe_small_16_01.rmdl,47464,1764,1844,27896,1056,1078,1,1,3,2
mdl/menu/menu_cubemap_char_select.rmdl,52300,3120,1679,52300,3120,1679,1,1,1,1
mdl/beacon/beacon_fence_sign_01.rmdl,2504,64,106,2504,64,106,1,1,1,3
mdl/desertlands/desertland_big_drill_capsule_large_01.rmdl,192396,6742,6331,102120,3732,3322,1,1,3,7
mdl/thunderdome/thunderdome_gantry_01.rmdl,179520,4200,6434,100600,2516,3564,1,1,4,4
mdl/desertlands/desertlands_big_drill_frame_01.rmdl,99652,2596,3044,48440,1364,1452,1,1,4,4
mdl/garbage/trash_can_metal_02_b.rmdl,68052,1930,2353,39450,1251,1331,1,1,4,3
mdl/slum_city/slumcity_column01_40x128_dirty_a.rmdl,20484,406,752,12372,254,452,1,1,3,4
mdl/slum_city/slumcity_fencewall_64x72_dirty.rmdl,11664,264,504,6880,160,296,1,1,3,3
mdl/slum_city/slumcity_fencewall_32x72_dirty.rmdl,11664,264,504,6880,160,296,1,1,3,3
mdl/decals/puddle_floor_decal_flat_01.rmdl,92,2,4,92,2,4,1,1,1,1
mdl/military_base/militaryfort_wall_corner_decal_number_01.rmdl,184,4,8,184,4,8,1,1,1,1
mdl/military_base/militaryfort_wall_corner_decal_number_02.rmdl,184,4,8,184,4,8,1,1,1,1
mdl/beacon/beacon_big_screen_02.rmdl,158874,4327,5538,75720,2328,2573,1,1,3,7
mdl/beacon/beacon_server_stand_01.rmdl,323754,8409,13665,228744,5924,9660,1,1,3,5
mdl/vehicles_r5/land/msc_truck_samson_v2/veh_land_msc_truck_samson_v2.rmdl,605512,19802,24335,339650,11605,13501,1,1,5,3
mdl/industrial/lab_beaker_02.rmdl,5740,300,197,5740,300,197,1,1,1,1
mdl/levels_terrain/mp_rr_desertlands/desertlands_halogen_light_godray_blue_01.rmdl,11760,520,360,11760,520,360,1,1,1,2
mdl/levels_terrain/mp_rr_desertlands/desertlands_halogen_light_godray_orange_01.rmdl,5784,260,176,5784,260,176,1,1,1,2
mdl/fx/cloud_fill_02.rmdl,13440,600,410,13440,600,410,1,1,1,1
mdl/thunderdome/thunderdome_gantry_pulley_01.rmdl,137598,4623,5493,96092,3442,3772,1,1,3,3
mdl/foliage/grass_02_desert_large.rmdl,156312,4020,5508,95814,2613,3339,1,1,3,1
mdl/foliage/grass_desert_02.rmdl,11772,218,436,7560,140,280,1,1,4,1
mdl/eden/eden_electrical_bushing_01.rmdl,103846,3771,4061,57016,2186,2195,1,1,3,1
mdl/military_base/militaryfort_wall_concrete_02_b.rmdl,492,18,16,492,18,16,1,1,1,1
mdl/creatures/leviathan/leviathan_kingscanyon_preview_animated.rmdl,1207652,51414,28099,1207652,51414,28099,1,48,1,2
mdl/imc_base/imc_portable_int_floor_128x128_01.rmdl,644,14,28,644,14,28,1,1,1,2
mdl/military_base/militaryfort_wall_rooftop_01.rmdl,26880,672,952,26880,672,952,1,1,1,4
mdl/imc_base/imc_portable_ext_floorpanel_256x256_dark_01.rmdl,1656,36,72,1564,34,68,1,1,2,4
mdl/colony/farmland_wall_128x096x08_metal_01b.rmdl,1128,28,48,1128,28,48,1,1,1,2
mdl/containers/bullet_casings_01.rmdl,98612,3032,4021,62478,2123,2487,1,1,2,1
mdl/containers/bullet_casings_02.rmdl,66868,2088,2717,42092,1452,1669,1,1,2,1
mdl/containers/bullet_casings_03.rmdl,142412,4382,5806,89866,3051,3578,1,1,2,1
mdl/weapons/ammoboxes/ammobox_02.rmdl,17448,508,720,10316,306,424,1,1,3,1
mdl/weapons/ammoboxes/ammobox_bigclip.rmdl,35500,1070,1454,20268,638,822,1,1,3,1
mdl/weapons/ammoboxes/ammobox_bigbullet.rmdl,106000,3360,4292,66264,2154,2667,1,1,3,2
mdl/colony/farmland_house_tarp_side_02_beams.rmdl,25752,648,911,25752,648,911,1,1,1,1
mdl/colony/farmland_house_tarp_side_02.rmdl,84828,4298,2460,63444,3218,1839,1,1,3,1
mdl/floating_village/walkway_wood_01_256.rmdl,189828,4198,6860,144672,3284,5207,1,1,4,6
mdl/rocks/rock_white_chalk_mud_modular_cap_01.rmdl,271764,10550,8686,130476,5566,4045,1,1,5,1
mdl/levels_terrain/mp_rr_canyonlands/mil_base_south_runway_02.rmdl,147310,3045,4617,147310,3045,4617,1,1,1,16
mdl/levels_terrain/mp_rr_canyonlands/mil_base_south_runway_01.rmdl,135722,2859,4243,135722,2859,4243,1,1,1,15
mdl/colony/farmland_ceiling_128x064_01.rmdl,11198,423,433,6762,307,246,1,1,3,2
mdl/colony/farmland_ceiling_128x096_01.rmdl,13098,473,513,7546,331,278,1,1,3,2
mdl/colony/farmland_ceiling_128x128_01.rmdl,16102,547,641,9698,383,370,1,1,3,2
mdl/rocks/rock_white_chalk_modular_01_half_01.rmdl,68124,3002,2088,33252,1594,987,1,1,6,1
mdl/rocks/rock_white_chalk_modular_01_half_02.rmdl,85812,3870,2608,42780,2086,1261,1,1,6,1
mdl/levels_terrain/mp_rr_canyonlands/dog_whistle_tower_damaged_01.rmdl,1271264,34950,38207,655408,19756,19306,1,1,4,14
mdl/levels_terrain/mp_rr_canyonlands/section_11_terrain_round_a.rmdl,903012,23980,27529,508164,13994,15374,1,1,3,13
mdl/foliage/tree_swampland_canopy_01.rmdl,91710,2337,3237,88422,2253,3121,1,1,2,1
mdl/foliage/tree_swampland_exterior.rmdl,53300,1802,1648,30418,1191,922,1,1,3,2
mdl/foliage/tree_banyan_thin_swamp_light_01.rmdl,185892,5258,6431,121734,3349,4235,1,1,4,2
mdl/levels_terrain/mp_rr_canyonlands/canyonlands_terrain_section_12_water.rmdl,4716,184,129,4716,184,129,1,1,1,2
mdl/weapons/ammoboxes/ammobox_01.rmdl,51744,1504,2136,29984,894,1231,1,1,3,1
mdl/rocks/rock_white_chalk_modular_large_01.rmdl,1480332,50410,49078,701796,26978,22497,1,1,6,1
mdl/rocks/rock_white_chalk_modular_flat_03.rmdl,324840,14096,10011,181176,7972,5556,1,1,6,1
mdl/rocks/rock_white_chalk_modular_cap_02.rmdl,603198,20277,20064,318870,11545,10400,1,1,6,1
mdl/rocks/rock_white_chalk_modular_wallrun_03.rmdl,136188,5070,4407,66180,2678,2088,1,1,6,1
mdl/rocks/thunderdome_quarry_block_01_orange.rmdl,23884,834,944,14104,534,545,1,1,3,1
mdl/rocks/thunderdome_quarry_block_02_orange.rmdl,27212,882,1096,16744,574,665,1,1,3,1
mdl/domestic/corgi_doll.rmdl,16748,788,601,16748,788,601,1,1,1,1
mdl/slum_city/slumcity_industrial_scaffolding_64x128_tarp_d.rmdl,4398,193,135,3030,141,91,1,1,3,1
mdl/foliage/bush_desert_01.rmdl,68190,1889,2369,50592,1320,1778,1,1,4,1
mdl/foliage/grass_brown_long_03.rmdl,3024,56,112,1728,32,64,1,1,3,1
mdl/thunderdome/thunderdome_cut_rock_large_01.rmdl,750012,13734,27817,625338,9911,23578,1,1,4,1
mdl/pipes/pipe_modular_painted_yellow_45_angle.rmdl,37728,1360,1232,21840,800,710,1,1,4,1
mdl/canyonlands/fabric_canopy_pole_256_01.rmdl,948,26,33,696,20,24,1,1,2,1
mdl/colony/farmland_fence_rusted_02.rmdl,20472,624,697,15768,496,533,1,1,3,2
mdl/colony/farmland_fence_rusted_01.rmdl,18276,526,630,14076,410,484,1,1,3,2
mdl/thunderdome/thunderdome_cage_ceiling_512x128_03.rmdl,14208,288,624,7472,152,328,1,1,3,1
mdl/thunderdome/thunderdome_cage_frame_64x352_01.rmdl,24312,572,1044,12120,300,516,1,1,3,1
mdl/thunderdome/thunderdome_cage_ceiling_256x64_01.rmdl,840,20,36,840,20,36,1,1,1,2
mdl/thunderdome/thunderdome_stands_girder_32x512_01.rmdl,2024,44,88,2024,44,88,1,1,1,2
mdl/thunderdome/thunderdome_cage_frame_32x32_01.rmdl,1760,40,76,1760,40,76,1,1,1,1
mdl/industrial/landing_mat_metal.rmdl,191852,7182,7438,123964,4614,4814,1,1,4,1
mdl/thunderdome/thunderdome_cage_frame_02.rmdl,5584,144,236,3720,100,156,1,1,2,1
mdl/thunderdome/thunderdome_spike_traps_small_128_01.rmdl,3176,56,142,3176,56,142,1,1,1,2
mdl/thunderdome/thunderdome_hanging_wire_rings_02.rmdl,93176,2826,3811,63748,1968,2597,1,1,3,3
mdl/rocks/rock_white_chalk_modular_01.rmdl,110172,5426,3234,62460,3246,1791,1,1,6,1
mdl/levels_terrain/mp_rr_canyonlands/canyonlands_mall_bone_01.rmdl,52896,2196,1986,25004,1174,898,1,1,5,1
mdl/levels_terrain/mp_rr_canyonlands/canyonlands_mall_bone_02.rmdl,46100,1850,1750,21524,974,784,1,1,4,1
mdl/thunderdome/thunderdome_cage_wall_sand_256x128_03.rmdl,8280,164,304,5256,108,192,1,1,3,2
mdl/rocks/desert_rock_cluster_small_02.rmdl,127944,6094,4569,61388,3208,2107,1,1,4,1
mdl/rocks/desert_rock_cluster_small_03.rmdl,147372,6682,5364,85864,4424,2966,1,1,4,1
mdl/thunderdome/thunderdome_hanging_wire_rings_03.rmdl,106168,3358,4301,73436,2376,2959,1,1,3,3
mdl/thunderdome/thunderdome_hanging_wire_rings_01.rmdl,44492,1902,1654,29848,1328,1094,1,1,3,2
mdl/thunderdome/thunderdome_cage_ceiling_256x256_04.rmdl,22908,498,996,13524,294,588,1,1,3,3
mdl/thunderdome/thunderdome_cage_frame_04.rmdl,7440,152,272,5022,105,183,1,1,2,2
mdl/thunderdome/thunderdome_cage_floor_128x128_01.rmdl,2912,72,124,2216,56,94,1,1,2,3
mdl/thunderdome/thunderdome_cage_floor_32x64_01.rmdl,2216,56,94,2216,56,94,1,1,1,3
mdl/containers/lagoon_roof_tanks_01.rmdl,208842,5979,7207,118692,3614,4042,1,1,4,3
mdl/levels_terrain/mp_rr_canyonlands/clands_mu2_capacitor_tubes_01.rmdl,165540,7752,4251,165540,7752,4251,1,1,1,1
mdl/levels_terrain/mp_rr_canyonlands/clands_mu2_rig_cables_01.rmdl,126108,5856,3249,126108,5856,3249,1,1,1,1
mdl/levels_terrain/mp_rr_canyonlands/canyonland_terrain_section_02_pipe.rmdl,51444,2372,1329,51444,2372,1329,1,1,1,1
mdl/levels_terrain/mp_rr_canyonlands/hydroelectric_dam_facility_pipe_ramp_02.rmdl,52952,1256,1622,24904,632,754,1,1,3,1
mdl/levels_terrain/mp_rr_canyonlands/hydroelectric_dam_facility_pipe_ramp_04.rmdl,52952,1256,1622,24904,632,754,1,1,3,1
mdl/military_base/militaryfort_wall_corner_03.rmdl,4344,100,156,2184,60,76,1,1,3,1
mdl/levels_terrain/mp_rr_canyonlands/hydroelectric_dam_facility_pipe_ramp_01.rmdl,28608,776,998,13536,392,466,1,1,3,1
mdl/levels_terrain/mp_rr_canyonlands/hydroelectric_dam_facility_pipe_ramp_03.rmdl,28608,776,998,13536,392,466,1,1,3,1
mdl/pipes/pipe_large_bracket_02.rmdl,23760,664,824,12912,376,444,1,1,3,1
mdl/nexus/nex_pipe_set_b.rmdl,145218,4883,4830,87660,3238,2843,1,1,3,1
mdl/pipes/pipe_modular_painted_white_256.rmdl,25296,824,848,12168,420,402,1,1,4,1
mdl/nexus/nex_pipe_set_a.rmdl,42108,914,1526,23154,527,833,1,1,3,1
mdl/pipes/pipe_modular_painted_white_128.rmdl,36528,1128,1240,24096,768,812,1,1,3,1
mdl/furniture/kitchen_set02_black_old_counter1_1.rmdl,7800,196,276,7800,196,276,1,1,1,1
mdl/pipes/pipe_modular_painted_white_64.rmdl,17304,532,588,8640,272,292,1,1,4,1
mdl/pipes/pipe_modular_painted_white_32_valve.rmdl,93324,2878,3169,48840,1556,1646,1,1,4,1
mdl/pipes/pipe_modular_painted_white_32_tjunk.rmdl,104112,3324,3507,52140,1702,1747,1,1,4,1
mdl/pipes/pipe_modular_painted_white_corner.rmdl,45528,1780,1452,26304,1040,836,1,1,4,1
mdl/pipes/pipe_modular_painted_red_32_03.rmdl,56436,1790,1904,22464,720,756,1,1,4,1
mdl/pipes/pipe_modular_painted_red_32_02.rmdl,52140,1650,1760,22464,720,756,1,1,4,1
mdl/pipes/pipe_modular_painted_white_32.rmdl,37512,1180,1268,22464,720,756,1,1,4,1
mdl/pipes/pipe_modular_painted_white_32_04.rmdl,22944,720,776,12480,400,420,1,1,4,1
mdl/nexus/nex_pipe_set_corner.rmdl,40704,1568,1304,20352,784,652,1,1,2,1
mdl/pipes/pipe_modular_painted_red_45_angle.rmdl,37728,1360,1232,21840,800,710,1,1,4,1
mdl/pipes/pipe_modular_painted_white_16.rmdl,39168,1232,1324,19632,632,660,1,1,4,1
mdl/furniture/kitchen_set02_black_old_sink01.rmdl,20148,574,696,20148,574,696,1,1,1,2
mdl/floating_village/roof_primitive_03_with_hole_white.rmdl,49032,1008,1791,32760,696,1191,1,1,3,1
mdl/pipes/pipe_frac_ground_128_01.rmdl,41328,1260,1407,33024,1036,1117,1,1,3,1
mdl/utilities/wires_hanging_02.rmdl,32520,1508,978,32520,1508,978,1,1,1,1
mdl/floating_village/hut_panel_01.rmdl,7932,190,283,7932,190,283,1,1,1,1
mdl/industrial/stand_alone_air_vent_02.rmdl,42630,1189,1479,25824,752,888,1,1,2,1
mdl/canyonlands/octane_tt_junk_02.rmdl,1944,36,72,1944,36,72,1,1,1,1
mdl/domestic/hanging_rope_post.rmdl,76488,2940,2452,38112,1664,1172,1,1,3,1
mdl/colony/farmland_crate_plastic_01.rmdl,17532,674,562,14316,586,450,1,1,2,1
mdl/angel_city/metal_support_solid_beam_full.rmdl,864,16,32,864,16,32,1,1,1,1
mdl/angel_city/metal_support_I_beam_straight.rmdl,3312,72,120,2664,60,96,1,1,2,1
mdl/clutter/rope_knot_01.rmdl,13884,666,412,13884,666,412,1,1,1,1
mdl/angel_city/metal_support_solid_beam_half.rmdl,864,16,32,864,16,32,1,1,1,1
mdl/angel_city/metal_support_beam_bracket_01.rmdl,5328,128,190,5328,128,190,1,1,1,1
mdl/industrial/hanging_plant_mister_cap.rmdl,2904,76,102,2904,76,102,1,1,1,1
mdl/colony/farmland_house_tarp_side_01.rmdl,41832,2104,1217,30576,1560,884,1,1,3,2
mdl/utilities/swamp_cofferdam_single_endcap_01.rmdl,22260,934,694,16308,742,494,1,1,3,1
mdl/utilities/swamp_cofferdam_90_single_02.rmdl,45312,1884,1417,37536,1652,1151,1,1,3,2
mdl/foliage/moss_green_hanging_large_01.rmdl,16860,510,575,11976,372,406,1,1,3,1
mdl/foliage/moss_green_hanging_large_02.rmdl,5754,167,198,3480,104,119,1,1,3,1
mdl/foliage/moss_green_hanging_large_04.rmdl,2352,68,81,2352,68,81,1,1,1,1
mdl/foliage/leaves_ground_spread_03.rmdl,22692,510,818,11430,289,404,1,1,3,1
mdl/foliage/leaves_ground_spread_04.rmdl,40830,889,1479,20412,514,722,1,1,4,1
mdl/foliage/leaves_ground_spread_02.rmdl,17736,392,641,8790,221,311,1,1,3,1
mdl/foliage/plant_fern.rmdl,21024,664,710,10440,388,338,1,1,3,1
mdl/slum_city/slumcity_industrial_scaffolding_128x128_tarp_d.rmdl,15792,652,495,9960,416,311,1,1,3,1
mdl/slum_city/slumcity_industrial_scaffolding_32x128_tarp_b.rmdl,8916,334,288,4284,186,132,1,1,3,1
mdl/foliage/pine_needle_pile_05.rmdl,10692,302,370,7104,224,240,1,1,2,1
mdl/foliage/vines_decal_02.rmdl,528,16,18,528,16,18,1,1,1,1
mdl/foliage/vines_decal_03.rmdl,408,12,14,408,12,14,1,1,1,1
mdl/foliage/vines_decal_01.rmdl,198,5,7,198,5,7,1,1,1,1
mdl/nexus/hay_bale_01_round.rmdl,98976,3160,3334,50520,1748,1668,1,1,5,1
mdl/nexus/hay_bale_01_straps.rmdl,30096,864,1038,15312,464,522,1,1,4,1
mdl/foliage/ground_plant_large_moss_yellow_vert_color.rmdl,8616,220,304,5100,130,180,1,1,3,1
mdl/levels_terrain/mp_rr_canyonlands/military_bridge_pillar_01.rmdl,500496,11856,17890,252720,6352,8942,1,1,4,7
mdl/domestic/rugs_wrinkled_02.rmdl,10120,420,380,5560,260,200,1,1,3,1
mdl/rocks/rock_white_chalk_modular_wallrun_01.rmdl,1252896,39976,42210,527634,19163,17194,1,1,5,1
mdl/rocks/rock_white_chalk_modular_wallrun_02.rmdl,710640,23884,23639,344652,12610,11208,1,1,6,1
mdl/rocks/rock_white_chalk_modular_02.rmdl,115872,5696,3404,62460,3246,1791,1,1,6,1
mdl/rocks/rock_white_chalk_modular_cap_01.rmdl,298548,10714,9761,145836,5566,4685,1,1,6,1
mdl/rocks/rock_white_chalk_modular_flat_01.rmdl,99576,4880,2929,56988,2902,1649,1,1,5,1
mdl/rocks/rock_white_chalk_sand_modular_large_01.rmdl,1398408,50372,45674,671028,26978,21215,1,1,6,1
mdl/rocks/rock_white_chalk_sand_modular_02.rmdl,116076,5702,3411,62460,3246,1791,1,1,6,1
mdl/canyonlands/canyonlands_river_rock_03.rmdl,421644,15542,13683,250356,9642,8021,1,1,4,1
mdl/levels_terrain/sp_tday/tday_vtol_landing_pad_square_01.rmdl,58456,1476,2480,36888,948,1560,1,1,2,3
mdl/levels_terrain/mp_runoff/spherical_pressure_tank_base_LM.rmdl,28364,1024,1111,16608,608,648,1,1,3,3
mdl/lamps/light_parking_post_off.rmdl,135112,3862,5597,77612,2372,3169,1,1,4,1
mdl/crashsite/ship_wreckage_05.rmdl,98904,3004,4044,77120,2280,3172,1,1,2,1
mdl/levels_terrain/mp_rr_canyonlands/lagoon_interior_stair_rope_03.rmdl,56856,1296,2454,50232,1152,2166,1,1,2,1
mdl/levels_terrain/mp_runoff/spherical_pressure_tank_cap_LM.rmdl,73500,2620,2889,50620,1780,1997,1,1,3,3
mdl/levels_terrain/mp_runoff/spherical_pressure_tank_supports_LM.rmdl,44904,1084,1920,25524,634,1086,1,1,3,2
mdl/foliage/tree_swampland_branch_large_03.rmdl,32846,1601,1162,32846,1601,1162,1,1,1,1
mdl/levels_terrain/mp_rr_canyonlands/lagoon_interior_stair_post_02.rmdl,9888,228,426,9888,228,426,1,1,1,2
mdl/levels_terrain/mp_rr_canyonlands/lagoon_interior_stair_post_01.rmdl,10992,252,474,10992,252,474,1,1,1,2
mdl/levels_terrain/mp_rr_canyonlands/lagoon_interior_stair_rope_02.rmdl,34320,760,1488,28800,640,1248,1,1,2,1
mdl/levels_terrain/mp_rr_canyonlands/lagoon_interior_stair_post_03.rmdl,12120,280,522,12120,280,522,1,1,1,2
mdl/IMC_base/wraith_tt_holo_projector.rmdl,229652,8472,8941,123276,4926,4686,1,1,3,2
mdl/floating_village/lagoon_workshop_beam_arch_01.rmdl,34432,1232,1352,18712,692,728,1,1,4,1
mdl/imc_base/garage_blast_shield_IMC_01.rmdl,93948,3218,3732,66456,2416,2598,1,1,3,2
mdl/levels_terrain/mp_rr_canyonlands/lagoon_interior_stair_rope_01.rmdl,26352,592,1140,22672,512,980,1,1,2,1
mdl/angel_city/concrete_barrier_side_metal_02.rmdl,42096,1836,1554,42096,1836,1554,1,1,1,1
mdl/levels_terrain/mp_rr_canyonlands/military_bridge_catwalk_01.rmdl,23936,576,1024,16384,384,704,1,1,2,3
mdl/levels_terrain/mp_rr_canyonlands/lagoon_interior_stair_rope_04.rmdl,29040,640,1260,23152,512,1004,1,1,2,1
mdl/levels_terrain/mp_rr_canyonlands/military_bridge_catwalk_02.rmdl,8096,176,352,5152,112,224,1,1,2,2
mdl/industrial/water_silo_container.rmdl,134422,5097,5192,78176,3276,2926,1,1,4,1
mdl/levels_terrain/floating_village/supported_hut_06_skeleton_arch_01.rmdl,10356,246,444,10356,246,444,1,1,1,1
mdl/levels_terrain/floating_village/supported_hut_06_skeleton_arch_02.rmdl,10356,246,444,10356,246,444,1,1,1,1
mdl/IMC_base/beam_I_512_IMC_01.rmdl,992,32,40,992,32,40,1,1,1,1
mdl/industrial/modular_wall_metal_brace_03.rmdl,134024,3464,5662,78952,2132,3308,1,1,4,2
mdl/industrial/modular_wall_metal_brace_02.rmdl,78272,2152,3268,78272,2152,3268,1,1,1,2
mdl/floating_village/lagoon_building_hanging_nets_03.rmdl,41920,1260,1718,30944,704,1336,1,1,4,1
mdl/IMC_base/column_support_imc_01.rmdl,23364,754,942,23364,754,942,1,1,1,1
mdl/IMC_base/cargo_bomb_rack01.rmdl,22220,720,895,22220,720,895,1,1,1,1
mdl/industrial/pallete_crate_stack_straps.rmdl,157492,5912,6101,150036,5656,5805,1,1,2,2
mdl/colony/antenna_02_colony.rmdl,228790,6705,9428,101398,3123,4133,1,1,3,1
mdl/canyonlands/canyonlands_light_pole_wires_01.rmdl,35620,1830,1232,17876,996,595,1,1,3,1
mdl/floating_village/awning_cloth_01_blue.rmdl,8848,248,368,8848,248,368,1,1,1,2
mdl/floating_village/awning_cloth_01_green.rmdl,8848,248,368,8848,248,368,1,1,1,2
mdl/floating_village/panel_primitive_01.rmdl,24324,574,1044,14940,370,636,1,1,3,2
mdl/floating_village/panel_primitive_02.rmdl,26764,634,1148,18116,446,772,1,1,3,2
mdl/floating_village/panel_primitive_03.rmdl,13552,312,584,7480,180,320,1,1,3,2
mdl/IMC_base/scaffold_tech_frame_bottom_128.rmdl,20480,480,880,20480,480,880,1,1,1,1
mdl/nexus/nex_support_beams.rmdl,16920,420,720,16920,420,720,1,1,1,1
mdl/IMC_base/scaffold_tech_frame_top_128.rmdl,47792,1112,2056,29088,688,1248,1,1,4,1
mdl/industrial/tibilisi_support_cross_beams_round.rmdl,8104,284,320,5360,200,208,1,1,2,1
mdl/metal_sheets/sheet_metal_bent_02.rmdl,6168,228,240,3824,144,148,1,1,3,1
mdl/IMC_base/chain_link_tarp_IMC_01.rmdl,164494,4109,6992,90196,2316,3815,1,1,4,3
mdl/floating_village/lagoon_hut_floor_support_posts_04.rmdl,5832,272,210,3368,168,118,1,1,3,2
mdl/harmony_mines/cable_set_02.rmdl,51864,2114,1959,24564,1094,900,1,1,4,1
mdl/floating_village/lagoon_hut_floor_support_posts_03.rmdl,7092,312,261,4308,198,156,1,1,3,2
mdl/playback/playback_door_archway.rmdl,15272,372,652,15272,372,652,1,1,1,1
mdl/rubble/rubble_pile_flat_sparse.rmdl,108596,3296,4441,47812,1612,1907,1,1,3,1
mdl/floating_village/hut_window_01.rmdl,80312,2192,3358,80312,2192,3358,1,1,1,1
mdl/levels_terrain/floating_village/hut_window_01.rmdl,80312,2192,3358,80312,2192,3358,1,1,1,1
mdl/floating_village/lagoon_hut_floor_support_posts_01.rmdl,6044,264,223,3588,168,129,1,1,3,2
mdl/rocks/forest_rock_cluster_small_02.rmdl,101488,5148,3530,61388,3208,2107,1,1,2,1
mdl/playback/playback_corner_connect.rmdl,171796,4426,7262,85504,2304,3584,1,1,3,1
mdl/floating_village/lagoon_hut_floor_support_posts_02.rmdl,6044,264,223,3588,168,129,1,1,3,2
mdl/IMC_base/beam_I_256_IMC_01.rmdl,992,32,40,992,32,40,1,1,1,1
mdl/rubble/rebar_03.rmdl,10484,484,379,10484,484,379,1,1,1,1
mdl/utilities/power_cell_64_empty.rmdl,185104,5544,7592,91936,3056,3680,1,1,4,1
mdl/industrial/metal_girder_beams_128.rmdl,8548,238,356,8548,238,356,1,1,1,1
mdl/floating_village/hut_window_02.rmdl,65044,1834,2702,65044,1834,2702,1,1,1,1
mdl/utilities/wire_exposed_bundle_left_up_curve.rmdl,27360,1300,978,27360,1300,978,1,1,1,1
mdl/floating_village/lagoon_building_post_02.rmdl,9920,350,391,5200,190,203,1,1,4,1
mdl/floating_village/lagoon_building_hanging_nets_02.rmdl,14568,788,492,7356,416,243,1,1,4,1
mdl/angel_city/jersey_barrier_large_01.rmdl,7264,314,269,7264,314,269,1,1,1,1
mdl/nexus/roto_tiller_01.rmdl,158496,4186,6669,68112,1952,2820,1,1,5,1
mdl/floating_village/lagoon_building_stairs_quad_step.rmdl,12032,272,520,7616,176,328,1,1,3,1
mdl/harmony_mines/harmony_door_frame_a.rmdl,21168,440,772,21168,440,772,1,1,1,1
mdl/floating_village/hut_window_01_closed.rmdl,80312,2192,3358,80312,2192,3358,1,1,1,1
mdl/rise/rise_window_frame_03.rmdl,150432,5392,5904,80944,3104,3116,1,1,3,1
mdl/floating_village/lagoon_building_post_01.rmdl,9920,350,391,5200,190,203,1,1,4,1
mdl/furniture/kitchen_set04_table01.rmdl,9920,240,424,9920,240,424,1,1,1,1
mdl/harmony_mines/harmony_panel_window_frame_a.rmdl,18816,384,688,18816,384,688,1,1,1,1
mdl/playback/playback_door_frame_a.rmdl,15544,364,668,15544,364,668,1,1,1,1
mdl/IMC_base/beam_I_turn_90_01.rmdl,5760,240,216,5760,240,216,1,1,1,1
mdl/commercial/rack_spectre_portable_closed.rmdl,95832,3268,3176,95832,3268,3176,1,1,1,1
mdl/levels_terrain/mp_rr_canyonlands/wraith_tt_chair_base.rmdl,71312,2952,2680,39112,1732,1436,1,1,3,1
mdl/IMC_base/beam_base_clamp_IMC_01.rmdl,74240,2460,2974,43744,1724,1670,1,1,3,1
mdl/industrial/tibilisi_vertical_support_metal.rmdl,33432,892,1404,23104,624,968,1,1,2,1
mdl/IMC_base/beam_T_256_IMC_01.rmdl,3136,96,128,3136,96,128,1,1,1,1
mdl/colony/colony_pipe_set_06.rmdl,51108,1468,2115,51108,1468,2115,1,1,1,2
mdl/relic/relic_ship_beams_128.rmdl,31628,718,1366,20296,476,872,1,1,3,1
mdl/floating_village/walkway_wood_pole_01.rmdl,18076,896,635,13400,700,460,1,1,3,3
mdl/rubble/rubble_pile_flat.rmdl,94914,2479,4002,43580,1190,1822,1,1,3,2
mdl/garbage/trash_bin_single.rmdl,60740,2110,2404,27404,994,1072,1,1,3,1
mdl/garbage/trash_bin_single_Blue.rmdl,60740,2110,2404,27404,994,1072,1,1,3,1
mdl/utilities/power_cell_40.rmdl,154864,4414,6419,82248,2678,3309,1,1,4,1
mdl/mcor/mcor_corner_consoles_64.rmdl,61880,1660,2596,48104,1284,2020,1,1,2,1
mdl/IMC_base/beam_I_128_IMC_01.rmdl,992,32,40,992,32,40,1,1,1,1
mdl/colony/water_heater_red.rmdl,37414,1439,1439,18458,713,709,1,1,3,1
mdl/IMC_base/roof_corner_garage_IMC_02.rmdl,3312,72,144,3312,72,144,1,1,1,1
mdl/floating_village/lagoon_building_post_03.rmdl,6560,230,259,3456,126,135,1,1,4,1
mdl/industrial/indoor_console_b.rmdl,148030,4225,6134,62840,1880,2578,1,1,3,1
mdl/floating_village/wood_pole_09.rmdl,2592,112,96,2592,112,96,1,1,1,2
mdl/industrial/pallet_wood.rmdl,11960,260,520,8280,180,360,1,1,2,1
mdl/floating_village/lagoon_building_stairs_double_step.rmdl,7616,176,328,4672,112,200,1,1,3,1
mdl/IMC_base/cables_modular_med_IMC_01.rmdl,24360,1360,810,24360,1360,810,1,1,1,1
mdl/buildings/Vent_Roof_02.rmdl,10612,262,452,4556,126,190,1,1,3,1
mdl/colony/solar_water_heater01_40u.rmdl,105020,4110,4018,58736,2476,2194,1,1,4,1
mdl/IMC_base/cables_modular_med_IMC_03.rmdl,21600,1200,720,21600,1200,720,1,1,1,1
mdl/domestic/electric_box_city.rmdl,10320,290,429,10320,290,429,1,1,1,2
mdl/colony/colony_beam_support.rmdl,98592,2528,3476,39456,1056,1380,1,1,3,2
mdl/metal_sheets/sheet_metal_bent_03.rmdl,3256,116,128,1952,72,76,1,1,3,1
mdl/IMC_base/cables_modular_med_IMC_02.rmdl,21600,1200,720,21600,1200,720,1,1,1,1
mdl/IMC_base/corner_piston_IMC_02.rmdl,15748,698,578,15748,698,578,1,1,1,1
mdl/floating_village/pipes_metal_02.rmdl,20660,680,829,20660,680,829,1,1,1,1
mdl/floating_village/wood_pole_07.rmdl,2472,112,90,2472,112,90,1,1,1,2
mdl/nexus/nex_support_beam_corner.rmdl,1104,24,48,1104,24,48,1,1,1,1
mdl/IMC_base/scaffold_tech_adjustbeam_256.rmdl,16304,424,688,16304,424,688,1,1,1,1
mdl/IMC_base/ceiling_plugs_IMC_02.rmdl,55880,2590,2017,55880,2590,2017,1,1,1,3
mdl/floating_village/buoy_barrel_01.rmdl,11400,450,435,11400,450,435,1,1,1,1
mdl/IMC_base/scaffold_tech_brace_03.rmdl,7088,168,304,7088,168,304,1,1,1,1
mdl/floating_village/walkway_wood_plank_02.rmdl,1304,44,52,1304,44,52,1,1,1,1
mdl/buildings/vent_roof_03_tallflat.rmdl,30692,982,1240,13348,458,530,1,1,3,1
mdl/garbage/garbage_trash_can_plastic_01_w_lid.rmdl,27776,1156,1042,12704,544,472,1,1,3,1
mdl/relic/relic_ship_beams_64.rmdl,17324,394,748,11000,260,472,1,1,3,1
mdl/domestic/slums_fish_cutting_wood_table_01.rmdl,6656,176,280,6656,176,280,1,1,1,2
mdl/floating_village/walkway_wood_plank_01.rmdl,1576,56,62,1576,56,62,1,1,1,1
mdl/black_water_canal/mp_blk_water_canal_wire_64.rmdl,13920,660,498,13920,660,498,1,1,1,1
mdl/mcor/mcor_corner_consoles_32.rmdl,52540,1750,2102,37296,1336,1464,1,1,2,1
mdl/industrial/metal_floor_panels.rmdl,1176,36,48,1176,36,48,1,1,1,1
mdl/industrial/metal_floor_panels_03.rmdl,1176,36,48,1176,36,48,1,1,1,1
mdl/containers/box_large_plastic.rmdl,16968,468,708,9620,310,388,1,1,3,2
mdl/utilities/wire_exposed_bundle_hanging.rmdl,43022,2127,1513,27360,1300,978,1,1,2,1
mdl/floating_village/walkway_wood_plank_04.rmdl,2096,76,82,2096,76,82,1,1,1,1
mdl/IMC_base/beam_I_64_IMC_01.rmdl,1984,64,80,1984,64,80,1,1,1,1
mdl/utilities/power_cell_64_brace_01.rmdl,16472,532,664,10336,376,404,1,1,3,1
mdl/floating_village/lagoon_building_stairs_single_step.rmdl,4888,108,212,2680,60,116,1,1,3,1
mdl/containers/box_large_cardboard.rmdl,2120,60,88,1016,36,40,1,1,3,1
mdl/IMC_base/dispenser_wall_IMC_01.rmdl,21090,905,783,21090,905,783,1,1,1,1
mdl/IMC_base/bomb_imc_01.rmdl,20912,712,832,13632,492,534,1,1,2,1
mdl/floating_village/wood_pole_01.rmdl,2700,130,96,2700,130,96,1,1,1,2
mdl/floating_village/pipes_metal_04.rmdl,12796,416,515,12796,416,515,1,1,1,1
mdl/electricalboxes/pipe_set_d.rmdl,10048,448,368,8064,384,288,1,1,2,1
mdl/IMC_base/bulk_head_footer_imc_01.rmdl,5768,178,235,3668,118,148,1,1,2,1
mdl/floating_village/walkway_wood_plank_03.rmdl,968,28,40,968,28,40,1,1,1,1
mdl/industrial/tube_aircraft_service_bend_01.rmdl,4596,256,153,4596,256,153,1,1,1,1
mdl/handrails/handrail_yellow_64.rmdl,13600,400,560,8052,242,330,1,1,3,1
mdl/floating_village/wood_pole_05.rmdl,4296,196,156,4296,196,156,1,1,1,2
mdl/industrial/metal_brace_corner_footer.rmdl,44384,1334,1819,44384,1334,1819,1,1,1,1
mdl/floating_village/pipes_metal_05.rmdl,8788,288,353,8788,288,353,1,1,1,1
mdl/IMC_base/beam_T_64_IMC_01.rmdl,784,24,32,784,24,32,1,1,1,1
mdl/furniture/kitchen_set04_chair01.rmdl,6032,232,232,6032,232,232,1,1,1,1
mdl/barriers/guard_rail_post_01.rmdl,4534,189,170,4534,189,170,1,1,1,1
mdl/containers/crate.rmdl,39552,1212,1614,39552,1212,1614,1,1,1,1
mdl/domestic/towels_wrinkled_01.rmdl,12388,478,476,5432,252,196,1,1,3,1
mdl/buildings/vent_roof_03_shortround.rmdl,31900,1130,1256,13964,514,544,1,1,3,1
mdl/floating_village/wood_pole_02.rmdl,2928,138,105,2928,138,105,1,1,1,2
mdl/clutter/wood_scrap_04.rmdl,3176,76,136,1704,44,72,1,1,3,1
mdl/garbage/garbage_trash_can_plastic_01_lid_only.rmdl,8024,364,292,3568,168,128,1,1,3,1
mdl/containers/box_small_plastic.rmdl,11492,322,478,6864,204,282,1,1,3,2
mdl/lamps/light_hanging_industrial.rmdl,39512,1212,1612,21408,698,861,1,1,3,1
mdl/clutter/wood_scrap_01.rmdl,2808,68,120,1336,36,56,1,1,3,1
mdl/floating_village/buoy_barrel_rope_01.rmdl,7404,384,255,7404,384,255,1,1,1,1
mdl/floating_village/pipes_metal_07.rmdl,10140,430,378,10140,430,378,1,1,1,1
mdl/industrial/tire_small.rmdl,18340,680,713,9060,360,345,1,1,3,1
mdl/signs/sign_caution_leviathan.rmdl,2036,46,88,1128,28,48,1,1,3,1
mdl/industrial/tube_aircraft_service_01.rmdl,4596,256,153,4596,256,153,1,1,1,1
mdl/domestic/towels_wrinkled_02.rmdl,13320,620,480,6656,316,238,1,1,3,1
mdl/floating_village/wood_pole_08.rmdl,1796,86,64,1796,86,64,1,1,1,2
mdl/IMC_base/bldg_wall_corner_IMC_01.rmdl,1828,58,74,1828,58,74,1,1,1,1
mdl/containers/styrofoam_lid_dirty.rmdl,6356,206,256,2952,102,117,1,1,3,1
mdl/pipes/pipe_wall_system_valve.rmdl,10080,420,378,10080,420,378,1,1,1,2
mdl/signs/sign_hot_surface.rmdl,1996,46,86,1128,28,48,1,1,3,1
mdl/signs/sign_hazardous_material.rmdl,1996,46,86,1128,28,48,1,1,3,1
mdl/containers/styrofoam_box_short_dirty.rmdl,8016,276,318,4168,148,164,1,1,3,1
mdl/signs/sign_construction_01.rmdl,1996,46,86,1128,28,48,1,1,3,1
mdl/signs/sign_caution_red_light_01.rmdl,1996,46,86,1128,28,48,1,1,3,1
mdl/domestic/rope_tie_double.rmdl,57780,2990,1992,25784,1404,868,1,1,4,1
mdl/pipes/pipe_med_metal_blue_straight_32.rmdl,1284,64,45,1284,64,45,1,1,1,1
mdl/levels_terrain/mp_runoff/runoff_building_greeble_02.rmdl,3280,80,140,2256,56,96,1,1,2,1
mdl/clutter/wood_scrap_03.rmdl,4536,116,192,2872,72,122,1,1,3,1
mdl/metal_scraps/scrap_metal_panel01_bent.rmdl,2560,80,104,2560,80,104,1,1,1,1
mdl/domestic/rope_tie_figure8.rmdl,49252,2572,1691,24488,1368,814,1,1,5,1
mdl/containers/slums_plastic_crate_red_02.rmdl,25728,788,1050,13376,436,538,1,1,3,1
mdl/IMC_base/light_wall_IMC_03.rmdl,14976,396,630,14976,396,630,1,1,1,1
mdl/domestic/rope_tie_double_halfed.rmdl,32340,1610,1134,14336,756,490,1,1,4,1
mdl/relic/hanging_relic_light_off_2.rmdl,17762,557,721,13626,441,549,1,1,2,1
mdl/containers/gas_tank.rmdl,15926,591,619,6252,242,240,1,1,4,1
mdl/domestic/rope_tie_single_01.rmdl,19036,1016,647,7772,432,259,1,1,4,1
mdl/signs/sign_flame_red.rmdl,1024,24,44,1024,24,44,1,1,1,1
mdl/runoff/runoff_railing_12_yellow.rmdl,5680,260,206,3176,156,112,1,1,3,1
mdl/electricalboxes/pipe_set_g.rmdl,1340,60,49,988,48,35,1,1,2,1
mdl/electricalboxes/pipe_set_i.rmdl,1340,60,49,988,48,35,1,1,2,1
mdl/domestic/photo_frame_small_square_03.rmdl,3036,66,132,3036,66,132,1,1,1,1
mdl/pipes/pipe_med_metal_blue_elbow.rmdl,4572,192,171,4572,192,171,1,1,1,2
mdl/rubble/concrete_chunk_small_02.rmdl,10092,502,354,4916,266,166,1,1,3,1
mdl/domestic/photo_frame_small_04.rmdl,3036,66,132,3036,66,132,1,1,1,1
mdl/handrails/handrail_yellow_end.rmdl,7108,258,278,4052,162,154,1,1,3,1
mdl/imc_base/light_wall_imc_02.rmdl,5048,228,184,5048,228,184,1,1,1,1
mdl/metal_scraps/scrap_metal_hinge01.rmdl,3572,102,148,3572,102,148,1,1,1,1
mdl/pipes/pipe_med_metal_ground_ring_01.rmdl,912,32,36,912,32,36,1,1,1,1
mdl/containers/can_green_cola.rmdl,8420,280,337,3040,120,116,1,1,4,1
mdl/pipes/pipe_med_metal_rust_ring.rmdl,1368,48,54,1368,48,54,1,1,1,1
mdl/electricalboxes/pipe_bracket_a.rmdl,2832,72,120,2368,58,101,1,1,2,1
mdl/nexus/fir_log_pile_01.rmdl,109748,4328,4189,41748,1828,1539,1,1,5,1
mdl/foliage/plant_green_dark_small_02.rmdl,21748,838,836,10858,453,407,1,1,3,1
mdl/domestic/working_floor_light_on.rmdl,12960,500,498,12960,500,498,1,1,1,2
mdl/rocks/rock_white_chalk_modular_wallrun_04.rmdl,141984,5216,4612,66156,2678,2087,1,1,6,1
mdl/military_base/militaryfort_wall_trim_01.rmdl,2272,72,92,2272,72,92,1,1,1,1
mdl/colony/antenna_01_colony.rmdl,553428,17178,22518,225570,7305,9087,1,1,3,1
mdl/harmony_mines/harmony_mines_rockcluster_02.rmdl,137488,6788,4838,75612,4032,2571,1,1,4,1
mdl/rocks/rockcluster_light_02.rmdl,137488,6788,4838,75612,4032,2571,1,1,4,1
mdl/rocks/rockcluster_light_03.rmdl,144692,7042,5122,85864,4424,2966,1,1,3,1
mdl/harmony_mines/harmony_mines_rockcluster_03.rmdl,152120,7290,5419,85864,4424,2966,1,1,4,1
mdl/harmony_mines/harmony_mines_rockcluster_01.rmdl,68848,3388,2426,37508,1988,1279,1,1,4,1
mdl/signs/runoff_signs/ingot_company_sign.rmdl,1264,44,50,1264,44,50,1,1,1,1
mdl/colony/antenna_01_colony_electricalboxes.rmdl,63422,1857,2614,25900,780,1061,1,1,3,1
mdl/signs/runoff_signs/ingot_company_sign2.rmdl,848,28,34,848,28,34,1,1,1,1
mdl/military_base/militarybunker_trim_8x128.rmdl,92,2,4,92,2,4,1,1,1,1
mdl/signs/runoff_signs/sewage_outlet_sign.rmdl,1264,44,50,1264,44,50,1,1,1,1
mdl/IMC_base/monitor_arm_01.rmdl,10172,322,412,10172,322,412,1,1,1,1
mdl/signs/runoff_signs/station_pump_sign.rmdl,1264,44,50,1264,44,50,1,1,1,1
mdl/military_base/militaryfort_clamp_01.rmdl,3188,78,136,2032,52,86,1,1,3,1
mdl/signs/runoff_signs/employees_only_sign.rmdl,848,28,34,848,28,34,1,1,1,1
mdl/levels_terrain/mp_rr_canyonlands/canyonlands_milbase_structure_pipes_03.rmdl,197940,5154,6959,95160,2780,3270,1,1,4,3
mdl/floating_village/fish_net_03.rmdl,27432,1112,865,27432,1112,865,1,1,1,2
mdl/vehicles_r5/land/mil_tank_paladin_mkv/veh_land_mil_tank_paladin_mkv.rmdl,1125986,40001,44299,542958,20223,21081,1,1,6,2
mdl/levels_terrain/mp_rr_canyonlands/canyonlands_mu2_bunker_wires_01.rmdl,88926,4811,3003,61368,3428,2040,1,1,2,1
mdl/utilities/wire_ground_coils_04.rmdl,29268,1428,1035,20636,1056,715,1,1,3,1
mdl/beacon/mendoko_wire_ground_coils_04.rmdl,20636,1056,715,20636,1056,715,1,1,1,1
mdl/furniture/overhead_cabnet_set.rmdl,17616,416,756,10984,264,470,1,1,2,1
mdl/beacon/mendoko_wire_cluster_09.rmdl,12132,672,405,12132,672,405,1,1,1,1
mdl/utilities/modular_wire_cluster_10.rmdl,12132,672,405,12132,672,405,1,1,2,1
mdl/beacon/modular_hose_yellow_512_02.rmdl,25840,1120,956,14240,640,520,1,1,3,1
mdl/IMC_base/imc_pipe_med_128.rmdl,27864,984,1098,19968,728,780,1,1,2,1
mdl/utilities/modular_wire_cluster_09.rmdl,16548,928,549,16548,928,549,1,1,1,1
mdl/metal_sheets/sheet_metal_72x56.rmdl,15296,576,592,11808,448,456,1,1,3,1
mdl/utilities/modular_wire_cluster_03.rmdl,13236,736,441,13236,736,441,1,1,1,1
mdl/IMC_base/imc_pipe_med_64.rmdl,11240,400,442,8632,312,338,1,1,2,1
mdl/playback/playback_hanging_wire_single_x64_03.rmdl,8460,480,279,8460,480,279,1,1,1,1
mdl/IMC_base/imc_pipe_med_mount_01.rmdl,24424,744,998,24424,744,998,1,1,1,1
mdl/industrial/tool_chest_top.rmdl,3336,116,132,1728,68,66,1,1,3,1
mdl/utilities/modular_wire_cluster_02.rmdl,23448,1328,774,23448,1328,774,1,1,1,1
mdl/utilities/modular_wire_cluster_01.rmdl,16548,928,549,16548,928,549,1,1,1,1
mdl/IMC_base/imc_pipe_med_32_02.rmdl,18906,621,759,12080,410,481,1,1,2,1
mdl/IMC_base/imc_pipe_med_32.rmdl,8024,224,334,5560,160,230,1,1,2,1
mdl/IMC_base/imc_pipe_med_curve90.rmdl,7596,386,264,5692,302,194,1,1,2,1
mdl/IMC_base/pipe_ceiling_IMC_str_03.rmdl,2684,144,91,2684,144,91,1,1,1,1
mdl/playback/playback_hanging_wire_single_x64_02.rmdl,6252,352,207,6252,352,207,1,1,1,1
mdl/IMC_base/imc_pipe_med_ring_02.rmdl,10408,368,410,6976,256,272,1,1,2,1
mdl/IMC_base/pipe_ceiling_IMC_str_02.rmdl,1876,96,65,1876,96,65,1,1,1,1
mdl/IMC_base/pipe_ceiling_IMC_bend_01.rmdl,3492,192,117,3492,192,117,1,1,1,1
mdl/IMC_base/pipe_ceiling_IMC_end_02.rmdl,3896,216,130,3896,216,130,1,1,1,1
mdl/IMC_base/imc_pipe_med_cap.rmdl,7456,256,296,7456,256,296,1,1,1,1
mdl/IMC_base/pipe_ceiling_sml_IMC_str_03.rmdl,2684,144,91,2684,144,91,1,1,1,1
mdl/industrial/wrenches_pipeWrench01.rmdl,11664,404,462,7152,262,279,1,1,2,1
mdl/IMC_base/pipe_ceiling_IMC_str_01.rmdl,1876,96,65,1876,96,65,1,1,1,1
mdl/IMC_base/pipe_ceiling_sml_IMC_end_02.rmdl,3896,216,130,3896,216,130,1,1,1,1
mdl/IMC_base/pipe_ceiling_IMC_junc_01.rmdl,4532,192,169,4532,192,169,1,1,1,1
mdl/IMC_base/pipe_ceiling_IMC_junc_02.rmdl,4532,192,169,4532,192,169,1,1,1,1
mdl/mendoko/mendokor_wire_cluster_06.rmdl,24064,1154,857,24064,1154,857,1,1,1,1
mdl/IMC_base/pipe_ceiling_IMC_end_01.rmdl,3492,192,117,3492,192,117,1,1,1,1
mdl/IMC_base/pipe_ceiling_IMC_bend_02.rmdl,2944,144,104,2944,144,104,1,1,1,1
mdl/IMC_base/pipe_ceiling_sml_IMC_bend_01.rmdl,2944,144,104,2944,144,104,1,1,1,1
mdl/lamps/warning_light.rmdl,14196,486,564,14196,486,564,1,1,1,1
mdl/runoff/runoff_doorframe_01.rmdl,17936,716,682,17936,716,682,1,1,1,2
mdl/colony/farmland_kitchen_cabinets_02.rmdl,18156,466,640,18156,466,640,1,1,1,3
mdl/floating_village/fish_net_01.rmdl,3528,124,116,3528,124,116,1,1,1,2
mdl/rocks/rock_white_chalk_mud_modular_flat_01.rmdl,98652,4838,2901,56988,2902,1649,1,1,4,1
mdl/rocks/rock_white_chalk_mud_modular_flat_02.rmdl,42360,1940,1280,22152,1060,658,1,1,4,1
mdl/canyonlands/wraith_tt_water_plane.rmdl,92,2,4,92,2,4,1,1,1,1
mdl/levels_terrain/mp_rr_canyonlands/clands_bone_tarps_02_a.rmdl,152412,4810,5148,74244,2662,2428,1,1,3,3
mdl/rocks/rock_white_chalk_modular_large_02.rmdl,902856,28244,30558,417096,14404,13778,1,1,6,1
mdl/levels_terrain/mp_boneyard/rib_giant_07.rmdl,56496,2608,1702,35508,1742,1044,1,1,3,1
mdl/levels_terrain/mp_rr_canyonlands/canyonlands_bone_custom_01.rmdl,418200,16668,11364,234072,10284,6156,1,1,3,1
mdl/levels_terrain/mp_boneyard/rib_giant_02.rmdl,203160,6728,5814,153780,4868,4449,1,1,3,1
mdl/levels_terrain/mp_boneyard/rib_giant_05.rmdl,48588,2092,1287,28508,1312,737,1,1,3,1
mdl/levels_terrain/mp_boneyard/rib_giant_04.rmdl,203900,6380,5915,150828,4432,4437,1,1,3,1
mdl/canyonlands/canyonlands_stalactite_01.rmdl,293764,14354,10382,167954,8859,5740,1,1,4,1
mdl/canyonlands/canyonlands_stalactite_02.rmdl,276390,13405,9798,156504,8224,5358,1,1,4,1
mdl/canyonlands/canyonlands_stalactite_03.rmdl,75354,3769,2637,44354,2369,1507,1,1,3,1
mdl/levels_terrain/mp_rr_canyonlands/clands_roof_door_01.rmdl,64054,1819,2657,42204,1224,1743,1,1,3,1
mdl/homestead/homestead_wind_turbine.rmdl,31264,924,1286,18072,572,732,1,1,3,2
mdl/thunderdome/thunderdome_cage_wall_512x240_01.rmdl,20704,464,896,11744,264,508,1,1,3,2
mdl/thunderdome/thunderdome_cage_ceiling_512x128_02.rmdl,16832,352,736,10256,216,448,1,1,3,2
mdl/thunderdome/thunderdome_cage_ceiling_256x256_01.rmdl,18304,384,800,10256,216,448,1,1,3,2
mdl/thunderdome/thunderdome_cage_wall_256x352_03.rmdl,17098,413,731,8840,220,376,1,1,3,2
mdl/levels_terrain/mp_rr_canyonlands/clands_roof_bars_01.rmdl,16992,432,720,11208,308,468,1,1,2,1
mdl/levels_terrain/mp_rr_canyonlands/lagoon_ceiling_beams_04.rmdl,456,16,18,456,16,18,1,1,1,1
mdl/thunderdome/thunderdome_cage_frame_64x144_01.rmdl,14640,340,630,7348,178,314,1,1,3,1
mdl/thunderdome/thunderdome_prowler_hatch_01.rmdl,118944,3654,4851,55676,1726,2266,1,1,3,1
mdl/levels_terrain/mp_rr_canyonlands/lagoon_ceiling_beams_03.rmdl,444,14,18,444,14,18,1,1,1,1
mdl/floating_village/lagoon_hut_ceiling_beam_support_01.rmdl,1656,36,72,1656,36,72,1,1,1,1
mdl/industrial/rollup_door_cover.rmdl,1856,56,76,1108,38,44,1,1,2,1
mdl/s2s/s2s_hullhatch_tube128.rmdl,6816,256,264,6816,256,264,1,1,1,2
mdl/pipes/pipe_medium_256_01_red.rmdl,49140,1920,1881,30540,1240,1155,1,1,3,1
mdl/beacon/beacon_wallrun_arm_piece_03.rmdl,9880,280,410,9880,280,410,1,1,1,1
mdl/beacon/beacon_wallrun_arm_piece_01.rmdl,6620,190,274,6620,190,274,1,1,1,1
mdl/thunderdome/thunderdome_tall_spikes_01.rmdl,2816,96,112,2816,96,112,1,1,1,1
mdl/thunderdome/thunderdome_cage_ceiling_128x128_01.rmdl,19776,416,864,10256,216,448,1,1,3,2
mdl/mendoko/mendoko_bolt_panel_01.rmdl,23500,690,968,23500,690,968,1,1,1,2
mdl/beacon/beacon_cable_clamp_02.rmdl,37920,1440,1464,22640,880,868,1,1,3,1
mdl/pipes/pipe_medium_angle_01_red.rmdl,30380,1460,1081,17880,880,630,1,1,3,1
mdl/kodai_live_fire/live_fire_redframe_b.rmdl,59712,1792,2448,59712,1792,2448,1,1,1,2
mdl/thunderdome/thunderdome_spike_traps_large_256_01.rmdl,6064,104,272,6064,104,272,1,1,1,2
mdl/floating_village/lagoon_window_metal_shutters_rails_80x128.rmdl,30296,716,1300,17296,416,740,1,1,3,1
mdl/colony/farmland_window_01_096x80x04_01.rmdl,8332,312,323,5764,224,221,1,1,3,1
mdl/thunderdome/thunderdome_stands_girder_32x256_01.rmdl,2024,44,88,2024,44,88,1,1,1,2
mdl/beacon/beacon_wallrun_arm_piece_02.rmdl,12040,500,452,12040,500,452,1,1,1,1
mdl/black_water_canal/mp_blk_water_exterior_corner_03.rmdl,3808,88,164,3808,88,164,1,1,1,2
mdl/floating_village/lagoon_window_metal_shutters_open.rmdl,72584,1724,3112,45168,1088,1932,1,1,3,1
mdl/beacon/support_wall_beam_angled_01.rmdl,128380,3060,5501,60784,1484,2594,1,1,4,2
mdl/thunderdome/thunderdome_pipe_set_01_b.rmdl,61840,2650,2297,61840,2650,2297,1,1,1,1
mdl/homestead/homestead_floor_panel_closed_02.rmdl,59748,1638,2496,32580,1030,1320,1,1,3,2
mdl/thunderdome/thunderdome_cage_frame_64_01.rmdl,2784,64,120,1864,44,80,1,1,2,1
mdl/thunderdome/thunderdome_pipe_set_01_a.rmdl,25728,888,1020,25728,888,1020,1,1,1,1
mdl/floating_village/lagoon_window_metal_shutters_rails_80x64.rmdl,18656,456,796,9760,240,416,1,1,3,1
mdl/slum_city/slumcity_girdering_256x16_dirty_b.rmdl,4992,112,216,4992,112,216,1,1,1,1
mdl/beacon/construction_scaff_post_256_01.rmdl,28668,708,1221,28668,708,1221,1,1,1,1
mdl/industrial/clamp_metal_01.rmdl,31576,836,1328,31576,836,1328,1,1,1,1
mdl/domestic/slums_market_stall_doorframe_32_closed_01.rmdl,8004,174,348,3864,84,168,1,1,3,2
mdl/metal_sheets/sheet_metal_72x56_rust.rmdl,15360,580,594,11976,456,462,1,1,3,1
mdl/thunderdome/thunderdome_cage_frame_32_01.rmdl,2784,64,120,1864,44,80,1,1,2,1
mdl/mendoko/mendoko_cabinet_06.rmdl,16200,440,678,10488,288,438,1,1,2,2
mdl/homestead/homestead_floor_panel_cap_02.rmdl,3952,132,158,1968,68,78,1,1,3,1
mdl/mendoko/mendoko_panel_ceiling_01.rmdl,1620,40,69,1620,40,69,1,1,1,1
mdl/s2s/s2s_railing_small_01_64.rmdl,31736,1096,1258,17896,656,698,1,1,3,1
mdl/metal_sheets/sheet_metal_72x32_rust.rmdl,11032,412,428,6008,228,232,1,1,4,1
mdl/beacon/beacon_railing_lrg_02.rmdl,48816,1796,1902,27752,1092,1060,1,1,3,1
mdl/metal_sheets/sheet_metal_72x32.rmdl,11032,412,428,6008,228,232,1,1,4,1
mdl/industrial/rollup_door_motor.rmdl,23004,914,876,12172,542,446,1,1,3,1
mdl/mendoko/mendoko_cabinet_07.rmdl,18792,532,780,11852,342,490,1,1,2,2
mdl/thunderdome/thunderdome_pipe_set_corner_01_a.rmdl,17488,768,644,17488,768,644,1,1,1,1
mdl/colony/farmland_house_frame_90bend_lg_01.rmdl,1960,60,80,1960,60,80,1,1,1,1
mdl/mendoko/mendoko_panel_ceiling_02.rmdl,1668,38,72,1668,38,72,1,1,1,1
mdl/thunderdome/thunderdome_pipe_set_bracket.rmdl,13120,380,542,13120,380,542,1,1,1,2
mdl/signs/signage_plates_metal/sign_post_plate_b.rmdl,6428,208,259,3884,134,154,1,1,2,1
mdl/lamps/halogen_light_ceiling_off_broken.rmdl,26924,884,1081,12164,444,475,1,1,3,1
mdl/beacon/charge_wire_128.rmdl,2992,72,128,2992,72,128,1,1,1,1
mdl/slum_city/slumcity_pipemetal_128_a.rmdl,17496,616,690,10120,360,398,1,1,3,1
mdl/clutter/wooden_plank_decayed_small_06.rmdl,1246,31,53,1246,31,53,1,1,1,2
mdl/clutter/wooden_plank_decayed_small_05.rmdl,1128,28,48,1128,28,48,1,1,1,2
mdl/clutter/wooden_plank_decayed_small_11.rmdl,1416,36,60,1416,36,60,1,1,1,2
mdl/clutter/wooden_plank_decayed_small_07.rmdl,1704,44,72,1704,44,72,1,1,1,2
mdl/clutter/wooden_plank_decayed_small_12.rmdl,1520,40,64,1520,40,64,1,1,1,2
mdl/clutter/wooden_plank_decayed_small_08.rmdl,1520,40,64,1520,40,64,1,1,1,2
mdl/clutter/wooden_plank_decayed_small_10.rmdl,1480,40,62,1480,40,62,1,1,1,2
mdl/clutter/wooden_plank_decayed_small_09.rmdl,1272,32,54,1272,32,54,1,1,1,2
mdl/clutter/wooden_plank_decayed_small_03.rmdl,1192,32,50,1192,32,50,1,1,1,2
mdl/clutter/wooden_plank_decayed_small_14.rmdl,1456,36,62,1456,36,62,1,1,1,2
mdl/clutter/wooden_plank_decayed_small_02.rmdl,840,20,36,840,20,36,1,1,1,2
mdl/clutter/wooden_plank_decayed_small_04.rmdl,2160,60,90,2160,60,90,1,1,1,2
mdl/colony/farmland_house_frame_90bend_sm_01.rmdl,2832,92,114,2832,92,114,1,1,1,1
mdl/colony/farmland_house_frame_90bend_sm_02.rmdl,2208,68,90,2208,68,90,1,1,1,1
mdl/signs/signage_plates_metal/sign_plate_f.rmdl,640,20,26,424,14,17,1,1,2,1
mdl/signs/signage_plates_metal/post_a_basic.rmdl,1424,44,58,952,32,38,1,1,2,1
mdl/signs/signage_plates_metal/sign_plate_e.rmdl,640,20,26,424,14,17,1,1,2,1
mdl/utilities/underbelly_charge_wire_45_01.rmdl,3848,108,160,3848,108,160,1,1,1,1
mdl/signs/signage_plates_metal/post_b_basic.rmdl,1344,44,54,952,32,38,1,1,2,1
mdl/beacon/charge_wire_90_01.rmdl,5096,156,208,5096,156,208,1,1,1,1
mdl/slum_city/slumcity_pipemetal_16_junc_b.rmdl,56602,1987,2234,31120,1130,1217,1,1,3,1
mdl/slum_city/slumcity_pipemetal_32_a.rmdl,8328,288,330,4480,160,176,1,1,3,1
mdl/slum_city/slumcity_pipemetal_16_junc_a.rmdl,56392,1972,2228,31192,1142,1217,1,1,3,1
mdl/slum_city/slumcity_pipeplastic_8_90junc_a.rmdl,9700,400,365,6136,256,230,1,1,2,1
mdl/utilities/underbelly_charge_wire_16.rmdl,2992,72,128,2992,72,128,1,1,1,1
mdl/slum_city/slumcity_pipemetal_16_a.rmdl,8328,288,330,4480,160,176,1,1,3,1
mdl/slum_city/slumcity_pipemetal_8_junc_b.rmdl,28736,976,1144,15536,556,610,1,1,4,1
mdl/slum_city/slumcity_pipemetal_8_junc_c.rmdl,17496,616,690,8296,296,326,1,1,4,1
mdl/levels_terrain/mp_rr_canyonlands/rig_clamp_01.rmdl,69996,2186,2844,42828,1408,1719,1,1,4,3
mdl/levels_terrain/mp_rr_canyonlands/bridge_large_zone_6_damaged_01.rmdl,586560,10148,18774,473000,7872,15206,1,1,3,2
mdl/levels_terrain/mp_rr_canyonlands/hydroelectric_dam_facility_ramp_01.rmdl,100644,2030,3686,60768,1272,2214,1,1,3,2
mdl/levels_terrain/mp_boneyard/skull_gaint_top.rmdl,622688,23244,17258,291580,13214,7582,1,1,3,1
mdl/levels_terrain/mp_rr_canyonlands/clands_mu2_skull_rig_crane_cables_01.rmdl,278064,9024,9330,278064,9024,9330,1,1,1,2
mdl/levels_terrain/mp_rr_canyonlands/mil_base_large_01_tunnel_pipes.rmdl,228744,8620,7376,129312,5080,4118,1,1,3,1
mdl/levels_terrain/mp_rr_canyonlands/clands_mu2_skull_rig_crane_base_01.rmdl,98168,1792,3122,98168,1792,3122,1,1,1,8
mdl/levels_terrain/mp_rr_canyonlands/rig_leg_01.rmdl,206606,6133,7305,103224,3164,3636,1,1,5,4
mdl/foliage/eden_tree_dry_02.rmdl,501612,16290,16828,410916,13034,13863,1,1,3,2
mdl/foliage/grass_02_desert_64x64.rmdl,14304,344,510,6624,176,232,1,1,3,1
mdl/foliage/grass_02_desert_large_16x16.rmdl,2142,49,77,1386,35,49,1,1,2,1
mdl/foliage/grass_brown_long_tall_03.rmdl,3024,56,112,1728,32,64,1,1,3,1
mdl/foliage/grass_high_04.rmdl,1020,26,36,1020,26,36,1,1,1,1
mdl/foliage/grass_brown_long_tall_02.rmdl,864,16,32,864,16,32,1,1,1,1
mdl/foliage/grass_brown_long_02.rmdl,864,16,32,864,16,32,1,1,1,1
mdl/foliage/grass_brown_long_tall_01.rmdl,648,12,24,648,12,24,1,1,1,1
mdl/foliage/grass_brown_long_04.rmdl,2484,46,92,1404,26,52,1,1,3,1
mdl/foliage/grass_brown_long_01.rmdl,648,12,24,648,12,24,1,1,1,1
mdl/foliage/grass_green_long_03_animated.rmdl,3024,56,112,1728,32,64,1,1,3,1
mdl/foliage/grass_green_long_02_animated.rmdl,1296,24,48,864,16,32,1,1,2,1
mdl/foliage/grass_green_long_01_animated.rmdl,648,12,24,648,12,24,1,1,1,1
mdl/foliage/grass_burnt_long_03.rmdl,2688,64,96,2688,64,96,1,1,1,1
mdl/foliage/plant_tropical_ground_leafy_01_animated.rmdl,98574,3457,3243,49848,1896,1603,1,1,4,1
mdl/utilities/swamp_cofferdam_single_01.rmdl,28644,1106,917,22428,894,711,1,1,3,2
mdl/levels_terrain/mp_rr_canyonlands/military_bridge_spacer_01.rmdl,20316,450,734,9504,224,340,1,1,4,2
mdl/domestic/slums_market_stall_128x128_01.rmdl,43464,852,1598,26148,522,959,1,1,3,5
mdl/industrial/propane_tank_large_nopanels.rmdl,268672,7092,11306,169400,4520,7114,1,1,3,2
mdl/props/zipline_balloon/zipline_balloon_base_stripped.rmdl,265884,9984,10299,265884,9984,10299,1,1,1,2
mdl/IMC_base/control_desk_IMC_02.rmdl,10444,254,446,10444,254,446,1,1,1,1
mdl/beacon/construction_light_small_01_hanging.rmdl,83222,2887,3295,47058,1773,1821,1,1,3,1
mdl/IMC_base/monitor_command_small_imc_02.rmdl,19376,476,826,19376,476,826,1,1,1,1
mdl/mendoko/mendoko_plugs_01.rmdl,1868,58,76,1868,58,76,1,1,1,1
mdl/signs/sign_market_meats_on.rmdl,12200,300,520,6456,156,276,1,1,3,2
mdl/mcor/mcor_monitor_01.rmdl,6232,152,266,6232,152,266,1,1,1,2
mdl/foliage/ivy_green_large_hanging_05.rmdl,68096,2466,2665,40220,1550,1546,1,1,3,1
mdl/foliage/ivy_green_large_hanging_04.rmdl,51516,2036,1965,31276,1266,1184,1,1,3,1
mdl/foliage/ivy_green_large_hanging_10.rmdl,48696,1796,1896,29036,1166,1102,1,1,3,2
mdl/foliage/ivy_green_large_hanging_01.rmdl,39820,1480,1547,22778,933,859,1,1,3,1
mdl/foliage/ivy_green_large_hanging_07.rmdl,29192,1112,1126,17260,710,650,1,1,3,2
mdl/foliage/ivy_green_large_hanging_09.rmdl,27398,1003,1069,17346,711,654,1,1,3,2
mdl/canyonlands/clands_wall_wire_cluster_512_01_a.rmdl,42780,1218,1478,42780,1218,1478,1,1,1,3
mdl/levels_terrain/mp_rr_canyonlands/military_bridge_wall_connection_02.rmdl,10824,236,392,5460,134,194,1,1,4,2
mdl/domestic/slums_market_stall_64x128_01.rmdl,45834,891,1687,27300,542,1002,1,1,3,4
mdl/eden/eden_wirel_mess_01.rmdl,123870,3705,5082,65128,2158,2609,1,1,3,4
mdl/foliage/ivy_green_small_animated_01.rmdl,25944,854,1041,15894,569,624,1,1,2,2
mdl/foliage/plant_leafy_02.rmdl,81558,3613,2994,39184,2074,1337,1,1,4,1
mdl/foliage/plant_leafy_01.rmdl,50628,2428,1803,25812,1352,885,1,1,4,1
mdl/foliage/ivy_green_06.rmdl,17060,600,673,8016,286,315,1,1,3,1
mdl/IMC_base/imc_portable_ext_double_door_frame_dark_01.rmdl,5536,176,224,5536,176,224,1,1,1,1
mdl/IMC_base/imc_portable_ext_single_door_frame_dark_01.rmdl,5536,176,224,5536,176,224,1,1,1,1
mdl/nexus/nex_sp_shutter_d.rmdl,75088,2688,2948,70912,2592,2768,1,1,3,1
mdl/nexus/nex_sp_shutt_duo_b.rmdl,47288,1728,1846,47288,1728,1846,1,1,1,1
mdl/containers/crate_blue_plastic.rmdl,19256,456,826,6392,172,268,1,1,4,1
mdl/containers/crate_orange_plastic.rmdl,44232,1302,1821,25676,786,1048,1,1,3,1
mdl/foliage/eden_tree_dry_01.rmdl,388974,12281,13137,272580,8466,9241,1,1,3,2
mdl/levels_terrain/mp_rr_canyonlands/military_bridge_end_cap.rmdl,21192,564,742,16524,466,572,1,1,3,2
mdl/domestic/slums_market_stall_seperation_64x128_01.rmdl,41244,914,1490,23616,568,842,1,1,3,6
mdl/levels_terrain/mp_rr_canyonlands/swamp_dam_pillar_tall_01.rmdl,40920,1280,1385,29136,912,986,1,1,3,1
mdl/black_water_canal/mp_black_water_canal_concreteblock_01.rmdl,8496,248,292,4920,180,160,1,1,3,1
mdl/levels_terrain/mp_rr_canyonlands/swamp_dam_drain_01.rmdl,24060,722,822,24060,722,822,1,1,1,2
mdl/levels_terrain/mp_rr_canyonlands/zone11_center_water_round.rmdl,86268,2782,2899,63648,2084,2131,1,1,2,8
mdl/levels_terrain/mp_rr_canyonlands/military_bridge_cable_support_01.rmdl,62016,1868,2117,35136,1104,1188,1,1,4,6
mdl/foliage/plant_tropical_small_orange_01.rmdl,41242,1827,1514,27248,1278,979,1,1,3,1
mdl/foliage/plant_tropical_small_orange_02.rmdl,35196,1506,1308,21160,960,770,1,1,3,1
mdl/metal_sheets/sheet_metal_bent_01.rmdl,17244,454,726,10700,310,442,1,1,3,1
mdl/levels_terrain/mp_rr_canyonlands/section_11_terrain_platform_01.rmdl,267460,8230,10904,197834,6379,7978,1,1,2,8
mdl/rocks/rock_desert_05.rmdl,38388,1534,1216,19740,882,602,1,1,3,1
mdl/rocks/rock_desert_06.rmdl,37368,1292,1234,15780,742,472,1,1,3,1
mdl/rocks/rock_playback_05.rmdl,38388,1534,1216,19740,882,602,1,1,3,1
mdl/rocks/rock_playback_06.rmdl,37368,1292,1234,15780,742,472,1,1,3,1
mdl/door/canyonlands_lift_door_frame_large_01.rmdl,42436,1206,1760,23248,748,938,1,1,3,1
mdl/domestic/slums_market_stall_doorframe_128_closed_01.rmdl,86652,2542,3570,53824,1684,2186,1,1,3,3
mdl/IMC_base/scaffold_tech_128.rmdl,48528,1128,2088,29272,692,1256,1,1,4,2
mdl/slum_city/slumcity_pipe_16_corrugated_metal_c.rmdl,3360,120,132,2200,80,86,1,1,2,1
mdl/slum_city/slumcity_pipe_8_corrugated_metal_a.rmdl,9160,240,386,7680,200,324,1,1,2,1
mdl/IMC_base/imc_pipe_med_256_grey.rmdl,93624,3114,3747,55304,1934,2185,1,1,3,1
mdl/IMC_base/imc_pipe_med_128_grey.rmdl,33280,1160,1316,19968,728,780,1,1,3,1
mdl/IMC_base/imc_pipe_med_64_grey.rmdl,12492,442,492,9504,344,372,1,1,2,1
mdl/IMC_base/imc_pipe_med_32_grey.rmdl,8864,264,364,6008,188,244,1,1,2,1
mdl/IMC_base/imc_pipe_med_curve90_grey.rmdl,7596,386,264,5692,302,194,1,1,2,1
mdl/foliage/swamp_tree_nub_group_01.rmdl,132530,6685,4621,72776,3956,2452,1,1,4,1
mdl/floating_village/buoy_hanging_06.rmdl,5924,244,223,5924,244,223,1,1,1,1
mdl/floating_village/buoy_hanging_03.rmdl,4144,134,167,4144,134,167,1,1,1,1
mdl/floating_village/buoy_hanging_05.rmdl,7064,384,238,7064,384,238,1,1,1,1
mdl/floating_village/buoy_hanging_02.rmdl,4208,188,154,4208,188,154,1,1,1,1
mdl/floating_village/buoy_hanging_04.rmdl,2604,104,99,2604,104,99,1,1,1,1
mdl/electricalboxes/pipe_endcap.rmdl,1344,44,54,1344,44,54,1,1,1,1
mdl/thunderdome/thunderdome_cage_wall_sand_256x128_01.rmdl,4692,94,172,3288,68,120,1,1,2,2
mdl/thunderdome/thunderdome_cage_wall_sand_256x128_02.rmdl,11496,220,424,6096,120,224,1,1,3,2
mdl/foliage/tree_swamp_dead_sand_02.rmdl,48564,1842,1563,28416,1168,892,1,1,3,1
mdl/foliage/tree_swamp_dead_sand_01.rmdl,49236,1850,1589,28416,1168,892,1,1,3,1
mdl/foliage/tree_swamp_dead_sand_03.rmdl,30012,974,1007,15828,582,514,1,1,3,1
mdl/rocks/rock_desert_04.rmdl,57912,1688,1991,29376,1028,967,1,1,3,1
mdl/rocks/rock_playback_04.rmdl,57912,1688,1991,29376,1028,967,1,1,3,1
mdl/containers/loot_bin_01_bottom_mu1_static.rmdl,282160,10870,10847,124180,4930,4730,1,1,4,1
mdl/containers/loot_bin_01_top_mu1_static.rmdl,460886,18171,17593,211180,8550,7994,1,1,4,1
mdl/rubble/compacted_metal_trash_stacked.rmdl,44624,1364,1822,23152,932,878,1,1,3,1
mdl/rubble/compacted_metal_trash.rmdl,76148,2878,2944,36656,1586,1357,1,1,4,1
mdl/pipes/pipe_refinery_section128.rmdl,27288,1008,1062,15336,576,594,1,1,3,2
mdl/levels_terrain/mp_rr_canyonlands/military_bridge_top_bar_01.rmdl,13680,288,498,6036,142,216,1,1,4,2
mdl/floating_village/lagoon_building_bamboo_posts_01.rmdl,15672,664,487,10272,472,310,1,1,3,1
mdl/floating_village/lagoon_building_bamboo_posts_03.rmdl,8916,366,280,6072,268,186,1,1,3,1
mdl/floating_village/lagoon_building_bamboo_posts_04.rmdl,11208,444,356,6144,264,190,1,1,3,1
mdl/slum_city/slumcity_grow_room_fan_01.rmdl,47472,1608,1576,25608,964,826,1,1,3,1
mdl/floating_village/lagoon_building_bamboo_posts_02.rmdl,7488,260,247,4920,168,163,1,1,3,1
mdl/levels_terrain/mp_rr_canyonlands/military_bridge_cables_01.rmdl,37868,1334,1098,19552,708,578,1,1,4,3
mdl/foliage/tree_banyan_04.rmdl,20472,908,626,20472,908,626,1,1,1,1
mdl/foliage/vines_roots_exo_02.rmdl,28506,1027,931,15192,592,485,1,1,4,3
mdl/canyonlands/roof_planks_damaged_01.rmdl,47880,1264,1679,23184,696,792,1,1,4,1
mdl/canyonlands/roof_planks_damaged_02.rmdl,19932,518,701,9864,300,336,1,1,4,1
mdl/canyonlands/roof_planks_damaged_03.rmdl,13416,356,470,6264,188,214,1,1,4,1
mdl/thunderdome/thunderdome_cut_rock_large_02.rmdl,576582,10553,21386,483126,7757,18191,1,1,4,1
mdl/floating_village/roof_primitive_04_white.rmdl,60420,1202,2217,27480,592,997,1,1,4,1
mdl/floating_village/roof_primitive_03_white.rmdl,86688,1736,3178,48132,1022,1750,1,1,4,1
mdl/floating_village/lagoon_building_post_hook.rmdl,1788,38,65,1788,38,65,1,1,1,1
mdl/canyonlands/building_wall_thatch_damaged_02.rmdl,31536,648,1152,15984,360,576,1,1,3,1
mdl/canyonlands/building_wall_thatch_damaged_01.rmdl,35040,720,1280,17760,400,640,1,1,3,1
mdl/foliage/tree_swamp_dead_moss_02.rmdl,52116,2038,1662,28416,1168,892,1,1,3,1
mdl/foliage/tree_burnt_dead_04.rmdl,217320,2912,8327,86616,1168,3317,1,1,4,1
mdl/foliage/pine_needle_pile_04.rmdl,53292,1514,1842,24036,762,811,1,1,3,2
mdl/firstgen/firstgen_ceiling_hangingrack_metal_mid_01.rmdl,10848,208,400,10848,208,400,1,1,1,1
mdl/colony/farmland_storage_bin_long_01.rmdl,36936,1508,1162,26352,1160,808,1,1,3,1
mdl/pipes/slum_pipe_large_blue_angle_cap_01.rmdl,1896,60,64,1248,40,42,1,1,2,1
mdl/rubble/concrete_piece_07.rmdl,12708,642,369,12708,642,369,1,1,1,1
mdl/floating_village/lagoon_building_hanging_nets_01.rmdl,21088,998,755,10836,546,378,1,1,4,2
mdl/foliage/wild_mushroom_05.rmdl,43852,1882,1628,27848,1368,982,1,1,4,1
mdl/canyonlands/dirty_toolchest_tarp_01.rmdl,14904,864,486,14904,864,486,1,1,1,1
mdl/barriers/guard_rail_01_64.rmdl,35736,1556,1320,17436,866,612,1,1,4,1
mdl/IMC_base/scaffold_tech_horz_rail_b.rmdl,1992,52,84,1992,52,84,1,1,1,1
mdl/barriers/guard_rail_01.rmdl,1304,44,52,1304,44,52,1,1,1,1
mdl/levels_terrain/mp_rr_canyonlands/clands_mu2_rig_crane_base_hydraulic_45deg.rmdl,35278,1203,1403,19644,704,771,1,1,3,4
mdl/levels_terrain/mp_rr_canyonlands/canyonlands_runoff_interior_bldg_01_nocol.rmdl,50256,952,1856,50256,952,1856,1,1,1,3
mdl/levels_terrain/mp_rr_canyonlands/military_bridge_cables_02.rmdl,17280,584,516,10944,376,328,1,1,2,3
mdl/levels_terrain/mp_rr_canyonlands/rig_frame_angled_01.rmdl,55580,1350,2374,27296,676,1162,1,1,4,2
mdl/foliage/plant_tropical_green_large_01.rmdl,23096,856,898,13764,584,513,1,1,4,1
mdl/foliage/plant_tropical_green_large_02.rmdl,34556,1366,1318,21588,958,792,1,1,4,1
mdl/utilities/wire_bundle_02.rmdl,6760,260,260,6760,260,260,1,1,1,1
mdl/foliage/cattail_group_01.rmdl,13096,516,500,8988,398,330,1,1,3,1
mdl/foliage/cattail_01.rmdl,9756,366,378,5796,246,216,1,1,3,1
mdl/foliage/ground_plant_large_moss.rmdl,7400,220,304,4380,130,180,1,1,3,1
mdl/domestic/slums_market_stall_doorframe_128_open_01.rmdl,90412,2662,3722,56040,1760,2274,1,1,3,3
mdl/foliage/tree_brush_green_large_02.rmdl,14284,654,518,14284,654,518,1,1,1,2
mdl/industrial/grain_sacks_stacked.rmdl,146988,5306,4798,73608,2856,2353,1,1,4,2
mdl/foliage/canyonlands_alien_tree_01.rmdl,469942,13049,12239,204316,6266,5210,1,1,4,3
mdl/foliage/grass_02_green_yellow_tall_64x64.rmdl,5696,176,232,5696,176,232,1,1,1,1
mdl/colony/solar_panel_colony_single_02.rmdl,18088,428,776,8008,188,344,1,1,3,1
mdl/barriers/sandbags_curved_01.rmdl,45940,2370,1586,29656,1626,995,1,1,4,1
mdl/barriers/sandbags_large_01.rmdl,47388,2468,1629,29624,1624,994,1,1,4,1
mdl/barriers/sandbags_double_01.rmdl,11880,570,423,8072,412,280,1,1,3,1
mdl/barriers/sandbags_bent_01.rmdl,10280,530,355,6660,360,225,1,1,3,1
mdl/barriers/sandbags_single_01.rmdl,9864,504,342,6976,376,236,1,1,3,1
mdl/rocks/desert_rock_cluster_small_04.rmdl,131912,6342,4693,92580,4710,3216,1,1,3,1
mdl/rocks/desert_rock_cluster_small_01.rmdl,69464,3404,2452,37508,1988,1279,1,1,4,1
mdl/rocks/desert_rock_cluster_small_05.rmdl,45756,2186,1632,29356,1506,1016,1,1,3,1
mdl/runoff/runoff_railing_768_yellow.rmdl,214640,6900,8662,135552,4452,5442,1,1,2,2
mdl/foliage/lilypad_clusters_05.rmdl,92,2,4,92,2,4,1,1,1,1
mdl/playback/playback_grate_support_x128_01_a.rmdl,30992,752,1324,21752,532,928,1,1,3,1
mdl/homestead/weathervane_generator.rmdl,15336,436,636,10868,318,448,1,1,3,1
mdl/colony/farmland_wall_128x064x16_metal_01.rmdl,5128,268,176,5128,268,176,1,1,1,1
mdl/industrial/farmland_wall_tech_01.rmdl,88478,3613,3340,50304,2224,1848,1,1,3,1
mdl/colony/farmland_wall_128x064x08_metal_01.rmdl,4392,252,144,4392,252,144,1,1,1,1
mdl/playback/playback_grate_support_x64_01_a.rmdl,29856,736,1272,20644,514,878,1,1,3,1
mdl/playback/playback_bridge_beam_01_08x128_01.rmdl,2856,76,120,1504,44,62,1,1,3,1
mdl/playback/playback_bridge_beam_04_08x16x128_01.rmdl,5752,132,248,3912,92,168,1,1,3,1
mdl/colony/farmland_crate_sm_32x24x40_01.rmdl,16446,731,603,10486,491,377,1,1,4,1
mdl/lamps/security_light_01_off.rmdl,69100,2470,2714,36296,1406,1393,1,1,3,1
mdl/playback/playback_bridge_beam_01_cap_01.rmdl,9472,232,404,7056,176,300,1,1,3,1
mdl/playback/playback_bridge_beam_04_08x16x64_01.rmdl,5960,140,256,3912,92,168,1,1,3,1
mdl/playback/playback_bridge_beam_02_16x064_01.rmdl,1128,28,48,1128,28,48,1,1,1,1
mdl/canyonlands/wraith_tower_01.rmdl,1548128,33480,56274,535016,12180,19282,1,1,4,6
mdl/IMC_base/landing_pad_tarmac_nobase.rmdl,386610,12675,15528,241274,8089,9637,1,1,4,6
mdl/industrial/mounted_air_vent_medium.rmdl,46608,1528,1872,27906,941,1113,1,1,2,1
mdl/playback/playback_staircase_railing_octo_01_a.rmdl,15888,448,660,10304,304,424,1,1,3,1
mdl/playback/playback_staircase_railing_octo_01_b.rmdl,15888,448,660,10304,304,424,1,1,3,1
mdl/playback/playback_railing_01_128.rmdl,41536,1386,1661,23724,844,933,1,1,3,1
mdl/playback/playback_staircase_railing_quad_01_a.rmdl,8036,226,334,5152,152,212,1,1,3,1
mdl/playback/playback_staircase_railing_quad_01_b.rmdl,8036,226,334,5152,152,212,1,1,3,1
mdl/playback/playback_staircase_railing_double_top_01_a.rmdl,27720,1010,1083,17576,676,676,1,1,3,1
mdl/playback/playback_staircase_railing_double_top_01_b.rmdl,27720,1010,1083,17576,676,676,1,1,3,1
mdl/playback/playback_staircase_railing_double_01_a.rmdl,8036,226,334,5152,152,212,1,1,3,1
mdl/playback/playback_staircase_railing_double_01_b.rmdl,8036,226,334,5152,152,212,1,1,3,1
mdl/playback/playback_staircase_railing_single_base_01_a.rmdl,29500,1050,1160,18240,680,708,1,1,3,1
mdl/playback/playback_staircase_railing_single_base_01_b.rmdl,29500,1050,1160,18240,680,708,1,1,3,1
mdl/playback/playback_staircase_railing_single_top_01_b.rmdl,22264,844,860,13584,544,516,1,1,3,1
mdl/playback/playback_staircase_railing_single_top_01_a.rmdl,22264,844,860,13584,544,516,1,1,3,1
mdl/playback/playback_staircase_railing_pole_01_a.rmdl,6964,194,290,4656,136,192,1,1,3,1
mdl/playback/playback_staircase_railing_pole_01_b.rmdl,6964,194,290,4656,136,192,1,1,3,1
mdl/playback/playback_bridge_panel_128x128_01.rmdl,47472,1576,1584,44340,1518,1468,1,1,2,2
mdl/backwater/black_water_fuel_sphere_large.rmdl,231204,9358,7294,118548,5134,3656,1,1,5,2
mdl/levels_terrain/mp_runoff/biodome_runoff_nocol.rmdl,63168,2328,2460,63168,2328,2460,1,1,1,5
mdl/industrial/indoor_console_a.rmdl,191072,5862,7795,90620,2810,3688,1,1,3,3
mdl/industrial/weapons_locker.rmdl,195704,4704,8374,110128,2788,4670,1,1,4,1
mdl/lamps/light_fc.rmdl,65456,1636,2782,47784,1164,2040,1,1,2,1
mdl/industrial/indoor_console_monitors.rmdl,70534,1869,2966,42474,1149,1779,1,1,2,2
mdl/lamps/light_hanging_industrial_on.rmdl,39512,1212,1612,21408,698,861,1,1,3,1
mdl/relic/hanging_relic_light_on_2.rmdl,17762,557,721,13626,441,549,1,1,2,1
mdl/lamps/warning_light_ON_orange.rmdl,14196,486,564,14196,486,564,1,1,1,1
mdl/runoff/runoff_doorframe_01b.rmdl,17936,716,682,17936,716,682,1,1,1,2
mdl/nexus/nexus_under_support_beam.rmdl,43014,921,1562,43014,921,1562,1,1,1,3
mdl/canyonlands/fabric_canopy_01.rmdl,34218,1715,997,22200,1132,642,1,1,4,2
mdl/levels_terrain/mp_rr_canyonlands/mil_base_south_ramp_01.rmdl,109086,2977,3801,82896,2320,2874,1,1,2,7
mdl/floating_village/fish_net_02.rmdl,25848,1112,799,25848,1112,799,1,1,1,2
mdl/foliage/grass_green_swamp_large_03_animated.rmdl,1472,32,64,1472,32,64,1,1,1,1
mdl/colony/farmland_house_support_01.rmdl,48848,1768,1912,34128,1258,1329,1,1,2,1
mdl/timeshift/timeshift_trashbin_01.rmdl,29296,1296,1076,29296,1296,1076,1,1,1,1
mdl/electricalboxes/fuseboxnodoor.rmdl,4776,136,198,3496,96,146,1,1,2,1
mdl/electricalboxes/fusebox_green.rmdl,552,12,24,552,12,24,1,1,1,1
mdl/electricalboxes/fusebox_small_c.rmdl,2832,72,120,2280,60,96,1,1,3,1
mdl/electricalboxes/pipejuction.rmdl,1296,36,54,1296,36,54,1,1,1,1
mdl/electricalboxes/pipe_wall_mess_06.rmdl,47218,1543,1898,23364,824,921,1,1,3,4
mdl/IMC_base/chain_link_IMC_01.rmdl,164814,4109,7008,90276,2316,3819,1,1,4,3
mdl/IMC_base/monitor_hood_imc_02.rmdl,11640,280,498,11640,280,498,1,1,1,1
mdl/IMC_base/monitor_hood_imc_03.rmdl,11920,280,512,11920,280,512,1,1,1,1
mdl/domestic/magazine_single_04.rmdl,552,12,24,552,12,24,1,1,1,1
mdl/domestic/magazine_single_01.rmdl,1176,36,48,1176,36,48,1,1,1,1
mdl/electricalboxes/fusebox_redgauges.rmdl,5304,144,222,3576,96,150,1,1,2,1
mdl/IMC_base/light_wall_IMC_03_on.rmdl,14976,396,630,14976,396,630,1,1,1,1
mdl/levels_terrain/mp_rr_canyonlands/clands_mu2_rig_crane_base_details.rmdl,140160,2928,5108,140160,2928,5108,1,1,1,9
mdl/levels_terrain/mp_rr_canyonlands/clands_mu2_pylon_rig_01.rmdl,58424,1664,2422,40416,1216,1656,1,1,3,5
mdl/foliage/eden_tree_dry_03.rmdl,193764,5586,6677,125376,3848,4262,1,1,4,2
mdl/playback/playback_gun_platform_02.rmdl,7380,150,270,7380,150,270,1,1,1,4
mdl/levels_terrain/mp_rr_canyonlands/rig_wall_corner_divider_out_01.rmdl,9168,240,322,9168,240,322,1,1,1,3
mdl/levels_terrain/mp_rr_canyonlands/rig_wall_corner_divider_in_01.rmdl,10680,260,456,10680,260,456,1,1,1,4
mdl/foliage/tree_roots_03_light.rmdl,107316,3882,3501,57906,2263,1847,1,1,4,2
mdl/foliage/tree_palm_01.rmdl,37596,1562,1176,24840,1084,764,1,1,2,2
mdl/levels_terrain/mp_rr_canyonlands/lagoon_destroyed_building_06.rmdl,55080,1636,1886,55080,1636,1886,1,1,1,4
mdl/foliage/tree_roots_02_light.rmdl,85416,3480,2689,44982,2001,1374,1,1,4,2
mdl/foliage/tree_fir_large_01.rmdl,390846,8409,14183,183276,4786,6440,1,1,4,2
mdl/foliage/tree_fir_large_03.rmdl,548598,13113,19580,260682,7099,9087,1,1,4,2
mdl/military_base/militarybunker_rooftop_01.rmdl,5856,144,208,5856,144,208,1,1,1,3
mdl/foliage/tree_roots_04_light.rmdl,91794,3451,2962,45222,1821,1429,1,1,4,2
mdl/foliage/tree_fir_large_02.rmdl,322506,8587,11291,159438,4933,5410,1,1,4,2
mdl/foliage/tree_fir_large_06.rmdl,555048,14332,19544,286326,9285,9609,1,1,4,2
mdl/levels_terrain/mp_rr_canyonlands/rig_wall_divider_01.rmdl,3492,78,126,3492,78,126,1,1,1,2
mdl/colony/antenna_post_colony_broken_02.rmdl,89482,2777,3641,38796,1286,1554,1,1,3,2
mdl/canyonlands/octane_tt_ring.rmdl,127032,4240,4233,127032,4240,4233,1,1,1,5
mdl/foliage/tree_fir_large_no_leaves.rmdl,444252,9686,16089,170460,4030,6095,1,1,5,2
mdl/levels_terrain/mp_rr_canyonlands/rig_tracks_ramp_02.rmdl,3504,72,128,3072,64,112,1,1,2,9
mdl/levels_terrain/mp_rr_canyonlands/dog_whistle_tower_legs_damaged_01.rmdl,280560,8440,9580,175056,5592,5896,1,1,3,8
mdl/foliage/tree_acacia_small_04.rmdl,48490,2045,1811,28008,1268,1020,1,1,3,3
mdl/levels_terrain/mp_rr_canyonlands/mil_base_south_pipes_01.rmdl,322008,9260,11102,180612,5166,6234,1,1,3,3
mdl/floating_village/roof_primitive_01_white.rmdl,95328,1968,3480,49536,1112,1786,1,1,4,2
mdl/foliage/tree_brush_green_large_03.rmdl,74940,3190,2790,44424,2024,1614,1,1,3,2
mdl/levels_terrain/mp_rr_canyonlands/canyonlands_milbase_structure_pipes_01.rmdl,673980,16194,24034,354432,9120,12488,1,1,4,3
mdl/floating_village/roof_primitive_02_white.rmdl,86400,1772,3157,43248,956,1563,1,1,4,2
mdl/levels_terrain/mp_rr_canyonlands/dog_whistle_tower_legs_damaged_02.rmdl,217224,6136,7517,126048,3824,4296,1,1,3,8
mdl/IMC_base/landing_pad_arm_top.rmdl,227760,5252,8177,114876,2826,4080,1,1,3,2
mdl/canyonlands/building_wall_damaged_01.rmdl,115284,3114,4025,49968,1588,1685,1,1,4,4
mdl/runoff/runoff_railing_512_yellow.rmdl,155316,5336,6165,90864,3004,3642,1,1,2,2
mdl/levels_terrain/floating_village/floating_village_hut_01_skeleton.rmdl,37664,1364,1474,37664,1364,1474,1,1,1,2
mdl/IMC_base/footer_imc_02.rmdl,29628,714,1056,29628,714,1056,1,1,1,2
mdl/foliage/vines_roots_exo_01.rmdl,22236,838,717,11316,462,356,1,1,4,3
mdl/levels_terrain/mp_rr_canyonlands/mil_base_pillar_01.rmdl,56136,1124,2058,32760,676,1196,1,1,3,4
mdl/levels_terrain/floating_village/supported_hut_06_skeleton.rmdl,76452,1782,2740,76452,1782,2740,1,1,1,4
mdl/levels_terrain/mp_rr_canyonlands/dog_whistle_tower_panel_damaged_01.rmdl,107556,3022,3726,65532,1966,2239,1,1,3,6
mdl/canyonlands/wood_floor_set_damaged_06.rmdl,41460,1018,1473,25980,690,910,1,1,3,2
mdl/levels_terrain/mp_rr_canyonlands/hydroelectric_dam_facility_turbine_02.rmdl,245300,7790,9928,117796,3946,4706,1,1,5,5
mdl/lamps/industrial_construction_lights.rmdl,63670,2015,2579,63670,2015,2579,1,1,1,2
mdl/levels_terrain/mp_rr_canyonlands/rig_wall_01.rmdl,8260,210,350,8260,210,350,1,1,1,5
mdl/lamps/industrial_construction_lights_on.rmdl,63670,2015,2579,63670,2015,2579,1,1,1,3
mdl/levels_terrain/mp_rr_canyonlands/rig_wall_02.rmdl,8260,210,350,8260,210,350,1,1,1,5
mdl/furniture/shelves_industrial_01.rmdl,44200,1240,1838,44200,1240,1838,1,1,1,2
mdl/canyonlands/hatch_bunker_damaged_walls_01.rmdl,13704,476,452,13704,476,452,1,1,1,6
mdl/canyonlands/wood_floor_set_damaged_05.rmdl,39276,930,1404,23028,598,810,1,1,3,2
mdl/homestead/homestead_wind_turbine_base.rmdl,194416,4926,8243,140988,3668,5949,1,1,3,8
mdl/canyonlands/octane_tt_quad_ramp.rmdl,26610,587,962,13788,306,498,1,1,5,5
mdl/levels_terrain/mp_rr_canyonlands/cage_interior_pillar_01.rmdl,24408,612,864,14160,384,494,1,1,3,3
mdl/IMC_base/imc_portable_ext_wall_64_02.rmdl,29672,1072,1162,21128,808,814,1,1,3,4
mdl/canyonlands/octane_tt_ramp_small.rmdl,83820,1994,2994,43416,1088,1537,1,1,5,5
mdl/foliage/tree_fir_large_04.rmdl,178980,4594,6309,112998,3269,3891,1,1,3,2
mdl/domestic/slums_market_stall_32x128_01.rmdl,45732,878,1686,27108,530,997,1,1,3,4
mdl/runoff/runoff_railing_256_yellow.rmdl,85456,2686,3467,46316,1556,1849,1,1,3,2
mdl/domestic/slums_market_stall_seperation_32x128_01.rmdl,35976,840,1289,18756,462,666,1,1,3,6
mdl/nexus/nexus_support_beam.rmdl,14616,308,532,14616,308,532,1,1,1,3
mdl/floating_village/pipes_metal_01.rmdl,23540,800,937,23540,800,937,1,1,1,2
mdl/military_base/militaryfort_pillar_tall_corner_02.rmdl,41112,996,1464,26040,716,906,1,1,2,4
mdl/military_base/militaryfort_wall_concrete_02_a.rmdl,948,30,32,948,30,32,1,1,1,3
mdl/floating_village/fish_basket_01.rmdl,44472,1060,1588,44472,1060,1588,1,1,1,3
mdl/floating_village/fish_basket_02.rmdl,55776,1400,1974,55776,1400,1974,1,1,1,3
mdl/floating_village/roof_primitve_metal_02.rmdl,154240,4940,6230,85848,2928,3414,1,1,4,4
mdl/floating_village/roof_primitve_metal_01.rmdl,154820,5050,6226,83464,2884,3308,1,1,4,4
mdl/runoff/runoff_railing_128_yellow.rmdl,45660,1500,1833,24324,844,963,1,1,3,2
mdl/military_base/militaryfort_pillar_tall_corner_01.rmdl,31158,757,1109,19992,548,696,1,1,2,4
mdl/floating_village/panel_primitive_01_white.rmdl,28524,578,1044,18372,390,668,1,1,3,2
mdl/colony/farmland_kitchen_cabinets_03.rmdl,10680,288,373,10680,288,373,1,1,1,3
mdl/floating_village/panel_primitive_02_white.rmdl,31356,634,1148,21204,446,772,1,1,3,2
mdl/levels_terrain/mp_runoff/runoff_building_greeble_01.rmdl,23844,518,864,15228,338,550,1,1,3,2
mdl/rubble/concrete_piece_08_rebar.rmdl,83040,3252,2647,46848,2020,1447,1,1,3,2
mdl/levels_terrain/mp_rr_canyonlands/rig_tracks_ramp_01.rmdl,3504,72,128,3072,64,112,1,1,2,9
mdl/floating_village/lagoon_hut_support_posts_04.rmdl,9924,434,366,5792,272,208,1,1,3,2
mdl/military_base/militaryfort_wall_corner_window_01.rmdl,11424,216,422,8616,164,318,1,1,2,3
mdl/slum_city/slumcity_building_fan_frame_01.rmdl,266124,6782,9393,196080,4888,6948,1,1,3,2
mdl/floating_village/lagoon_hut_support_posts_09.rmdl,5104,224,188,2928,138,105,1,1,3,2
mdl/pipes/slum_pipe_large_blue_angle_endcap_01.rmdl,25392,920,828,16944,640,546,1,1,2,2
mdl/slum_city/slumcity_building_fan_01.rmdl,120840,4460,3920,81984,3360,2576,1,1,4,2
mdl/IMC_base/imc_portable_ext_endcap_64_01.rmdl,10316,286,430,9056,256,376,1,1,2,4
mdl/foliage/canyonlands_alien_tree_branch_02.rmdl,61902,1357,1680,27496,700,728,1,1,4,2
mdl/canyonlands/octane_tt_screen_02.rmdl,18432,356,582,12212,234,386,1,1,3,3
mdl/levels_terrain/mp_rr_canyonlands/mil_base_curved_pillar_01.rmdl,10036,366,392,5340,190,210,1,1,3,2
mdl/canyonlands/building_wall_damaged_02.rmdl,78584,2204,3268,38960,1240,1576,1,1,4,3
mdl/military_base/militaryfort_wall_corner_01.rmdl,35088,884,1241,17328,524,591,1,1,3,3
mdl/barriers/sewer_concrete_barrier_28_32_01.rmdl,5208,132,184,5208,132,184,1,1,1,2
mdl/test/tri_test/rubble_mound_mod_01.rmdl,188388,10058,5335,141384,7688,3969,1,1,6,1
mdl/rubble/concrete_piece_07_rebar.rmdl,48498,2123,1490,48498,2123,1490,1,1,1,3
mdl/levels_terrain/mp_rr_canyonlands/rig_tracks_ramp_03.rmdl,3504,72,128,3072,64,112,1,1,2,8
mdl/levels_terrain/mp_rr_canyonlands/dog_whistle_tower_panel_damaged_03.rmdl,159496,4090,4829,78168,2142,2335,1,1,4,8
mdl/levels_terrain/mp_rr_canyonlands/zone_11_water_treatment_walkway_a.rmdl,171992,3236,5484,154356,2910,4914,1,1,2,8
mdl/military_base/militaryfort_wall_buttress_01.rmdl,19500,474,694,12228,334,426,1,1,2,5
mdl/levels_terrain/mp_rr_canyonlands/clands_mu2_rig_crane_base_hydraulic_60deg.rmdl,35278,1203,1403,19644,704,771,1,1,3,4
mdl/foliage/canyonlands_alien_tree_branch_01.rmdl,51402,1191,1383,23248,616,611,1,1,4,2
mdl/military_base/militaryfort_wall_corner_02.rmdl,18252,430,653,8520,244,294,1,1,3,3
mdl/thunderdome/thunderdome_barrier_02.rmdl,93560,2680,3874,54360,1720,2202,1,1,3,3
mdl/pipes/slum_pipe_large_blue_256_angle_01.rmdl,49824,2120,1546,31824,1440,966,1,1,3,2
mdl/military_base/militaryfort_pillar_corner_01.rmdl,28968,700,1032,18252,498,636,1,1,2,4
mdl/military_base/militaryfort_wall_buttress_02b.rmdl,36048,864,1286,23436,626,820,1,1,2,5
mdl/floating_village/walkway_wood_01_512.rmdl,448938,9827,16249,313026,6983,11297,1,1,4,7
mdl/military_base/militaryfort_wall_buttress_02.rmdl,19500,474,694,12228,334,426,1,1,2,5
mdl/floating_village/lagoon_hut_storage_shelf_large_01.rmdl,20088,372,744,20088,372,744,1,1,1,4
mdl/props/charge_pylon/charge_pylon_01_pole.rmdl,130176,2616,4770,130176,2616,4770,1,1,1,3
mdl/military_base/militaryfort_wall_corner_cap_01_a.rmdl,23832,564,852,11694,337,403,1,1,3,3
mdl/military_base/militaryfort_wall_corner_cap_01_b.rmdl,23832,564,852,11694,337,403,1,1,3,3
mdl/levels_terrain/mp_rr_canyonlands/clands_mu2_rig_crane_base_hydraulic_connect.rmdl,99872,2752,4168,99872,2752,4168,1,1,1,4
mdl/playback/playback_gun_platform_panel_02.rmdl,1816,56,74,1816,56,74,1,1,1,2
mdl/thunderdome/thunderdome_cage_ceiling_128x128_04.rmdl,20316,466,876,20316,466,876,1,1,1,3
mdl/props/charge_pylon/charge_pylon_01_cells_static.rmdl,285572,10602,11098,197552,7712,7564,1,1,3,2
mdl/ola/sewer_staircase_96_01.rmdl,39520,840,1724,39520,840,1724,1,1,1,2
mdl/IMC_base/imc_portable_ext_underside_panel_256x256_01.rmdl,4552,112,194,4552,112,194,1,1,1,4
mdl/levels_terrain/mp_rr_canyonlands/canyonlands_milbase_structure_pipes_02.rmdl,63864,1444,2300,33924,830,1206,1,1,4,3
mdl/levels_terrain/mp_rr_canyonlands/clands_roof_bars_01_fglass_orange.rmdl,22536,504,813,13476,326,480,1,1,3,2
mdl/canyonlands/canyonlands_light_pole_01.rmdl,121534,3669,4976,44812,1472,1799,1,1,4,3
mdl/levels_terrain/mp_rr_canyonlands/clands_roof_bars_01_fglass_green.rmdl,22284,490,806,13224,312,473,1,1,3,2
mdl/playback/playback_gun_platform_panel_03.rmdl,180600,4852,6312,107148,3226,3658,1,1,4,3
mdl/military_base/militaryfort_pipe_corner_red_01.rmdl,87660,2170,3110,48348,1274,1696,1,1,3,3
mdl/floating_village/walkway_wood_02_256.rmdl,117564,3462,4033,117564,3462,4033,1,1,1,5
mdl/military_base/ceiling_piece_01.rmdl,55784,1364,2380,55784,1364,2380,1,1,1,2
mdl/canyonlands/terminal_ceiling_corner_01.rmdl,6504,172,228,6504,172,228,1,1,1,2
mdl/levels_terrain/mp_rr_canyonlands/rig_clamp_02.rmdl,66332,2122,2680,39020,1320,1555,1,1,4,3
mdl/floating_village/lagoon_hut_wall_panels_tall_02.rmdl,7692,182,330,4604,114,196,1,1,2,2
mdl/levels_terrain/mp_rr_canyonlands/canyonlands_mall_exterior_01_ent.rmdl,82156,2316,3413,40196,1076,1687,1,1,4,4
mdl/IMC_base/imc_portable_ext_leg_frame_corner_outter_96_01.rmdl,71438,1823,3025,39208,1068,1640,1,1,4,4
mdl/levels_terrain/mp_rr_canyonlands/pillar_passthrough01.rmdl,28080,584,1024,28080,584,1024,1,1,1,3
mdl/IMC_base/imc_portable_ext_floorpanel_256x128_dark_01.rmdl,1656,36,72,1564,34,68,1,1,2,4
mdl/military_base/militarybunker_wall_256x128_metal_01_c.rmdl,864,16,32,864,16,32,1,1,1,3
mdl/floating_village/lagoon_hut_wall_panels_tall_01.rmdl,17208,388,744,9848,228,424,1,1,2,2
mdl/runoff/runoff_windowframe_03_bars.rmdl,97248,2768,4032,56432,1632,2332,1,1,3,2
mdl/floating_village/walkway_wood_01_128.rmdl,113798,3023,4783,74028,2028,3093,1,1,4,5
mdl/IMC_base/imc_portable_ext_floorpanel_192x128_dark_01.rmdl,1656,36,72,1564,34,68,1,1,2,4
mdl/military_base/militarybunker_pipe_straight_red_01_b.rmdl,18576,424,668,9864,236,352,1,1,3,3
mdl/desertlands/industrial_metal_frame_wall_128x144_02.rmdl,31320,780,1332,13192,352,554,1,1,4,3
mdl/colony/farmland_wall_128x128x16_metal_01.rmdl,5128,268,176,5128,268,176,1,1,1,2
mdl/colony/farmland_wall_128x128x16_metal_01b.rmdl,1288,28,56,1288,28,56,1,1,1,2
mdl/IMC_base/imc_portable_ext_endcap_corner_01.rmdl,18644,534,772,16832,492,694,1,1,2,4
mdl/thunderdome/thunderdome_cage_floor_64x64_01.rmdl,2940,80,123,2940,80,123,1,1,1,3
mdl/IMC_base/imc_portable_ext_floorpanel_128x128_dark_01.rmdl,1656,36,72,1564,34,68,1,1,2,4
mdl/military_base/militaryfort_wall_cap_filler_01_a.rmdl,7560,180,270,3672,108,126,1,1,3,2
mdl/military_base/militarybunker_wall_128x128_metal_01_d.rmdl,864,16,32,864,16,32,1,1,1,3
mdl/colony/farmland_wall_128x128x08_metal_01.rmdl,4392,252,144,4392,252,144,1,1,1,2
mdl/colony/farmland_wall_128x128x04_metal_01.rmdl,4068,198,144,2380,130,80,1,1,3,2
mdl/floating_village/walkway_wood_01_64.rmdl,63672,1812,2640,38036,1116,1567,1,1,4,5
mdl/runoff/runoff_windowframe_02.rmdl,146028,4988,5805,72064,2784,2768,1,1,4,2
mdl/runoff/runoff_windowframe_02_bars.rmdl,158540,5300,6337,77952,2952,3012,1,1,4,2
mdl/colony/farmland_house_doorway_064x080x04_01.rmdl,6268,178,260,6268,178,260,1,1,1,3
mdl/playback/playback_staircase_128_quad_01_a.rmdl,63876,1374,2318,41484,954,1490,1,1,3,2
mdl/colony/farmland_fence_rusted_03_large.rmdl,26124,934,1026,14316,526,558,1,1,3,2
mdl/IMC_base/imc_portable_ext_double_windowframe_open_red_01.rmdl,24400,600,1040,24400,600,1040,1,1,1,3
mdl/colony/farmland_house_window_02.rmdl,10676,366,424,10676,366,424,1,1,1,3
mdl/domestic/slums_market_stall_doorframe_64_open_01.rmdl,28340,750,1192,16724,494,688,1,1,3,2
mdl/colony/farmland_wall_128x096x08_metal_01.rmdl,4392,252,144,4392,252,144,1,1,1,2
mdl/canyonlands/clands_wall_wire_cluster_256_01_a.rmdl,19440,560,670,19440,560,670,1,1,1,3
mdl/colony/farmland_house_window_half_02.rmdl,9272,292,376,5504,184,220,1,1,2,3
mdl/black_water_canal/concrete_bracket_gap_large_01.rmdl,45720,940,1670,18624,400,676,1,1,4,2
mdl/colony/farmland_wall_128x096x04_metal_01.rmdl,4068,198,144,2380,130,80,1,1,3,2
mdl/levels_terrain/mp_rr_canyonlands/clands_mu2_rig_crane_base_link_160.rmdl,18216,396,792,12696,276,552,1,1,3,2
mdl/colony/farmland_wall_128x096x04_metal_01b.rmdl,656,16,28,656,16,28,1,1,1,2
mdl/playback/playback_staircase_96_quad_01_a.rmdl,63876,1374,2318,41484,954,1490,1,1,3,2
mdl/runoff/runoff_windowframe_01.rmdl,142884,4914,5670,71744,2784,2752,1,1,4,2
mdl/runoff/runoff_windowframe_01_bars.rmdl,155316,5226,6198,77552,2952,2992,1,1,4,2
mdl/military_base/militarybunker_wall_corner_metal_01_b.rmdl,13248,296,478,6600,172,232,1,1,3,2
mdl/military_base/militarybunker_wall_corner_metal_01_a.rmdl,3552,80,128,1824,48,64,1,1,3,2
mdl/colony/farmland_wall_128x064x16_metal_01b.rmdl,2200,60,92,2200,60,92,1,1,1,2
mdl/imc_base/imc_portable_ext_floorpanel_64x128_dark_01.rmdl,1656,36,72,1564,34,68,1,1,2,4
mdl/thunderdome/thunderdome_cage_floor_128x64_01.rmdl,4016,96,172,2176,56,92,1,1,3,3
mdl/levels_terrain/mp_rr_canyonlands/lagoon_ceiling_beams_01.rmdl,4288,198,155,2872,142,101,1,1,3,2
mdl/colony/farmland_wall_corner_128x32_metal_01.rmdl,7808,228,322,7808,228,322,1,1,1,4
mdl/canyonlands/sewer_hole_01.rmdl,56136,2116,2172,38224,1474,1469,1,1,3,2
mdl/military_base/militarybunker_pipe_straight_red_01_a.rmdl,18576,424,668,9864,236,352,1,1,3,3
mdl/IMC_base/scaffold_tech_halfwalk.rmdl,72484,1854,3068,37112,1012,1552,1,1,4,3
mdl/colony/farmland_wall_128x064x08_metal_01b.rmdl,1048,28,44,1048,28,44,1,1,1,2
mdl/playback/playback_staircase_64_quad_01_a.rmdl,56856,1140,2084,34464,720,1256,1,1,3,2
mdl/nexus/fir_stump_cut_roots_01.rmdl,50100,2180,1851,43048,1928,1574,1,1,2,3
mdl/IMC_base/imc_portable_ext_endcap_256_01.rmdl,19156,546,794,17160,500,708,1,1,2,4
mdl/canyonlands/octane_tt_fence_low_long.rmdl,13434,319,576,8424,204,360,1,1,3,2
mdl/colony/farmland_wall_128x064x04_metal_01b.rmdl,656,16,28,656,16,28,1,1,1,2
mdl/floating_village/lagoon_hut_support_posts_08.rmdl,4948,218,182,2896,136,104,1,1,3,2
mdl/colony/farmland_ceiling_128x048_01.rmdl,11338,433,437,6994,319,254,1,1,3,2
mdl/colony/farmland_fence_rusted_03.rmdl,19012,662,752,10852,382,428,1,1,3,2
mdl/imc_base/imc_portable_ext_single_windowframe_open_red_01.rmdl,18880,480,800,18880,480,800,1,1,1,3
mdl/IMC_base/imc_portable_ext_endcap_192_01.rmdl,19208,548,796,16884,494,696,1,1,2,4
mdl/floating_village/lagoon_hut_support_posts_06.rmdl,4908,218,180,2896,136,104,1,1,3,2
mdl/playback/playback_staircase_96_double_01_a.rmdl,39276,842,1426,25860,590,930,1,1,3,2
mdl/ola/sewer_staircase_96_end_01.rmdl,5624,124,244,5624,124,244,1,1,1,2
mdl/floating_village/lagoon_hut_support_posts_01.rmdl,8160,350,303,4720,220,170,1,1,3,2
mdl/IMC_base/scaffold_tech_alpharail_128.rmdl,14032,312,608,14032,312,608,1,1,1,2
mdl/military_base/militarybunker_pipe_corner_red_01_b.rmdl,24636,754,838,14664,484,490,1,1,3,2
mdl/colony/farmland_ceiling_096x048_01.rmdl,6422,237,250,6422,237,250,1,1,1,2
mdl/IMC_base/imc_portable_ext_floorpanel_64x64_dark_01.rmdl,1656,36,72,1564,34,68,1,1,2,4
mdl/IMC_base/scaffold_tech_alpharaillong_128.rmdl,15688,348,680,15688,348,680,1,1,1,2
mdl/playback/playback_staircase_64_base_double_01_a.rmdl,37476,750,1374,22116,462,806,1,1,3,2
mdl/playback/playback_bridge_panel_064x064_01.rmdl,23976,780,804,20988,722,694,1,1,2,2
mdl/playback/playback_staircase_64_top_double_01_a.rmdl,36588,730,1342,21900,458,798,1,1,3,2
mdl/playback/playback_staircase_64_double_01_a.rmdl,33528,676,1228,20112,424,732,1,1,3,2
mdl/domestic/slums_fish_sink_table_48x32_01.rmdl,97320,3024,3299,56580,1970,1865,1,1,4,5
mdl/levels_terrain/mp_rr_canyonlands/lagoon_ceiling_beams_02.rmdl,4288,198,155,2872,142,101,1,1,3,2
mdl/IMC_base/imc_portable_ext_endcap_128_01.rmdl,17776,516,734,16332,482,672,1,1,2,4
mdl/canyonlands/octane_tt_fence_low_medium.rmdl,13408,318,575,8424,204,360,1,1,3,2
mdl/colony/farmland_house_corner_16x16_01.rmdl,2112,52,90,2112,52,90,1,1,1,2
mdl/canyonlands/clands_wall_vent_round_01_a.rmdl,5940,158,208,5940,158,208,1,1,1,2
mdl/playback/playback_staircase_96_single_01_a.rmdl,25536,544,928,16608,376,598,1,1,3,2
mdl/playback/playback_staircase_96_base_single_01_a.rmdl,29940,630,1090,19068,426,688,1,1,3,2
mdl/playback/playback_staircase_96_top_single_01_a.rmdl,28128,592,1024,18120,404,654,1,1,3,2
mdl/colony/farmland_trim_angle_128x016_01.rmdl,1624,44,68,1624,44,68,1,1,1,2
mdl/floating_village/lagoon_hut_support_posts_10.rmdl,5180,230,190,2928,138,105,1,1,3,2
mdl/colony/farmland_house_frame_01_128.rmdl,972,22,42,972,22,42,1,1,1,2
mdl/floating_village/lagoon_hut_support_posts_03.rmdl,968,28,40,968,28,40,1,1,1,2
mdl/playback/playback_staircase_64_single_01_a.rmdl,22356,454,818,13428,286,488,1,1,3,2
mdl/beacon/beacon_fence_cable_01.rmdl,22576,876,866,22576,876,866,1,1,1,2
mdl/playback/playback_bridge_panel_64x32_01.rmdl,5832,108,216,3132,58,116,1,1,2,2
mdl/floating_village/lagoon_hut_support_posts_02.rmdl,968,28,40,968,28,40,1,1,1,2
mdl/playback/playback_staircase_64_base_single_01_a.rmdl,26052,526,954,15180,322,552,1,1,3,2
mdl/colony/farmland_trim_angle_096x016_01.rmdl,1584,44,66,1584,44,66,1,1,1,2
mdl/canyonlands/octane_tt_fence_short.rmdl,15334,379,653,9168,228,390,1,1,3,2
mdl/colony/farmland_house_frame_01_096.rmdl,972,22,42,972,22,42,1,1,1,2
mdl/beacon/beacon_server_single_01.rmdl,9868,278,410,9868,278,410,1,1,1,2
mdl/colony/farmland_trim_angle_064x016_01.rmdl,1584,44,66,1584,44,66,1,1,1,2
mdl/colony/farmland_house_frame_01_064.rmdl,972,22,42,972,22,42,1,1,1,2
mdl/canyonlands/octane_tt_fence_low_short.rmdl,13388,318,574,8424,204,360,1,1,3,2
mdl/pipes/pipe_small_8_01.rmdl,39344,1464,1528,22496,856,868,1,1,3,2
mdl/colony/farmland_house_frame_01_048.rmdl,972,22,42,972,22,42,1,1,1,2
mdl/barriers/guard_rail_end_02.rmdl,8904,444,312,8904,444,312,1,1,1,2
mdl/colony/farmland_trim_angle_032x016_01.rmdl,2004,64,81,2004,64,81,1,1,1,2
mdl/colony/farmland_house_frame_01_032.rmdl,972,22,42,972,22,42,1,1,1,2
mdl/mcor/mcor_monitor_02.rmdl,3676,86,158,3676,86,158,1,1,1,2
mdl/colony/farmland_house_frame_01_016.rmdl,972,22,42,972,22,42,1,1,1,2
mdl/industrial/exit_sign_04.rmdl,1712,52,70,1096,36,44,1,1,2,2
mdl/colony/farmland_house_frame_01_008.rmdl,972,22,42,972,22,42,1,1,1,2
mdl/levels_terrain/mp_rr_canyonlands/canyonlands_terrain_sunken_skulltown.rmdl,220196,9964,5729,220196,9964,5729,1,1,1,2
mdl/levels_terrain/mp_rr_canyonlands/dog_whistle_building_03_damaged.rmdl,164016,5944,5348,95868,3694,3071,1,1,4,10
mdl/levels_terrain/mp_rr_canyonlands/rr_canyonlands_trash_pile_01.rmdl,5544,248,169,5544,248,169,1,1,1,2
mdl/levels_terrain/mp_rr_canyonlands/clands_bldg_destroyed_01.rmdl,174756,4478,6162,174756,4478,6162,1,1,1,9
mdl/levels_terrain/mp_rr_canyonlands/military_bridge_middle_01.rmdl,240480,5612,7386,120636,2998,3666,1,1,4,7
mdl/exoplanet/exoplanet_dog_whistle_tower_01.rmdl,1520826,38261,47847,806936,21392,25208,1,1,3,13
mdl/levels_terrain/mp_rr_canyonlands/rr_canyonlands_trash_pile_02.rmdl,3672,160,113,3672,160,113,1,1,1,2
mdl/levels_terrain/mp_rr_canyonlands/dog_whistle_building_01_damaged.rmdl,127206,3425,4444,56970,1687,1952,1,1,4,9
mdl/playback/playback_gun_platform_01.rmdl,124176,3156,4385,69096,1808,2427,1,1,4,5
mdl/levels_terrain/mp_rr_canyonlands/dog_whistle_tower_panel_damaged_02.rmdl,163992,4500,5708,82560,2408,2838,1,1,4,11
mdl/levels_terrain/mp_runoff/water_tower.rmdl,406440,10580,14290,247668,6546,8683,1,1,4,12
mdl/runoff/runoff_fuel_tank_01.rmdl,417576,11960,14409,260388,7562,8959,1,1,3,11
mdl/canyonlands/canyonlands_river_rock_02.rmdl,773376,28636,25065,391764,16066,12307,1,1,4,3
mdl/sewers/sewer_vent_large_02.rmdl,278844,7094,9845,152628,3958,5370,1,1,3,5
mdl/levels_terrain/mp_rr_canyonlands/clands_mu2_capacitor_door_01.rmdl,192476,5090,5829,192476,5090,5829,1,1,1,9
mdl/military_base/militarybunker_wall_angled_ext_01_a.rmdl,7164,174,255,7164,174,255,1,1,1,4
mdl/military_base/militarybunker_wall_angled_ext_01_closed.rmdl,4824,124,170,4824,124,170,1,1,1,5
mdl/military_base/militarybunker_wall_angled_ext_01_opened.rmdl,8004,190,286,8004,190,286,1,1,1,5
mdl/canyonlands/canyonlands_canon_01.rmdl,2192058,50813,68865,1190624,29224,36950,1,1,5,8
mdl/levels_terrain/mp_rr_canyonlands/military_bridge_section_01.rmdl,209294,4909,6432,104988,2678,3178,1,1,4,7
mdl/levels_terrain/mp_rr_canyonlands/clands_mu2_rig_crane_top.rmdl,1270988,28798,45882,619504,14704,22188,1,1,5,6
mdl/canyonlands/octane_tt_ramp_big.rmdl,269814,6753,9554,160476,4126,5655,1,1,5,7
mdl/runoff/pump_tower_01.rmdl,523632,14962,21693,303606,8811,12537,1,1,3,7
mdl/vehicles_r5/air/dropship_goblin/veh_air_dship_goblin_prk_opn_v1_static.rmdl,2025342,59029,69632,995418,31627,33569,1,1,5,4
mdl/military_base/militarybunker_wall_256x128_metal_01_a.rmdl,3468,82,124,1596,42,56,1,1,3,2
mdl/military_base/militaryfort_turret_pit_01.rmdl,369132,10282,12810,199080,5712,6867,1,1,4,10
mdl/canyonlands/canyonlands_river_rock_01.rmdl,140004,6254,4270,69696,3508,2027,1,1,4,3
mdl/levels_terrain/mp_runoff/spherical_pressure_tank_LM.rmdl,61740,2382,1977,37260,1502,1177,1,1,3,7
mdl/levels_terrain/mp_rr_canyonlands/clands_mu2_rig_crane_rail.rmdl,311472,9452,12738,311472,9452,12738,1,1,1,6
mdl/props/charge_pylon/charge_pylon_01_base.rmdl,344424,8540,12216,187740,4890,6600,1,1,4,5
mdl/thaw/thaw_container_large.rmdl,244086,6921,8440,166848,4796,5753,1,1,2,9
mdl/props/charge_pylon/charge_pylon_01_qtr.rmdl,278106,8171,9545,278106,8171,9545,1,1,1,7
mdl/IMC_base/imc_portable_ext_wall_256_01b.rmdl,138384,3732,4833,117204,3258,4069,1,1,3,6
mdl/IMC_base/imc_portable_ext_wall_doubledoor_entry_256_01b.rmdl,143262,3865,5003,120360,3340,4180,1,1,3,6
mdl/military_base/militarybunker_wall_128x128_metal_01_a.rmdl,3468,82,124,1596,42,56,1,1,3,2
mdl/IMC_base/imc_portable_ext_wall_256_01a.rmdl,136122,3671,4754,114912,3196,3989,1,1,3,6
mdl/canyonlands/octane_tt_junk_01.rmdl,5682,195,188,5682,195,188,1,1,1,3
mdl/IMC_base/imc_portable_ext_wall_doublewindow_cutout_256_01b.rmdl,179748,4662,6324,148932,3998,5206,1,1,3,6
mdl/slum_city/slumcity_column_40x128_dirty_c.rmdl,8280,180,300,8280,180,300,1,1,1,3
mdl/IMC_base/imc_portable_ext_wall_doublewindow_cutout_256_01a.rmdl,175632,4568,6176,146496,3936,5120,1,1,3,6
mdl/garbage/slumcity_trash_pile_wall_01.rmdl,1920,72,62,1920,72,62,1,1,1,2
mdl/canyonlands/octane_tt_screen_01.rmdl,38252,626,1078,24224,400,682,1,1,3,4
mdl/canyonlands/base_elevator_BNW_cable_01.rmdl,210592,5372,6370,141446,3657,4268,1,1,3,7
mdl/imc_base/imc_portable_ext_wall_full_window_cutout_256_01a.rmdl,125532,3242,4420,104136,2772,3646,1,1,3,6
mdl/IMC_base/imc_portable_ext_wall_full_window_cutout_192_01a.rmdl,125358,3285,4402,102984,2780,3596,1,1,3,6
mdl/IMC_base/imc_portable_ext_wall_192_01a.rmdl,138216,3800,4809,115512,3280,3993,1,1,3,6
mdl/IMC_base/imc_portable_ext_wall_doublewindow_cutout_192_01a.rmdl,176424,4664,6185,146448,4008,5100,1,1,3,6
mdl/IMC_base/imc_portable_ext_wall_extension_256_01.rmdl,120396,3602,4116,77928,2368,2655,1,1,3,8
mdl/IMC_base/imc_portable_ext_wall_inner_corner_01a.rmdl,134760,3676,4696,112248,3172,3884,1,1,3,6
mdl/IMC_base/imc_portable_ext_wall_inner_corner_01c.rmdl,134820,3678,4698,112248,3172,3884,1,1,3,6
mdl/imc_base/imc_portable_int_wall_full_window_cutout_256_01a.rmdl,109056,2872,3826,99156,2638,3472,1,1,2,9
mdl/IMC_base/imc_portable_int_wall_doublewindow_cutout_256_01a.rmdl,103824,2752,3638,94716,2538,3312,1,1,2,9
mdl/IMC_base/imc_portable_int_wall_doubledoor_entry_256_01a.rmdl,73356,1714,2628,65388,1538,2340,1,1,2,7
mdl/IMC_base/imc_portable_int_wall_256_01a.rmdl,103476,2698,3637,96408,2540,3382,1,1,2,8
mdl/IMC_base/imc_portable_ext_wall_128_01a.rmdl,126684,3538,4394,108108,3126,3723,1,1,3,6
mdl/IMC_base/imc_portable_ext_wall_128_01b.rmdl,129012,3598,4476,110220,3182,3797,1,1,3,6
mdl/IMC_base/imc_portable_ext_wall_128_01e.rmdl,126684,3538,4394,108108,3126,3723,1,1,3,6
mdl/IMC_base/imc_portable_ext_wall_singledoor_entry_128_01a.rmdl,140832,3932,4885,109920,3184,3784,1,1,3,6
mdl/IMC_base/imc_portable_ext_wall_singledoor_entry_128_01e.rmdl,129870,3641,4501,109920,3184,3784,1,1,3,6
mdl/IMC_base/imc_portable_ext_wall_singlewindow_cutout_128_01a.rmdl,145356,3946,5070,122940,3458,4258,1,1,3,6
mdl/IMC_base/imc_portable_int_wall_full_window_cutout_192_01a.rmdl,81246,2177,2841,71376,1940,2489,1,1,2,9
mdl/IMC_base/imc_portable_int_wall_outter_corner_01a.rmdl,98016,2704,3408,86328,2444,2986,1,1,2,8
mdl/IMC_base/imc_portable_int_wall_doublewindow_cutout_192_01a.rmdl,77400,2092,2702,68244,1878,2374,1,1,2,9
mdl/IMC_base/imc_portable_int_wall_192_01a.rmdl,87396,2358,3052,79752,2188,2776,1,1,2,8
mdl/IMC_base/imc_portable_ext_wall_cap_128_01b.rmdl,25656,556,930,21084,458,764,1,1,2,4
mdl/IMC_base/imc_portable_ext_wall_cap_128_01a.rmdl,25656,556,930,21084,458,764,1,1,2,4
mdl/IMC_base/imc_portable_ext_wall_outter_corner_01b.rmdl,18468,510,642,13464,388,464,1,1,3,4
mdl/IMC_base/imc_portable_ext_wall_outter_corner_01d.rmdl,17712,504,612,13080,388,448,1,1,3,4
mdl/IMC_base/imc_portable_int_peephole_128x256_inthalf_01.rmdl,17520,456,616,9192,236,324,1,1,2,3
mdl/IMC_base/imc_portable_int_wall_128_01a.rmdl,75072,2056,2614,67560,1892,2342,1,1,2,8
mdl/IMC_base/imc_portable_int_wall_singledoor_entry_128_01a.rmdl,54252,1322,1930,46284,1146,1642,1,1,2,7
mdl/IMC_base/imc_portable_int_wall_singlewindow_cutout_128_01a.rmdl,74712,2048,2601,65904,1844,2285,1,1,2,9
mdl/IMC_base/imc_portable_ext_wall_64_01a.rmdl,62340,1738,2163,51288,1484,1766,1,1,3,6
mdl/IMC_base/imc_portable_ext_wall_64_01b.rmdl,63108,1762,2189,51996,1506,1790,1,1,3,6
mdl/military_base/militarybunker_wall_256x128_metal_01_b.rmdl,9240,212,332,3888,104,136,1,1,3,3
mdl/IMC_base/imc_portable_int_wall_inner_corner_02a.rmdl,112920,2968,3963,102354,2743,3579,1,1,2,8
mdl/IMC_base/imc_portable_int_peephole_128_inthalf.rmdl,17520,456,616,9192,236,324,1,1,2,3
mdl/IMC_base/imc_portable_ext_underside_tank_128_01.rmdl,32736,936,1130,32736,936,1130,1,1,1,5
mdl/signs/sign_neon_public_market_01_a.rmdl,199980,5078,7063,135840,3552,4772,1,1,2,4
mdl/IMC_base/imc_portable_int_wall_64_01a.rmdl,68556,1890,2384,61188,1726,2118,1,1,2,8
mdl/beacon/beacon_plug_02.rmdl,62496,2596,2346,62496,2596,2346,1,1,1,2
mdl/IMC_base/imc_portable_int_wall_32_01a.rmdl,51534,1285,1826,44724,1134,1580,1,1,2,7
mdl/levels_terrain/mp_rr_canyonlands/wraith_tt_chair.rmdl,595146,20691,19625,347490,12763,11288,1,1,3,4
mdl/military_base/militarybunker_wall_128x128_metal_01_b.rmdl,9240,212,332,3888,104,136,1,1,3,3
mdl/military_base/militarybunker_wall_128x128_metal_01_c.rmdl,10536,236,380,5076,126,180,1,1,3,4
mdl/imc_base/imc_portable_int_wall_divider_8_01.rmdl,12264,284,440,10644,246,382,1,1,2,4
mdl/IMC_base/imc_portable_ext_underside_tank_endcap_01.rmdl,13104,368,454,13104,368,454,1,1,1,5
mdl/levels_terrain/mp_rr_canyonlands/clands_mu2_rig_crane_wheels_01.rmdl,139488,4340,4727,93120,3112,3102,1,1,3,4
mdl/industrial/metal_vent_01.rmdl,7760,210,325,5736,166,237,1,1,2,2
mdl/canyonlands/lagoon_overgrown_moss_01.rmdl,432,16,14,432,16,14,1,1,1,1
mdl/canyonlands/lagoon_overgrown_moss_02.rmdl,240,8,8,240,8,8,1,1,1,1
mdl/canyonlands/lagoon_overgrown_moss_03.rmdl,468,18,15,468,18,15,1,1,1,1
mdl/canyonlands/lagoon_overgrown_moss_04.rmdl,240,8,8,240,8,8,1,1,1,1
mdl/canyonlands/lagoon_overgrown_moss_05.rmdl,240,8,8,240,8,8,1,1,1,1
mdl/canyonlands/lagoon_overgrown_moss_06.rmdl,540,22,17,540,22,17,1,1,1,1
mdl/canyonlands/passthrough_base_decal_01.rmdl,1704,44,60,1704,44,60,1,1,1,1
mdl/industrial/underbelly_platform_128_8_decals_a.rmdl,216,4,8,216,4,8,1,1,1,1
mdl/levels_terrain/mp_rr_canyonlands/canyonlands_terrain_section_09_water_illum_mu1.rmdl,84176,3814,2189,84176,3814,2189,1,1,1,1
mdl/levels_terrain/mp_rr_canyonlands/canyonlands_terrain_section_10_water_illum.rmdl,43366,1959,1129,43366,1959,1129,1,1,1,1
mdl/levels_terrain/mp_rr_canyonlands/canyonlands_terrain_section_12_water_illum.rmdl,9112,366,247,9112,366,247,1,1,1,1
mdl/military_base/militaryfort_wall_corner_decal_stripes_01.rmdl,2996,86,124,2996,86,124,1,1,1,2
mdl/military_base/militaryfort_wall_corner_decal_stripes_02.rmdl,2352,72,96,2352,72,96,1,1,1,1
mdl/military_base/militaryfort_wall_corner_decal_stripes_03.rmdl,2352,72,96,2352,72,96,1,1,1,1
mdl/military_base/militaryfort_wall_decal_doorway_01.rmdl,4040,140,160,4040,140,160,1,1,1,1
mdl/pipes/pipe_frac_ground_128_cap.rmdl,4950,105,180,1956,42,71,1,1,3,1
mdl/rocks/rock_white_chalk_modular_large_02_cracks.rmdl,93852,4354,2822,93852,4354,2822,1,1,1,2
mdl/canyonlands/cylinder_BNW_01.rmdl,783200,22196,23536,525552,15012,15836,1,1,3,10
mdl/containers/boomtown_holding_cell_bars_closed.rmdl,605688,18396,20638,457254,15153,15264,1,1,3,10
mdl/containers/boomtown_holding_cell_bars_open.rmdl,460404,10670,16516,352434,8363,12594,1,1,3,10
mdl/IMC_base/imc_portable_int_peephole_128_exthalf.rmdl,123336,2540,4504,87864,1812,3208,1,1,2,7
mdl/IMC_base/imc_portable_int_peephole_128x256_exthalf_01.rmdl,123552,2560,4508,88128,1832,3214,1,1,2,7
mdl/levels_terrain/mp_runoff/biodome_broken_runoff.rmdl,437268,10302,15644,224868,5670,7952,1,1,4,16
mdl/levels_terrain/mp_rr_canyonlands/canyonlands_mu2_bunker_water.rmdl,33080,1206,923,33080,1206,923,1,1,1,2
mdl/levels_terrain/mp_rr_canyonlands/canyonlands_terrain_section_06_water_mu2.rmdl,233594,8445,6533,233594,8445,6533,1,1,1,4
mdl/levels_terrain/mp_rr_canyonlands/canyonlands_terrain_section_07_water_mu1.rmdl,33790,1371,913,33790,1371,913,1,1,1,4
mdl/levels_terrain/mp_rr_canyonlands/canyonlands_terrain_section_09_water_mu1.rmdl,75728,2812,2102,75728,2812,2102,1,1,1,4
mdl/levels_terrain/mp_rr_canyonlands/canyonlands_terrain_section_10_water.rmdl,12096,462,333,12096,462,333,1,1,1,2
mdl/levels_terrain/mp_rr_canyonlands/canyonlands_water_section_01_mu2.rmdl,51790,2075,1405,51790,2075,1405,1,1,1,3
mdl/levels_terrain/mp_rr_canyonlands/clands_mu2_capacitor_water_01.rmdl,17120,758,449,17120,758,449,1,1,1,3
mdl/angel_city/metal_support_glass_top_cap_straight.rmdl,2520,52,92,2520,52,92,1,1,1,2
mdl/barriers/sandbags_ripped_01.rmdl,18540,766,581,12840,572,392,1,1,3,2
mdl/door/imc_double_door_128x256_01.rmdl,511836,17186,20436,220476,7606,8742,1,1,5,2
mdl/imc_base/imc_portable_ext_full_windowframe_closed_dark_01.rmdl,25228,598,1082,12608,308,538,1,1,2,3
mdl/IMC_base/imc_portable_ext_full_windowframe_closed_dark_inside_01.rmdl,12264,304,522,12264,304,522,1,1,1,3
mdl/IMC_base/imc_portable_ext_single_windowframe_closed_dark_01.rmdl,9636,246,408,9636,246,408,1,1,1,4
mdl/IMC_base/imc_portable_ext_single_windowframe_closed_dark_inside_01.rmdl,9636,246,408,9636,246,408,1,1,1,4
mdl/IMC_base/imc_portable_int_floor_128x128_02.rmdl,379440,11168,13018,269322,8383,9126,1,1,3,6
mdl/industrial/glass_white_board.rmdl,88960,2840,3596,42952,1512,1694,1,1,3,2
mdl/industrial/mounted_glass_wired_frame.rmdl,12880,280,560,12880,280,560,1,1,1,2
mdl/lamps/runway_light_2ft_blue_on.rmdl,12024,454,465,12024,454,465,1,1,1,2
mdl/levels_terrain/mp_rr_canyonlands/hydroelectric_dam_facility_turbine_01.rmdl,284706,7741,11913,206056,5856,8546,1,1,3,6
mdl/mendoko/mendoko_cabinet_05.rmdl,125688,3632,4329,94500,2834,3229,1,1,2,3
mdl/signs/building_sign_lit_tall_03.rmdl,207164,5714,8644,120448,3488,4976,1,1,3,2
mdl/vehicles_r5/land/msc_truck_mod_lrg/veh_land_msc_truck_mod_military_lrg_01_closed_static.rmdl,537084,19164,21105,269010,9905,10479,1,1,5,3
mdl/vistas/canyonlands_mu2_se.rmdl,609636,18050,20462,609636,18050,20462,1,1,1,13
mdl/buildings/windows/window_broken_glass_01.rmdl,184,4,8,184,4,8,1,1,1,1
mdl/buildings/windows/window_broken_glass_02.rmdl,184,4,8,184,4,8,1,1,1,1
mdl/buildings/windows/window_broken_glass_03.rmdl,184,4,8,184,4,8,1,1,1,1
mdl/buildings/windows/window_broken_glass_04.rmdl,184,4,8,184,4,8,1,1,1,1
mdl/buildings/windows/window_broken_glass_05.rmdl,184,4,8,184,4,8,1,1,1,1
mdl/buildings/windows/window_broken_glass_06.rmdl,184,4,8,184,4,8,1,1,1,1
mdl/canyonlands/wraith_tt_caustics.rmdl,15852,558,521,15852,558,521,1,1,1,1
mdl/exoplanet/sand_fall_01.rmdl,36000,1584,1104,36000,1584,1104,1,1,1,1
mdl/exoplanet/sand_fall_02.rmdl,47304,2112,1443,47304,2112,1443,1,1,1,1
mdl/exoplanet/sand_fall_splash_01.rmdl,6408,288,195,6408,288,195,1,1,1,1
mdl/holo_screens/monitor_hood_imc_01_screen_text_02.rmdl,192,4,6,192,4,6,1,1,1,1
mdl/holo_screens/monitor_hood_imc_02_screen_text.rmdl,192,4,6,192,4,6,1,1,1,1
mdl/levels_terrain/mp_rr_canyonlands/bunker_godrays_01.rmdl,24360,1104,739,24360,1104,739,1,1,1,2
mdl/levels_terrain/mp_rr_canyonlands/canyonlands_godray_01_mu2.rmdl,173264,6720,4748,173264,6720,4748,1,1,1,1
mdl/levels_terrain/mp_rr_canyonlands/canyonlands_godray_02_mu2.rmdl,2424,96,66,2424,96,66,1,1,1,1
mdl/levels_terrain/mp_rr_canyonlands/canyonlands_godray_03_mu2.rmdl,3636,144,99,3636,144,99,1,1,1,1
mdl/levels_terrain/mp_rr_canyonlands/canyonlands_godray_04_mu2.rmdl,4848,192,132,4848,192,132,1,1,1,1
mdl/levels_terrain/mp_rr_canyonlands/canyonlands_godray_05_mu2.rmdl,10908,432,297,10908,432,297,1,1,1,1
mdl/levels_terrain/mp_rr_canyonlands/canyonlands_godray_06_mu2.rmdl,1212,48,33,1212,48,33,1,1,1,1
mdl/levels_terrain/mp_rr_canyonlands/canyonlands_godray_07_mu2.rmdl,29088,1152,792,29088,1152,792,1,1,1,2
mdl/levels_terrain/mp_rr_canyonlands/canyonlands_mall_interior_01_godrays.rmdl,34468,840,1051,34468,840,1051,1,1,1,1
mdl/levels_terrain/mp_rr_canyonlands/canyonlands_mu2_bunker_water_foam.rmdl,18336,824,558,18336,824,558,1,1,1,1
mdl/levels_terrain/mp_rr_canyonlands/canyonlands_terrain_section_02_water.rmdl,14334,505,471,14334,505,471,1,1,1,2
mdl/levels_terrain/mp_rr_canyonlands/canyonlands_terrain_section_07_water_foam_mu1.rmdl,16700,618,464,16700,618,464,1,1,1,1
mdl/levels_terrain/mp_rr_canyonlands/canyonlands_terrain_section_07_water_foam_mu1_02.rmdl,12164,464,335,12164,464,335,1,1,1,1
mdl/levels_terrain/mp_rr_canyonlands/canyonlands_terrain_section_07_water_foam_mu1_03.rmdl,31252,1158,868,31252,1158,868,1,1,1,1
mdl/levels_terrain/mp_rr_canyonlands/canyonlands_terrain_section_07_waterfall_foam_mu1.rmdl,11544,496,306,11544,496,306,1,1,1,2
mdl/levels_terrain/mp_rr_canyonlands/water_foam_radial_down_inwards_01.rmdl,3546,147,111,3546,147,111,1,1,1,1
mdl/levels_terrain/mp_rr_canyonlands/water_foam_radial_inwards_01.rmdl,3018,147,89,3018,147,89,1,1,1,1
mdl/levels_terrain/mp_rr_canyonlands/water_foam_radial_outwards_01.rmdl,2880,140,85,2880,140,85,1,1,1,1
mdl/levels_terrain/mp_rr_canyonlands/water_treatment_01_mud_water.rmdl,672,28,21,672,28,21,1,1,1,1
mdl/levels_terrain/mp_rr_canyonlands/water_treatment_02_mud_water.rmdl,672,28,21,672,28,21,1,1,1,1
mdl/levels_terrain/mp_rr_canyonlands/waterfall_canyonlands_01.rmdl,48936,1884,1344,48936,1884,1344,1,1,1,2
mdl/levels_terrain/mp_rr_canyonlands/waterfall_canyonlands_02.rmdl,45528,1764,1248,45528,1764,1248,1,1,1,2
mdl/levels_terrain/mp_rr_canyonlands/waterfall_canyonlands_03.rmdl,40536,1764,1248,40536,1764,1248,1,1,1,2
mdl/levels_terrain/mp_rr_canyonlands/waterfall_canyonlands_04.rmdl,21952,840,604,21952,840,604,1,1,1,2
mdl/levels_terrain/mp_rr_canyonlands/waterfall_canyonlands_05.rmdl,48936,1884,1344,48936,1884,1344,1,1,1,2
mdl/levels_terrain/mp_rr_canyonlands/wraith_tt_godray_int_room_01.rmdl,17688,748,550,17688,748,550,1,1,1,1
mdl/levels_terrain/mp_rr_canyonlands/wraith_tt_godray_left_hall_01.rmdl,32568,1388,1010,32568,1388,1010,1,1,1,3
mdl/levels_terrain/mp_rr_canyonlands/wraith_tt_godray_left_room_01.rmdl,23568,1064,716,23568,1064,716,1,1,1,2
mdl/levels_terrain/mp_rr_canyonlands/wraith_tt_godray_right_hall_01.rmdl,36900,1650,1125,36900,1650,1125,1,1,1,3
mdl/levels_terrain/mp_rr_canyonlands/wraith_tt_godray_right_room_01.rmdl,12864,544,400,12864,544,400,1,1,1,1
mdl/levels_terrain/mp_sandtrap/sandtrap_interior_sandpile.rmdl,41436,1824,1089,41436,1824,1089,1,1,1,1
mdl/levels_terrain/pve_test/spiderweb_hanging_large_02.rmdl,18054,861,537,10464,528,304,1,1,4,1
mdl/levels_terrain/pve_test/spiderweb_hanging_large_04.rmdl,12516,550,384,6984,336,207,1,1,4,2
mdl/levels_terrain/pve_test/spiderweb_hanging_large_05.rmdl,42630,1681,1356,27072,1020,873,1,1,4,2
mdl/levels_terrain/pve_test/spiderweb_hanging_large_08.rmdl,25080,1104,769,13968,672,414,1,1,4,2
mdl/mendoko/mendoko_research_beaker_02.rmdl,4764,186,152,3444,138,109,1,1,2,1
mdl/props/charge_pylon/charge_pylon_01_glass.rmdl,14688,496,488,14688,496,488,1,1,1,1
mdl/props/proxy_r5/pvp_currency_container.rmdl,8792,332,340,8792,332,340,1,1,1,2
mdl/door/door_canyonlands_large_01_animated.rmdl,159398,4395,4751,87518,2733,2540,1,3,4,2
mdl/props/global_access_panel_button/global_access_panel_button_console.rmdl,9652,252,407,6464,164,274,1,1,2,2
mdl/props/bunker_hatch/bunker_hatch_scale_down.rmdl,613894,13569,16640,350986,8263,9419,1,11,5,10
mdl/props/bunker_hatch/bunker_hatch.rmdl,613894,13569,16640,350986,8263,9419,1,11,5,10
mdl/props/charge_pylon/charge_pylon_01_cells.rmdl,285572,10602,11098,197552,7712,7564,1,1,3,2
mdl/communication/terminal_usable_imc_01.rmdl,0,0,0,0,0,0,1,32,0,0
mdl/props/zipline_balloon/zipline_balloon_stripped.rmdl,35370,1263,1158,35370,1263,1158,1,1,1,4
mdl/mendoko/mendoko_monitor_ui_02_small.rmdl,1860,30,60,1860,30,60,1,1,1,1
mdl/fx/fire_sm_ground_fx.rmdl,3492,150,108,3492,150,108,1,1,1,2
mdl/fx/fire_lg_ground_fx.rmdl,14232,580,448,14232,580,448,1,1,1,2
mdl/fx/oct_fire_ring.rmdl,13056,536,410,13056,536,410,1,1,1,1
mdl/fx/wraith_portal_beam_lg.rmdl,7620,280,165,7620,280,165,1,1,1,1
