Model,DataSize,Tris,Verts,DataSize (LOD0),Tris (LOD0),Verts (LOD0),Parts,Bones,LODs,Meshes
mdl/error.rmdl,29284,874,1202,29284,874,1202,1,1,1,1
mdl/dev/empty_model.rmdl,78,1,3,78,1,3,1,1,1,1
mdl/levels_terrain/mp_rr_olympus/olympus_overall_shape_mu1.rmdl,65712,2400,2138,65712,2400,2138,1,1,1,1
mdl/olympus/olympus_house_deco_01.rmdl,28520,620,1240,15456,336,672,1,1,4,1
mdl/levels_terrain/mp_rr_olympus/zone_6_gazebo.rmdl,304992,8632,10550,156636,4774,5333,1,1,4,8
mdl/foliage/tree_cherry_blossom_large_01_anim.rmdl,588750,17045,20270,242394,7679,8180,1,1,4,2
mdl/foliage/tree_banana_large_02.rmdl,56674,2439,2102,31528,1448,1142,1,1,3,1
mdl/foliage/plant_E_ear_holy1.rmdl,10392,252,444,10392,252,444,1,1,1,1
mdl/foliage/ivy_green_01.rmdl,18102,667,705,11714,449,451,1,1,3,1
mdl/foliage/ivy_green_05.rmdl,10926,371,435,5562,197,219,1,1,3,1
mdl/foliage/ivy_green_04.rmdl,3998,143,157,2580,100,99,1,1,3,1
mdl/foliage/ivy_green_02.rmdl,5458,203,212,3242,127,124,1,1,3,1
mdl/foliage/ivy_green_03.rmdl,7004,254,274,4336,156,170,1,1,3,1
mdl/ola/sewer_wires_02.rmdl,74088,3668,2604,46928,2448,1612,1,1,4,1
mdl/ola/sewer_wires_01.rmdl,73756,3656,2591,46928,2448,1612,1,1,4,1
mdl/foliage/lilypad_cluster_04.rmdl,4512,172,174,4512,172,174,1,1,1,1
mdl/foliage/plant_tropical_red_large_01.rmdl,102148,4138,3866,66432,2982,2427,1,1,4,1
mdl/foliage/plant_tropical_red_large_04.rmdl,26304,954,1029,14268,578,540,1,1,4,1
mdl/haven/plant_tropical_small_dark_01.rmdl,41242,1827,1514,27248,1278,979,1,1,3,1
mdl/foliage/brute_wild_green_plant_02.rmdl,17186,561,691,17186,561,691,1,1,1,1
mdl/foliage/plant_tobacco_large_02.rmdl,12632,542,469,12632,542,469,1,1,1,1
mdl/containers/plastic_pallet_01.rmdl,23136,776,924,16108,578,632,1,1,3,1
mdl/containers/plastic_pallet_02.rmdl,23136,776,924,16108,578,632,1,1,3,1
mdl/domestic/fruit_banana.rmdl,8880,360,336,8880,360,336,1,1,1,1
mdl/utilities/wire_hanging_cluster_02.rmdl,46880,2080,1720,46880,2080,1720,1,1,1,2
mdl/foliage/bush_green_forest_01_red.rmdl,112776,3016,3945,71568,1884,2511,1,1,4,2
mdl/levels_terrain/sp_cloud_city/underbelly_tarps_large_01.rmdl,7248,272,234,7248,272,234,1,1,1,1
mdl/foliage/olympus_moss_grass_04.rmdl,241164,10962,7308,138600,6300,4200,1,1,3,1
mdl/foliage/olympus_moss_grass_tall_04.rmdl,241164,10962,7308,138600,6300,4200,1,1,3,1
mdl/foliage/olympus_purple_grass_04.rmdl,197316,3654,7308,113400,2100,4200,1,1,3,1
mdl/foliage/olympus_moss_grass_02.rmdl,34452,1566,1044,19800,900,600,1,1,3,1
mdl/foliage/olympus_moss_grass_tall_02.rmdl,34452,1566,1044,19800,900,600,1,1,3,1
mdl/foliage/olympus_purple_grass_02.rmdl,28188,522,1044,16200,300,600,1,1,3,1
mdl/foliage/olympus_moss_grass_tall_01.rmdl,10164,462,308,6732,306,204,1,1,2,1
mdl/foliage/olympus_moss_grass_01.rmdl,10164,462,308,6732,306,204,1,1,2,1
mdl/foliage/olympus_purple_grass_01.rmdl,8316,154,308,5508,102,204,1,1,2,1
mdl/foliage/olympus_moss_grass_tall_03.rmdl,2508,114,76,2508,114,76,1,1,1,1
mdl/foliage/olympus_moss_grass_03.rmdl,3168,144,96,3168,144,96,1,1,1,1
mdl/foliage/olympus_purple_grass_03.rmdl,2592,48,96,2592,48,96,1,1,1,1
mdl/foliage/olympus_moss_grass_05.rmdl,1296,72,36,1296,72,36,1,1,1,1
mdl/levels_terrain/mp_rr_olympus/olympus_patt_tt_banner_01.rmdl,5208,256,153,5208,256,153,1,1,1,1
mdl/levels_terrain/mp_rr_olympus/olympus_patt_tt_banner_02.rmdl,5208,256,153,5208,256,153,1,1,1,1
mdl/foliage/tree_green_forest_med_01_anim.rmdl,141318,3549,5001,65040,1960,2220,1,1,5,2
mdl/foliage/grassblades_olympus_03_anim.rmdl,9408,296,318,6480,204,219,1,1,2,1
mdl/olympus/olympus_farms_verticalplanter_01_plants_purple.rmdl,212148,5470,7472,169404,4922,5828,1,1,2,1
mdl/olympus/olympus_farms_ground_leaves_03.rmdl,16164,398,574,13932,354,492,1,1,2,1
mdl/olympus/olympus_farms_shelf_bay_rack_01_plants.rmdl,97680,2180,3525,82938,1991,2958,1,1,2,1
mdl/olympus/olympus_farms_planter_256_01_plants.rmdl,99690,2071,3636,88926,1933,3222,1,1,2,1
mdl/olympus/olympus_farms_ground_leaves_02.rmdl,5430,133,193,4752,120,168,1,1,2,1
mdl/olympus/olympus_farms_ground_leaves_01.rmdl,5352,132,190,4644,118,164,1,1,2,1
mdl/olympus/olympus_farms_plant_picked_crate_01.rmdl,40872,1436,1344,35424,1320,1146,1,1,2,1
mdl/olympus/olympus_farms_plant_group_01.rmdl,40512,1072,1420,33726,953,1167,1,1,2,1
mdl/olympus/olympus_farms_plant_tomato_01.rmdl,32796,1006,1115,28098,895,947,1,1,2,1
mdl/olympus/olympus_farms_plant_picked_02.rmdl,50532,2082,1585,47856,2024,1488,1,1,2,1
mdl/olympus/olympus_farms_lettuce_picked_01_orange.rmdl,11544,352,393,7176,236,240,1,1,2,1
mdl/olympus/olympus_farms_lettuce_picked_01_purple.rmdl,11544,352,393,7176,236,240,1,1,2,1
mdl/foliage/ivy_orange_02.rmdl,392628,10190,13812,166302,4769,5737,1,1,5,1
mdl/foliage/grassblades_water_dark_03.rmdl,6480,204,219,6480,204,219,1,1,1,1
mdl/angel_city/ground_pile_trash_01.rmdl,1446,37,51,1446,37,51,1,1,1,1
mdl/foliage/leaves_ground_cherry_blossom_spread_02.rmdl,8790,221,311,8790,221,311,1,1,1,1
mdl/foliage/leaves_ground_cherry_blossom_spread_01.rmdl,4752,120,168,4752,120,168,1,1,1,1
mdl/angel_city/ground_pile_trash_03.rmdl,1140,26,41,1140,26,41,1,1,1,1
mdl/olympus/tarp_test_02.rmdl,2922,111,94,2922,111,94,1,1,1,2
mdl/olympus/portal_platform_lab_base_01.rmdl,42144,1376,1412,31008,1024,1036,1,1,3,1
mdl/olympus/olympus_docks_frame_1408x60_end_01.rmdl,71268,1958,2480,45984,1312,1588,1,1,2,1
mdl/olympus/olympus_docks_frame_1408x60_01.rmdl,42324,1270,1446,42324,1270,1446,1,1,1,1
mdl/olympus/olympus_farms_silo_brace_01.rmdl,540,10,20,540,10,20,1,1,1,2
mdl/olympus/olympus_docks_frame_704x60_01.rmdl,33306,919,1158,21558,617,744,1,1,2,1
mdl/levels_terrain/mp_rr_olympus/olympus_ship_prop_01.rmdl,12240,344,424,8040,236,276,1,1,2,1
mdl/olympus/olympus_docks_gate_sign_01.rmdl,5220,126,186,5220,126,186,1,1,1,1
mdl/levels_terrain/sp_cloud_city/underbelly_counter_weight_bottom_cap_cheap.rmdl,1356,34,48,1356,34,48,1,1,1,1
mdl/levels_terrain/mp_rr_olympus/olympus_mountain_metal_bar_01.rmdl,2184,44,80,2184,44,80,1,1,1,1
mdl/olympus/olympus_farms_silo_support_pipes_01.rmdl,7200,288,228,4872,208,151,1,1,2,1
mdl/olympus/olympus_docks_frame_1408x60_connector_01.rmdl,8136,204,288,8136,204,288,1,1,1,1
mdl/levels_terrain/mp_rr_olympus/olympus_mountain_metal_bolt_03.rmdl,6912,144,252,5928,124,216,1,1,2,1
mdl/olympus/olympus_mountain_frame_01.rmdl,34896,664,1288,20520,396,756,1,1,3,1
mdl/olympus/olympus_mountain_frame_02.rmdl,26976,752,936,16824,476,582,1,1,3,1
mdl/olympus/portal_bracket_small_01.rmdl,5928,124,216,5928,124,216,1,1,1,1
mdl/olympus/olympus_docks_cargoframe_top_01.rmdl,13560,356,476,13560,356,476,1,1,1,1
mdl/olympus/olympus_docks_cargoframe_wall_256_01.rmdl,1668,38,60,1668,38,60,1,1,1,1
mdl/olympus/docks_fueltower_scaff_01.rmdl,39276,782,1441,32016,644,1173,1,1,2,1
mdl/black_water_canal/fuel_tower_scaff_01.rmdl,79992,1576,2939,41328,848,1510,1,1,3,1
mdl/olympus/olympus_docks_cargoframe_beam_256_01.rmdl,3588,86,128,3588,86,128,1,1,1,1
mdl/olympus/olympus_docks_cargoframe_divider_01.rmdl,6432,184,222,6432,184,222,1,1,1,1
mdl/olympus/portal_bracket_small_02.rmdl,1632,32,60,1632,32,60,1,1,1,1
mdl/pipes/pipe_modular_painted_grey_256.rmdl,21312,704,712,12168,420,402,1,1,3,1
mdl/pipes/pipe_modular_painted_yellow_256.rmdl,25296,824,848,12168,420,402,1,1,4,1
mdl/olympus/olympus_farm_pipe_90_01.rmdl,11040,448,348,9216,384,288,1,1,2,1
mdl/olympus/olympus_farm_pipe_90_02.rmdl,11040,448,348,9216,384,288,1,1,2,1
mdl/pipes/pipe_modular_painted_grey_128.rmdl,36528,1128,1240,24096,768,812,1,1,3,1
mdl/pipes/pipe_modular_painted_red_128.rmdl,36528,1128,1240,24096,768,812,1,1,3,1
mdl/pipes/pipe_modular_painted_yellow_128.rmdl,36528,1128,1240,24096,768,812,1,1,3,1
mdl/olympus/olympus_farm_pipe_connector_01.rmdl,11088,344,376,8952,284,302,1,1,2,1
mdl/industrial/zipline_arm.rmdl,156444,4278,5449,80028,2306,2758,1,1,4,1
mdl/pipes/pipe_modular_painted_grey_64.rmdl,14712,452,500,8640,272,292,1,1,3,1
mdl/pipes/pipe_modular_painted_red_64.rmdl,17304,532,588,8640,272,292,1,1,4,1
mdl/pipes/pipe_modular_painted_yellow_64.rmdl,17304,532,588,8640,272,292,1,1,4,1
mdl/pipes/pipe_modular_painted_grey_32_valve.rmdl,93324,2878,3169,48840,1556,1646,1,1,4,1
mdl/pipes/pipe_modular_painted_red_32_valve.rmdl,93324,2878,3169,48840,1556,1646,1,1,4,1
mdl/pipes/pipe_modular_painted_yellow_32_valve.rmdl,93324,2878,3169,48840,1556,1646,1,1,4,1
mdl/pipes/pipe_modular_painted_grey_32_tjunk.rmdl,104112,3324,3507,52140,1702,1747,1,1,4,1
mdl/pipes/pipe_modular_painted_yellow_32_tjunk.rmdl,104112,3324,3507,52140,1702,1747,1,1,4,1
mdl/pipes/pipe_modular_painted_grey_corner.rmdl,39816,1560,1269,26304,1040,836,1,1,3,1
mdl/pipes/pipe_modular_painted_red_corner.rmdl,45528,1780,1452,26304,1040,836,1,1,4,1
mdl/pipes/pipe_modular_painted_yellow_corner.rmdl,45528,1780,1452,26304,1040,836,1,1,4,1
mdl/pipes/pipe_modular_painted_grey_32_03.rmdl,47364,1510,1596,22464,720,756,1,1,3,1
mdl/pipes/pipe_modular_painted_white_32_03.rmdl,56436,1790,1904,22464,720,756,1,1,4,1
mdl/pipes/pipe_modular_painted_grey_32.rmdl,33624,1060,1136,22464,720,756,1,1,3,1
mdl/pipes/pipe_modular_painted_grey_32_02.rmdl,43068,1370,1452,22464,720,756,1,1,3,1
mdl/pipes/pipe_modular_painted_grey_32_04.rmdl,19056,600,644,12480,400,420,1,1,3,1
mdl/pipes/pipe_modular_painted_yellow_32_02.rmdl,29676,930,1004,17472,560,588,1,1,3,1
mdl/pipes/pipe_modular_painted_yellow_32_03.rmdl,56436,1790,1904,22464,720,756,1,1,4,1
mdl/pipes/pipe_modular_painted_yellow_32.rmdl,37512,1180,1268,22464,720,756,1,1,4,1
mdl/pipes/pipe_modular_painted_yellow_32_04.rmdl,22944,720,776,12480,400,420,1,1,4,1
mdl/pipes/pipe_modular_painted_grey_16.rmdl,34104,1084,1150,19632,632,660,1,1,3,1
mdl/pipes/pipe_modular_painted_yellow_16.rmdl,39168,1232,1324,19632,632,660,1,1,4,1
mdl/pipes/pipe_modular_painted_yellow_8.rmdl,23208,740,782,12480,400,420,1,1,4,1
mdl/pipes/pipe_modular_painted_grey_8.rmdl,22440,716,756,12480,400,420,1,1,3,1
mdl/pipes/pipe_modular_painted_red_8.rmdl,23208,740,782,12480,400,420,1,1,4,1
mdl/pipes/pipe_modular_painted_white_8.rmdl,23208,740,782,12480,400,420,1,1,4,1
mdl/levels_terrain/sp_cloud_city/underbelly_counter_weight_bottom_cheap.rmdl,33948,894,1191,33948,894,1191,1,1,1,3
mdl/rocks/olympus_sculpture_01.rmdl,9612,222,345,7056,188,247,1,1,2,1
mdl/test/rude_test/olympus_sculpture_test_01.rmdl,9612,222,345,7056,188,247,1,1,2,1
mdl/olympus/olympus_polyrock_02.rmdl,6012,122,220,4656,104,168,1,1,2,1
mdl/rocks/olympus_polyrock_04.rmdl,15432,324,562,11376,272,406,1,1,2,1
mdl/olympus/olympus_polyrock_01.rmdl,10476,178,392,8496,152,316,1,1,2,1
mdl/rocks/olympus_polyrock_03.rmdl,14016,288,512,9960,236,356,1,1,2,1
mdl/olympus/bp_bench_concrete_01.rmdl,7584,240,256,4752,152,160,1,1,2,1
mdl/city_modern/citymodern_interior_planter_01b.rmdl,6144,144,220,4824,116,172,1,1,2,2
mdl/city_modern/citymodern_light_off_01.rmdl,4530,127,157,3402,99,117,1,1,3,1
mdl/levels_terrain/mp_rr_olympus/mtn_olympus_pipe_connector_large_01.rmdl,22008,780,722,22008,780,722,1,1,1,1
mdl/industrial/underbelly_cage_framework_512_128_a.rmdl,6048,112,224,6048,112,224,1,1,1,1
mdl/industrial/underbelly_block_framework_512_256_a.rmdl,3240,60,120,3240,60,120,1,1,1,2
mdl/industrial/underbelly_ceiling_panels_256x512_01.rmdl,3120,80,110,3120,80,110,1,1,1,2
mdl/industrial/underbelly_large_framework_1k_512_a.rmdl,4368,120,152,4368,120,152,1,1,1,1
mdl/industrial/underbelly_large_framework_1k_512_b.rmdl,5004,114,180,5004,114,180,1,1,1,1
mdl/industrial/underbelly_large_beam_support_angled_a.rmdl,5544,116,202,5544,116,202,1,1,1,1
mdl/industrial/underbelly_large_framework_512_512_a.rmdl,4368,120,152,4368,120,152,1,1,1,1
mdl/industrial/underbelly_large_framework_256_512_b.rmdl,4920,132,172,4920,132,172,1,1,1,1
mdl/industrial/underbelly_large_framework_256_512_a.rmdl,4368,120,152,4368,120,152,1,1,1,1
mdl/olympus/olympus_docks_frame_256x128_02.rmdl,28848,684,1031,18072,460,638,1,1,2,1
mdl/olympus/olympus_docks_edge_barrier_256x24_open_01.rmdl,24768,672,864,20472,580,708,1,1,2,1
mdl/olympus/olympus_docks_edge_barrier_256x90_01.rmdl,60816,1616,2130,36144,1024,1250,1,1,3,1
mdl/olympus/olympus_docks_edge_barrier_256_open_01.rmdl,65856,1784,2298,41472,1176,1434,1,1,3,1
mdl/olympus/olympus_docks_edge_barrier_256x40_01.rmdl,67248,1808,2350,40656,1152,1406,1,1,3,1
mdl/industrial/underbelly_scaffold_support_160_angle_a.rmdl,15792,312,580,15792,312,580,1,1,1,1
mdl/olympus/olympus_docks_edge_barrier_128x90_01.rmdl,33792,880,1188,19872,552,690,1,1,3,1
mdl/olympus/olympus_docks_edge_barrier_128x40_01.rmdl,36024,948,1264,21384,596,742,1,1,3,1
mdl/olympus/olympus_docks_edge_barrier_128_open_01.rmdl,35208,956,1228,21576,612,746,1,1,3,1
mdl/industrial/underbelly_scaffold_support_160_a.rmdl,8304,168,304,8304,168,304,1,1,1,1
mdl/industrial/underbelly_scaffold_support_128_a.rmdl,8304,168,304,8304,168,304,1,1,1,1
mdl/olympus/olympus_docks_edge_barrier_64x90_01.rmdl,33792,880,1188,19872,552,690,1,1,3,1
mdl/olympus/olympus_docks_edge_barrier_64_open_01.rmdl,35208,956,1228,21576,612,746,1,1,3,1
mdl/olympus/olympus_docks_edge_barrier_64x40_01.rmdl,36024,948,1264,21384,596,742,1,1,3,1
mdl/industrial/underbelly_scaffold_32x256_a.rmdl,24624,488,904,16848,344,616,1,1,3,1
mdl/industrial/underbelly_scaffold_support_64_a.rmdl,6576,136,240,6576,136,240,1,1,1,1
mdl/industrial/underbelly_scaffold_32x128_a.rmdl,16908,346,618,11724,250,426,1,1,3,1
mdl/olympus/olympus_docks_edge_barrier_end_01.rmdl,30648,828,1070,19896,564,688,1,1,3,1
mdl/industrial/underbelly_support_beam_bracket_corner_01.rmdl,6576,136,240,3864,84,140,1,1,3,1
mdl/industrial/underbelly_scaffold_32x64_a.rmdl,23952,568,856,13296,328,472,1,1,4,1
mdl/industrial/underbelly_scaffold_endcap_a.rmdl,4944,120,176,2952,76,104,1,1,3,1
mdl/industrial/underbelly_scaffold_32x32_a.rmdl,13464,292,488,9072,200,328,1,1,3,1
mdl/industrial/underbelly_scaffold_bracket_32x16_double_45_a.rmdl,13680,264,504,6768,136,248,1,1,4,1
mdl/industrial/underbelly_scaffold_bracket_32x16_tjunc_a.rmdl,14352,280,528,6768,136,248,1,1,4,1
mdl/olympus/olympus_docks_frame_xlarge_01.rmdl,44682,1055,1598,31620,786,1121,1,1,2,2
mdl/IMC_base/imc_portable_ext_double_door_frame_red_01.rmdl,5536,176,224,5536,176,224,1,1,1,1
mdl/IMC_base/imc_portable_ext_single_door_frame_red_01.rmdl,5536,176,224,5536,176,224,1,1,1,1
mdl/foliage/cherry_blossom.rmdl,23850,955,906,23850,955,906,1,1,1,2
mdl/utilities/wire_hanging_cluster_01.rmdl,24412,1072,899,24412,1072,899,1,1,1,2
mdl/colony/colony_wall_run_plate_yell.rmdl,123550,2945,5294,71958,1713,3084,1,1,4,1
mdl/colony/posted_papers_03.rmdl,228,8,9,228,8,9,1,1,1,1
mdl/utilities/wire_hanging_cluster_03.rmdl,12560,560,460,12560,560,460,1,1,1,2
mdl/utilities/wire_hanging_cluster_05_straight.rmdl,15796,686,584,15796,686,584,1,1,1,2
mdl/levels_terrain/mp_rr_canyonlands/military_bridge_cable_stopper_01.rmdl,10976,356,442,5856,216,228,1,1,4,2
mdl/levels_terrain/mp_rr_olympus/olympus_terrain_zone_12_city_rui_03.rmdl,158,3,7,158,3,7,1,1,1,1
mdl/olympus/olympus_highrise_ext_bldg_column_03.rmdl,9628,358,374,7016,276,268,1,1,2,1
mdl/levels_terrain/sp_cloud_city/underbelly_counter_weight_wires_04.rmdl,15264,384,648,12912,312,552,1,1,2,1
mdl/olympus/bp_statue_metal_01.rmdl,96526,3751,3701,57324,2424,2139,1,1,3,1
mdl/olympus/oly_destruction_04.rmdl,39676,1086,1658,23196,626,972,1,1,3,1
mdl/levels_terrain/sp_cloud_city/underbelly_counter_weight_top.rmdl,10908,308,453,10908,308,453,1,1,1,1
mdl/olympus/olympus_util_shell_clamp.rmdl,213828,6378,8778,132364,4214,5354,1,1,3,1
mdl/olympus/olympus_highrise_ext_bldg_column_02.rmdl,2036,86,76,2036,86,76,1,1,1,1
mdl/thunderdome/survival_modular_flexscreens_04.rmdl,216,4,8,216,4,8,1,1,1,1
mdl/levels_terrain/mp_rr_olympus/olympus_mountain_metal_bar_02.rmdl,840,20,36,840,20,36,1,1,1,1
mdl/olympus/oly_destruction_03.rmdl,86688,2408,3612,56764,1584,2363,1,1,3,1
mdl/olympus/bridge_underbelly_frame.rmdl,42184,1264,1730,32200,1000,1310,1,1,2,1
mdl/city_modern/citymodern_sign_c.rmdl,48630,1755,1905,14480,520,568,1,1,4,1
mdl/desertlands/industrial_metal_frame_256x144_02.rmdl,65528,1668,2776,36288,968,1524,1,1,3,2
mdl/desertlands/industrial_metal_frame_256x144_01.rmdl,39284,994,1666,21124,554,890,1,1,3,2
mdl/levels_terrain/mp_rr_olympus/olympus_mountain_metal_bar_03.rmdl,2208,48,96,2208,48,96,1,1,1,1
mdl/desertlands/industrial_metal_base_support_01.rmdl,2354,49,103,1380,30,60,1,1,2,1
mdl/desertlands/industrial_metal_base_support_02.rmdl,2354,49,103,1380,30,60,1,1,2,1
mdl/olympus/olympus_pipe_cluster_256.rmdl,35344,1284,1382,35344,1284,1382,1,1,1,1
mdl/desertlands/industrial_door_frame_160x128_01.rmdl,37384,914,1595,20380,520,863,1,1,4,1
mdl/olympus/modern_door_frame_160x128_01.rmdl,33144,844,1404,17184,464,720,1,1,4,1
mdl/desertlands/construction_bldg_wood_board_01.rmdl,552,12,24,552,12,24,1,1,1,1
mdl/floating_village/awning_cloth_02_red.rmdl,3632,152,136,3632,152,136,1,1,1,1
mdl/desertlands/industrial_metal_arm_support_02.rmdl,28680,820,1188,14424,444,588,1,1,3,1
mdl/desertlands/desertlands_cafeteria_table_01.rmdl,44704,1514,1781,26784,944,1056,1,1,3,1
mdl/fixtures/fan_ceiling01_large.rmdl,3780,150,144,3780,150,144,1,1,1,1
mdl/desertlands/industrial_window_frame_128x80x16.rmdl,38876,866,1684,20448,468,882,1,1,4,1
mdl/desertlands/industrial_door_frame_128x128_02.rmdl,36528,888,1560,19680,500,834,1,1,4,1
mdl/levels_terrain/mp_rr_olympus/mtn_olympus_bridge_01_vent_grate.rmdl,24968,628,1060,17632,472,740,1,1,2,1
mdl/desertlands/industrial_window_frame_128x80x16_int.rmdl,11220,250,486,4360,100,188,1,1,4,1
mdl/olympus/olympus_highrise_support_01.rmdl,6688,208,272,5572,182,224,1,1,2,2
mdl/utilities/power_cell_64.rmdl,547988,17238,22228,283556,9746,11254,1,1,4,1
mdl/firstgen/firstgen_pipe_256_goldfoil_01.rmdl,3168,108,126,1744,64,68,1,1,3,1
mdl/desertlands/industrial_metal_arm_support_01.rmdl,2954,69,127,2072,52,88,1,1,2,1
mdl/furniture/patio_furniture_lounger.rmdl,64092,1842,2652,29188,888,1193,1,1,3,1
mdl/IMC_base/bldg_wall_support_IMC_01_half.rmdl,13858,563,524,13858,563,524,1,1,1,1
mdl/imc_base/chair_IMC_01.rmdl,58694,2129,2296,58694,2129,2296,1,1,1,1
mdl/city_modern/citymodern_sign_a.rmdl,16396,526,662,8020,270,320,1,1,4,1
mdl/IMC_base/imc_tech_panelsquare_48_05.rmdl,1704,44,72,1704,44,72,1,1,1,1
mdl/containers/pelican_case_large.rmdl,151616,4916,6106,67298,2233,2695,1,1,5,1
mdl/containers/pelican_case_large_drabgreen.rmdl,151616,4916,6106,67298,2233,2695,1,1,5,1
mdl/olympus/olympus_highrise_bird_01.rmdl,2144,44,94,1696,36,74,1,1,2,1
mdl/relic/relic_yellow_wire_128_02.rmdl,4320,240,144,4320,240,144,1,1,1,1
mdl/desertlands/industrial_support_beam_16x144_vertical_corner.rmdl,20744,464,898,9736,216,422,1,1,5,1
mdl/firstgen/firstgen_pipe_128_goldfoil_01.rmdl,3168,108,126,1744,64,68,1,1,3,1
mdl/industrial/metal_floor_panels_frame.rmdl,2304,64,96,2304,64,96,1,1,1,1
mdl/IMC_base/imc_tech_smallfan_32_06.rmdl,34264,1164,1364,15668,538,622,1,1,5,1
mdl/IMC_base/chair_IMC_02.rmdl,51224,1474,2119,29992,892,1232,1,1,2,1
mdl/desertlands/desertlands_lobby_mailbox_03.rmdl,8156,256,331,6740,220,271,1,1,2,1
mdl/colony/box_cardboard_flat_01.rmdl,3184,84,134,2632,72,110,1,1,2,1
mdl/pipes/pipe_small_metal_cluster_01.rmdl,32676,1196,1275,22044,804,861,1,1,2,3
mdl/industrial/metal_floor_panel_vent.rmdl,1656,36,72,1656,36,72,1,1,1,1
mdl/desertlands/desertlands_lobby_couch_03.rmdl,35442,1367,1362,19714,829,737,1,1,4,2
mdl/desertlands/industrial_support_beam_16x144_vertical.rmdl,13480,320,578,6040,140,260,1,1,5,1
mdl/rubble/rebar_cluster_02.rmdl,8848,408,320,8848,408,320,1,1,1,1
mdl/angel_city/manhole_cover_03.rmdl,2064,104,72,1380,70,48,1,1,2,1
mdl/angel_city/box_small_01.rmdl,3436,136,131,2780,120,103,1,1,2,1
mdl/IMC_base/imc_vent_tall_128.rmdl,888,28,36,888,28,36,1,1,1,1
mdl/olympus/olympus_highrise_stripe_01.rmdl,1104,24,48,1104,24,48,1,1,1,1
mdl/olympus/olympus_furniture_patio_chair_01.rmdl,13524,524,519,8708,368,325,1,1,2,2
mdl/desertlands/railing_metal_dirty_64_panel_01.rmdl,33744,1124,1350,24808,848,986,1,1,3,1
mdl/rubble/rebar_cluster_01.rmdl,8848,408,320,8848,408,320,1,1,1,1
mdl/imc_interior/imc_int_trashbin_01.rmdl,36902,1497,1396,29500,1240,1103,1,1,3,1
mdl/firstgen/firstgen_pipe_64_goldfoil_01.rmdl,3168,108,126,1744,64,68,1,1,3,1
mdl/desertlands/industrial_support_beam_16x64_vertical_corner.rmdl,7400,160,322,3456,76,150,1,1,4,1
mdl/containers/box_med_cardboard_02.rmdl,4096,96,176,2440,60,104,1,1,3,1
mdl/desertlands/industrial_support_beam_8x144_filler.rmdl,552,12,24,552,12,24,1,1,1,1
mdl/relic/relic_yellow_wire_128_01.rmdl,2940,160,99,2940,160,99,1,1,1,1
mdl/IMC_base/ladder_modular_64_IMC.rmdl,29464,1264,1094,29464,1264,1094,1,1,1,1
mdl/firstgen/firstgen_pipe_curve_goldfoil_01.rmdl,14000,660,502,8808,448,306,1,1,3,1
mdl/utilities/power_cell_64_single_01.rmdl,32150,1115,1273,19620,750,756,1,1,4,1
mdl/signs/corporate_elevator_directory.rmdl,900,30,36,900,30,36,1,1,1,1
mdl/domestic/floor_mat_black_01.rmdl,828,18,36,828,18,36,1,1,1,1
mdl/desertlands/desertlands_lobby_couch_04.rmdl,24208,878,947,14104,554,539,1,1,3,2
mdl/containers/box_med_cardboard_01.rmdl,1648,48,68,1096,36,44,1,1,2,1
mdl/garbage/garbage_bag_plastic_a.rmdl,7900,310,302,4856,196,184,1,1,2,1
mdl/desertlands/industrial_support_beam_16x64_vertical.rmdl,2944,64,128,1472,32,64,1,1,3,1
mdl/olympus/olympus_stool_01.rmdl,6692,202,274,4908,158,198,1,1,2,2
mdl/utilities/ceiling_vent_metal.rmdl,4772,142,196,3484,114,140,1,1,3,1
mdl/firstgen/firstgen_pipe_32_goldfoil_01.rmdl,3168,108,126,1744,64,68,1,1,3,1
mdl/rubble/rebar_cluster_04.rmdl,5372,232,199,5372,232,199,1,1,1,1
mdl/desertlands/industrial_support_beam_16x32_vertical_corner.rmdl,6584,144,286,3456,76,150,1,1,4,1
mdl/domestic/wooden_bowl.rmdl,8200,410,287,4720,240,164,1,1,3,1
mdl/domestic/fire_extinguisher_case.rmdl,21380,750,844,21380,750,844,1,1,1,2
mdl/domestic/farmland_bedding_pillow_01.rmdl,9864,574,321,9864,574,321,1,1,1,1
mdl/japanese/wooden_hot_spring_bucket.rmdl,3504,124,138,3504,124,138,1,1,1,1
mdl/domestic/whiteboard_restaurant_03.rmdl,1128,28,48,1128,28,48,1,1,1,1
mdl/domestic/whiteboard_restaurant_02.rmdl,1128,28,48,1128,28,48,1,1,1,1
mdl/signs/sign_caution_chemical.rmdl,2036,46,88,1128,28,48,1,1,3,1
mdl/IMC_base/cable_thin_ceiling_32_01.rmdl,15844,804,551,15844,804,551,1,1,1,2
mdl/electricalboxes/fusebox.rmdl,7264,224,296,4592,152,184,1,1,3,1
mdl/utilities/wall_Waterpipe.rmdl,86140,2860,3449,39976,1386,1583,1,1,4,1
mdl/signs/sign_caution_pump_warning.rmdl,1380,30,60,840,20,36,1,1,2,1
mdl/industrial/modular_railing_trim_long.rmdl,38380,1430,1490,17120,660,658,1,1,3,1
mdl/nexus/farm_tool_hoe.rmdl,11320,440,434,4316,176,163,1,1,3,1
mdl/IMC_base/garage_support_wall_IMC_01.rmdl,11972,412,475,11972,412,475,1,1,1,1
mdl/lamps/office_desk_lamp_off.rmdl,30400,980,1226,15712,512,632,1,1,3,1
mdl/colony/dirty_plate_pile_02.rmdl,14688,588,558,7344,324,270,1,1,3,1
mdl/domestic/towels_wrinkled_04.rmdl,5384,204,208,2264,84,88,1,1,3,1
mdl/haven/pillow_rectangle_01.rmdl,2616,136,90,2616,136,90,1,1,1,1
mdl/signs/sign_service_shaft_01.rmdl,1896,46,81,1128,28,48,1,1,3,1
mdl/signs/sign_service_shaft_02.rmdl,1896,46,81,1128,28,48,1,1,3,1
mdl/imc_interior/imc_int_fusebox_01.rmdl,11632,342,479,9936,306,405,1,1,2,1
mdl/colony/dirty_plate_pile_01.rmdl,15804,624,603,8396,376,307,1,1,3,1
mdl/domestic/ladel_restaurant_01.rmdl,12012,652,405,8284,464,275,1,1,2,1
mdl/backwater/barker_picture_frame_01.rmdl,2300,50,100,2300,50,100,1,1,1,1
mdl/furniture/office_laptop.rmdl,12064,284,518,6456,156,276,1,1,3,1
mdl/domestic/terracotta_pot_small.rmdl,6540,240,255,6540,240,255,1,1,1,1
mdl/industrial/modular_railing_trim_mid.rmdl,20370,755,792,9140,350,352,1,1,3,1
mdl/colony/dirty_bowl_pile_01.rmdl,22564,784,893,11028,448,417,1,1,3,1
mdl/signs/sign_construction_03.rmdl,1976,46,85,1128,28,48,1,1,3,1
mdl/desertlands/construction_stacker_cone_dirty_01.rmdl,21560,740,856,13260,470,522,1,1,3,1
mdl/signs/sign_construction_02.rmdl,1976,46,85,1128,28,48,1,1,3,1
mdl/signs/sign_caution_walkway_01.rmdl,1976,46,85,1128,28,48,1,1,3,1
mdl/hardware/paint_container_metal.rmdl,6552,242,255,4292,172,163,1,1,2,1
mdl/industrial/air_duct_bracket_01.rmdl,2664,74,111,2664,74,111,1,1,1,1
mdl/colony/dirty_bowl_single.rmdl,15676,806,542,9492,592,297,1,1,3,1
mdl/domestic/sake_tray_01.rmdl,3432,92,144,3432,92,144,1,1,1,1
mdl/desertlands/desertlands_napkin_holder_01.rmdl,21698,723,868,13710,485,540,1,1,3,2
mdl/industrial/bottle_wine.rmdl,5200,190,203,5200,190,203,1,1,1,1
mdl/domestic/squid_skewers.rmdl,20518,853,770,13136,576,484,1,1,2,1
mdl/domestic/security_camera_02.rmdl,16060,590,626,16060,590,626,1,1,1,1
mdl/domestic/flower_pot_small_01.rmdl,17576,636,688,9660,360,375,1,1,4,1
mdl/fixtures/fan_ceiling_pole.rmdl,17512,612,692,8616,316,336,1,1,3,1
mdl/industrial/modular_railing_trim_short.rmdl,20370,755,792,9140,350,352,1,1,3,1
mdl/domestic/bottle_sake_lt_blue_med_01.rmdl,4016,196,142,4016,196,142,1,1,1,1
mdl/electricalboxes/meterbox.rmdl,7864,274,311,6104,224,238,1,1,3,1
mdl/IMC_base/ladder_modular_cap_IMC.rmdl,2768,108,106,2768,108,106,1,1,1,1
mdl/IMC_base/conduit_bracket_IMC_04.rmdl,1728,68,66,1728,68,66,1,1,1,1
mdl/domestic/plastic_cup_small_01.rmdl,2624,94,103,2624,94,103,1,1,1,1
mdl/IMC_base/conduit_bracket_IMC_02.rmdl,2488,108,92,2488,108,92,1,1,1,1
mdl/industrial/modular_railing_trim_D.rmdl,19870,795,755,9000,370,339,1,1,3,1
mdl/industrial/modular_railing_trim_C.rmdl,21490,895,806,10020,430,372,1,1,3,1
mdl/domestic/mug_coffee_white.rmdl,3824,154,145,3824,154,145,1,1,1,1
mdl/industrial/modular_railing_trim_a.rmdl,19800,840,738,9180,400,339,1,1,3,1
mdl/industrial/workshop_gloves.rmdl,29284,874,1202,29284,874,1202,1,1,1,1
mdl/industrial/modular_railing_trim_B.rmdl,17550,655,681,7980,310,306,1,1,3,1
mdl/domestic/bottle_sake_blue_short_rt.rmdl,4088,188,148,4088,188,148,1,1,1,1
mdl/containers/can_blue_soda.rmdl,10744,354,431,4428,168,171,1,1,4,1
mdl/containers/can_blue_horizontal.rmdl,13908,418,570,5156,196,199,1,1,4,1
mdl/levels_terrain/mp_rr_olympus/olympus_terrain_zone_12_city_rui.rmdl,248,4,10,248,4,10,1,1,1,2
mdl/olympus/zone_14_structure_beams.rmdl,124032,3800,4218,124032,3800,4218,1,1,1,1
mdl/levels_terrain/mp_rr_olympus/olympus_terrain_zone_12_city_rui_02.rmdl,186,3,7,186,3,7,1,1,1,1
mdl/olympus/zone_15_bridgecables.rmdl,10848,512,324,10848,512,324,1,1,1,1
mdl/levels_terrain/mp_rr_olympus/olympus_path_tt_cables_01.rmdl,3264,96,112,3264,96,112,1,1,1,1
mdl/levels_terrain/mp_rr_olympus/olympus_terrain_zone_02_cables_01.rmdl,15480,480,450,15480,480,450,1,1,1,3
mdl/levels_terrain/mp_rr_olympus/olympus_terrain_zone_02_underbelly.rmdl,18330,559,624,18330,559,624,1,1,1,2
mdl/olympus/zone_15_underbelly.rmdl,672,16,24,672,16,24,1,1,1,1
mdl/levels_terrain/mp_rr_olympus/olympus_terrain_zone_01_bottom.rmdl,2994,111,97,2994,111,97,1,1,1,1
mdl/levels_terrain/mp_rr_olympus/olympus_terrain_zone_06_bottom.rmdl,4224,140,141,4224,140,141,1,1,1,1
mdl/levels_terrain/mp_rr_olympus/olympus_terrain_zone_02_shipyard_under.rmdl,738,23,25,738,23,25,1,1,1,1
mdl/levels_terrain/mp_rr_olympus/olympus_solarwave_terrain_under_01.rmdl,900,30,30,900,30,30,1,1,1,1
mdl/olympus/portal_platform_center_bottom_01.rmdl,18240,396,661,18240,396,661,1,1,1,1
mdl/levels_terrain/mp_rr_olympus/mtn_olympus_bridge_01_underbelly.rmdl,15192,300,558,15192,300,558,1,1,1,1
mdl/levels_terrain/mp_rr_olympus/olympus_mountain_02_underbelly.rmdl,648,12,24,648,12,24,1,1,1,1
mdl/levels_terrain/sp_sewers1/sewer_kanearena_round_pipe_red_01.rmdl,37680,1824,1114,37680,1824,1114,1,1,1,1
mdl/beacon/kodai_fb_hose_06.rmdl,16752,848,486,16752,848,486,1,1,1,1
mdl/olympus/zone_7_lab_cables.rmdl,66984,3208,1989,66984,3208,1989,1,1,1,2
mdl/test/jose_test/olympus_ship_int_railing_01.rmdl,88512,2752,3000,88512,2752,3000,1,1,1,1
mdl/levels_terrain/mp_rr_olympus/olympus_terrain_zone_12_underbelly_mu1.rmdl,14906,389,449,14906,389,449,1,1,1,3
mdl/firstgen/firstgen_elevator_support_01.rmdl,158952,5776,5179,101904,3908,3269,1,1,2,1
mdl/utilities/wires_hanging_64.rmdl,25224,1156,762,25224,1156,762,1,1,1,1
mdl/colony/farmland_crate_plastic_01_red.rmdl,27732,994,907,21948,846,703,1,1,2,1
mdl/colony/farmland_crate_plastic_yellow_01.rmdl,17508,674,561,14292,586,449,1,1,2,1
mdl/olympus/olympus_farms_planter_pipe_01.rmdl,5184,176,172,3816,140,124,1,1,2,1
mdl/desertlands/desertlands_ceiling_vent_01.rmdl,21762,671,739,13488,456,448,1,1,3,1
mdl/domestic/book_stack_01.rmdl,6024,140,216,6024,140,216,1,1,1,1
mdl/domestic/book_row_01.rmdl,6024,140,216,6024,140,216,1,1,1,1
mdl/domestic/book_row_02.rmdl,6024,140,216,6024,140,216,1,1,1,1
mdl/foliage/ivy_bougainvillea_01.rmdl,300420,7918,10538,166326,4769,5738,1,1,4,2
mdl/rocks/olympus_rock_mountain_01.rmdl,140472,5608,4451,59640,2936,1751,1,1,5,1
mdl/olympus/oly_mu1_virus_strings.rmdl,25548,1006,813,17484,770,536,1,1,3,1
mdl/olympus/oly_mu1_virus_wallmod_01.rmdl,75954,3683,2244,55746,2815,1619,1,1,3,1
mdl/olympus/oly_mu1_virusheart_01.rmdl,70782,3249,2137,50754,2483,1494,1,1,3,1
mdl/olympus/oly_mu1_virusheart_02.rmdl,93042,4611,2724,57954,2955,1676,1,1,3,1
mdl/olympus/oly_mu1_virusheart_03.rmdl,13452,642,400,9792,496,284,1,1,3,1
mdl/olympus/oly_mu1_wall_roots.rmdl,423168,17118,11445,423168,17118,11445,1,1,1,1
mdl/olympus/oly_mu1_ship_roots_left_02.rmdl,87332,3822,2300,87332,3822,2300,1,1,1,1
mdl/olympus/oly_mu1_ship_roots_left_01.rmdl,75688,3342,1987,75688,3342,1987,1,1,1,1
mdl/olympus/oly_mu1_ship_roots_right_02.rmdl,41160,1960,1050,41160,1960,1050,1,1,1,1
mdl/olympus/oly_mu1_ship_roots_right_01.rmdl,69520,3196,1798,69520,3196,1798,1,1,1,1
mdl/olympus/olympus_docks_frame_under_01.rmdl,81816,1652,2568,50692,1066,1582,1,1,2,1
mdl/industrial/underbelly_ceiling_panels_256x512_03.rmdl,3120,80,110,3120,80,110,1,1,1,2
mdl/levels_terrain/mp_rr_olympus/oly_ship_rebar_01.rmdl,115080,3004,4044,89808,2280,3172,1,1,2,1
mdl/desertlands/construction_bldg_tarp_02.rmdl,7140,198,248,4584,124,160,1,1,2,1
mdl/rubble/concrete_piece_03.rmdl,9552,388,301,9552,388,301,1,1,1,1
mdl/rubble/concrete_piece_02.rmdl,11328,420,367,6924,286,217,1,1,2,1
mdl/rubble/concrete_piece_06_rebar.rmdl,95052,3382,3115,50076,1954,1598,1,1,3,2
mdl/olympus/olympus_highrise_triangle_wall_01.rmdl,12732,234,472,10266,187,381,1,1,2,2
mdl/test/josh_test/farmland_crate_plastic_test_yellow_01.rmdl,21096,876,660,17880,788,548,1,1,2,1
mdl/levels_terrain/mp_haven/haven_hammond_logo_01.rmdl,19632,688,646,19632,688,646,1,1,1,1
mdl/beacon/generator_fan_house_cap_01.rmdl,31032,792,1095,19614,521,687,1,1,3,1
mdl/city_modern/citymodern_light_on_01.rmdl,4530,127,157,3402,99,117,1,1,3,1
mdl/levels_terrain/mp_rr_olympus/olympus_terrain_zone_02_landing_01.rmdl,70976,2010,2117,62376,1818,1850,1,1,2,5
mdl/thaw/thaw_fungus_ball_03.rmdl,116640,3040,4920,116640,3040,4920,1,1,1,1
mdl/foliage/grassblades_water_dark_animated_03.rmdl,9964,324,401,5604,204,219,1,1,3,1
mdl/olympus/olympus_farm_fan_cloth_01.rmdl,3504,144,132,2928,128,108,1,1,2,1
mdl/foliage/fern_ground_01.rmdl,9024,384,336,9024,384,336,1,1,1,1
mdl/foliage/fern_ground_04.rmdl,5076,216,189,5076,216,189,1,1,1,1
mdl/foliage/brute_small_tiger_plant.rmdl,7994,289,313,5616,216,216,1,1,2,1
mdl/foliage/brute_small_tiger_plant_02.rmdl,2928,108,114,1872,72,72,1,1,2,1
mdl/slum_city/slumcity_pipe_256_corrugated_metal_a.rmdl,29664,1004,1182,22064,764,874,1,1,2,1
mdl/slum_city/slumcity_pipe_128_corrugated_metal_a.rmdl,16760,520,682,12400,400,500,1,1,2,1
mdl/slum_city/slumcity_pipe_64_corrugated_metal_b.rmdl,62384,2994,2221,37792,1852,1334,1,1,3,1
mdl/slum_city/slumcity_pipe_64_corrugated_metal_a.rmdl,5080,180,200,3320,120,130,1,1,2,1
mdl/slum_city/slumcity_pipe_90junc_corrugated_metal_a.rmdl,15200,740,538,10420,520,365,1,1,2,1
mdl/slum_city/slumcity_pipe_90junc_corrugated_metal_b.rmdl,19460,720,757,12392,472,478,1,1,2,1
mdl/slum_city/slumcity_pipe_32_corrugated_metal_b.rmdl,32508,1458,1188,21532,982,782,1,1,3,1
mdl/slum_city/slumcity_pipe_32_corrugated_metal_a.rmdl,48552,2352,1722,29960,1520,1042,1,1,3,1
mdl/slum_city/slumcity_pipe_32_corrugated_metal_c.rmdl,3360,120,132,2200,80,86,1,1,2,1
mdl/slum_city/slumcity_pipe_16_corrugated_metal_a.rmdl,28164,1374,996,18022,927,623,1,1,3,1
mdl/slum_city/slumcity_pipe_16_corrugated_metal_b.rmdl,7080,240,282,5960,200,238,1,1,2,1
mdl/foliage/plant_fern_small_02.rmdl,2108,88,79,2108,88,79,1,1,1,1
mdl/olympus/olympus_flower_cluster.rmdl,39336,1056,1650,39336,1056,1650,1,1,1,1
mdl/haven/haven_bamboo_tree_02.rmdl,19172,652,763,12496,446,491,1,1,2,1
mdl/foliage/cherry_blossom_ground_leaves_02.rmdl,7572,222,312,7572,222,312,1,1,1,1
mdl/foliage/cherry_blossom_ground_leaves_01.rmdl,4080,120,168,4080,120,168,1,1,1,1
mdl/foliage/green_ground_leaves_01.rmdl,9200,260,382,8188,238,338,1,1,2,1
mdl/foliage/green_ground_leaves_02.rmdl,5340,150,222,4172,122,172,1,1,2,1
mdl/foliage/plant_chinese_evergreen_small_02.rmdl,75598,3383,2765,36776,1726,1321,1,1,4,1
mdl/olympus/olympus_house_carpet_01.rmdl,29284,874,1202,29284,874,1202,1,1,1,1
mdl/test/hans_test/olympus_house_carpet_01.rmdl,6688,288,248,6688,288,248,1,1,1,1
mdl/domestic/papers_ground02.rmdl,2678,93,106,2678,93,106,1,1,1,1
mdl/domestic/papers_ground01.rmdl,2256,76,90,2256,76,90,1,1,1,1
mdl/domestic/magazine_pile_03.rmdl,5096,156,208,5096,156,208,1,1,1,1
mdl/domestic/magazine_pile_02.rmdl,3688,108,152,3688,108,152,1,1,1,1
mdl/domestic/magazine_pile_04.rmdl,3480,100,144,3480,100,144,1,1,1,1
mdl/domestic/magazine_pile_01.rmdl,4864,144,200,4864,144,200,1,1,1,1
mdl/industrial/exit_sign_01.rmdl,3388,98,140,1892,62,76,1,1,3,1
mdl/industrial/exit_sign_02.rmdl,3480,100,144,1892,62,76,1,1,3,1
mdl/domestic/magazine_single_03.rmdl,760,20,32,760,20,32,1,1,1,1
mdl/domestic/painting_set_large.rmdl,1664,44,70,1664,44,70,1,1,1,2
mdl/colony/farmland_domicile_hanging_net_01.rmdl,88260,3250,2865,58536,2316,1860,1,1,4,3
mdl/vehicles_r2/spacecraft/essex/essex_brk_panel_01.rmdl,19956,558,692,9444,326,312,1,1,3,3
mdl/olympus/olympus_broken_concrete_02.rmdl,138702,4105,4753,79962,2439,2722,1,1,4,3
mdl/desertlands/industrial_crane_yellow_donut_01.rmdl,324540,8846,11311,161316,4658,5557,1,1,4,5
mdl/olympus/olympus_lobby_desk_01.rmdl,59724,1838,2029,51132,1574,1737,1,1,2,4
mdl/backwater/black_water_fuel_sphere_large_half.rmdl,70800,3132,2167,47196,2250,1404,1,1,3,2
mdl/foliage/tree_green_forest_med_01.rmdl,134244,3590,4696,64248,1940,2192,1,1,4,2
mdl/foliage/bush_green_forest_01.rmdl,86646,2273,3042,59184,1528,2084,1,1,4,1
mdl/foliage/grass_burnt_yellow_03.rmdl,2688,64,96,2688,64,96,1,1,1,1
mdl/foliage/grass_burnt_yellow_02.rmdl,1344,32,48,1344,32,48,1,1,1,1
mdl/olympus/olympus_farm_fan_cloth_01_vertex_animated.rmdl,4032,144,132,3360,128,108,1,1,2,1
mdl/foliage/flowers_ground_01.rmdl,157824,3364,5735,76272,1904,2702,1,1,5,1
mdl/foliage/flowers_wall_01.rmdl,76524,1466,2822,37044,826,1337,1,1,4,1
mdl/foliage/grass_icelandic_03.rmdl,157824,3364,5735,76272,1904,2702,1,1,5,1
mdl/foliage/grass_desert_01.rmdl,4980,134,174,4980,134,174,1,1,1,1
mdl/foliage/plant_icelandic_02.rmdl,3888,72,144,2160,40,80,1,1,3,1
mdl/lights/chemlight_01.rmdl,1104,40,36,1104,40,36,1,1,1,1
mdl/olympus/olympus_hedge_256.rmdl,374514,8051,13592,291054,6453,10514,1,1,4,3
mdl/foliage/icelandic_moss_grass_02.rmdl,28188,522,1044,16200,300,600,1,1,3,1
mdl/foliage/icelandic_moss_grass_01.rmdl,7084,154,308,4692,102,204,1,1,2,1
mdl/foliage/icelandic_moss_grass_01_NoAnim.rmdl,8932,462,308,3016,156,104,1,1,2,1
mdl/foliage/icelandic_ground_plant_01.rmdl,85662,3257,3306,49006,1981,1856,1,1,3,1
mdl/foliage/ground_plant_desertlands_01_group_01.rmdl,34412,1002,1420,17488,528,716,1,1,4,1
mdl/foliage/orange_ground_leaves_01.rmdl,3792,112,156,3792,112,156,1,1,1,1
mdl/foliage/ground_plant_large.rmdl,5670,165,234,2882,87,118,1,1,4,1
mdl/foliage/cattail_group_02.rmdl,17996,706,688,12486,551,459,1,1,3,1
mdl/foliage/grass_high_01.rmdl,420,10,18,420,10,18,1,1,1,1
mdl/foliage/icelandic_ground_plant_02.rmdl,368,8,16,368,8,16,1,1,1,1
mdl/switchback/flower_yellow_purple_large_01.rmdl,1956,66,78,1956,66,78,1,1,1,1
mdl/beacon/construction_scaff_128_64_128_02.rmdl,489288,15078,19941,261888,8218,10629,1,1,4,2
mdl/olympus/gardens_pillar_01.rmdl,25608,848,855,16920,576,561,1,1,3,2
mdl/levels_terrain/mp_rr_olympus/olympus_terrain_zone_02_divider_01.rmdl,54192,1520,1878,42924,1282,1468,1,1,2,5
mdl/olympus/olympus_farms_robot_mister_railing_90_01.rmdl,1848,36,68,1848,36,68,1,1,1,3
mdl/containers/underbelly_ceiling_tanks_128_01.rmdl,102360,3424,3409,90240,2924,3029,1,1,3,2
mdl/industrial/underbelly_fuel_tank_support_03.rmdl,74520,1876,2636,74520,1876,2636,1,1,1,2
mdl/industrial/underbelly_cage_framework_512_256_a.rmdl,17736,332,656,11256,212,416,1,1,2,2
mdl/industrial/underbelly_angled_block_framework_512_128_a.rmdl,3936,72,146,3936,72,146,1,1,1,2
mdl/industrial/underbelly_ceiling_panels_256x256_01.rmdl,1776,44,63,1776,44,63,1,1,1,2
mdl/industrial/underbelly_cage_framework_512_256_b.rmdl,6696,124,248,6696,124,248,1,1,1,3
mdl/containers/underbelly_ceiling_tanks_64_01.rmdl,145680,4296,4996,80640,2584,2714,1,1,3,2
mdl/levels_terrain/mp_rr_olympus/olympus_solarwave_security_shack_01.rmdl,61368,1488,2185,33000,908,1148,1,1,3,6
mdl/foliage/plant_bamboo_forest_clump01.rmdl,60498,1867,2054,50802,1675,1698,1,1,2,2
mdl/beacon/construction_plastic_mat_black_01.rmdl,27220,1360,953,16164,844,555,1,1,3,2
mdl/eden/eden_electrical_pole_01.rmdl,137476,5066,5354,80264,2934,3133,1,1,3,2
mdl/levels_terrain/mp_rr_olympus/olympus_city_zone_12_details_01a.rmdl,30918,843,1293,30918,843,1293,1,1,1,1
mdl/IMC_base/thumper_generator_set_b.rmdl,564230,18595,22633,279680,9660,11086,1,1,4,1
mdl/levels_terrain/mp_rr_olympus/olympus_zone_12_sign_details_02.rmdl,8200,180,356,8200,180,356,1,1,1,1
mdl/levels_terrain/mp_rr_olympus/olympus_zone_12_sign_details_01.rmdl,4416,96,192,4416,96,192,1,1,1,1
mdl/pipes/pipe_large_512_01_red.rmdl,49140,1920,1881,30540,1240,1155,1,1,3,1
mdl/pipes/pipe_large_256_02_red.rmdl,31024,1174,1199,18780,740,717,1,1,3,1
mdl/pipes/pipe_large_256_01_red.rmdl,17680,700,674,10620,440,399,1,1,3,1
mdl/vehicles_r5/land/msc_forklift_imc_v2/veh_land_msc_forklift_imc_v2_static.rmdl,539690,18585,21409,278484,10144,10881,1,1,5,1
mdl/city_modern/citymodern_steps_128x128_concrete_01.rmdl,4416,96,192,4416,96,192,1,1,1,1
mdl/pipes/pipe_large_angle_01_red.rmdl,30380,1460,1081,17880,880,630,1,1,3,1
mdl/pipes/pipe_large_128_01_red.rmdl,16680,640,642,9960,400,378,1,1,3,1
mdl/desertlands/road_plate_metal_192_double_01.rmdl,22464,784,888,22464,784,888,1,1,1,1
mdl/olympus/olympus_docks_road_bump_01.rmdl,460,10,20,460,10,20,1,1,1,1
mdl/cockpit/mounted_ceiling_server_01.rmdl,179924,4934,7516,87232,2412,3638,1,1,4,1
mdl/olympus/bp_bench_wood_01.rmdl,6560,240,256,4112,152,160,1,1,2,1
mdl/desertlands/road_plate_metal_64_single_01.rmdl,4248,148,168,4248,148,168,1,1,1,1
mdl/city_modern/citymodern_steps_128x8_concrete_01_d.rmdl,380,10,16,380,10,16,1,1,1,1
mdl/city_modern/citymodern_steps_128x8_concrete_01_c.rmdl,380,10,16,380,10,16,1,1,1,1
mdl/city_modern/citymodern_steps_128x8_concrete_01_a.rmdl,276,6,12,276,6,12,1,1,1,1
mdl/olympus/olympus_highrise_ext_bridge_01.rmdl,11304,256,407,11304,256,407,1,1,1,8
mdl/industrial/underbelly_angled_framework_512_128_a.rmdl,6804,126,252,6804,126,252,1,1,1,2
mdl/industrial/underbelly_block_framework_512_128_a.rmdl,3240,60,120,3240,60,120,1,1,1,2
mdl/levels_terrain/mp_rr_desertlands/desertlands_z12_mid_pillar_02a.rmdl,24336,584,868,17136,416,610,1,1,2,3
mdl/olympus/olympus_highrise_decor_04.rmdl,25164,830,841,20538,671,688,1,1,2,2
mdl/foliage/ivy_bougainvillea_02.rmdl,300420,7918,10538,166302,4769,5737,1,1,4,2
mdl/olympus/olympus_cypress_tree_02.rmdl,186072,5532,6370,91356,3114,3028,1,1,4,2
mdl/industrial/underbelly_cage_framework_256_256_a.rmdl,8640,160,320,8640,160,320,1,1,1,2
mdl/industrial/underbelly_wall_panel_256x128_01.rmdl,6348,138,230,6348,138,230,1,1,1,3
mdl/olympus/olympus_farm_algae_belt_straight_01.rmdl,19464,556,672,17700,518,608,1,1,2,6
mdl/canyonlands/zone_14_pillar_a.rmdl,12744,300,456,12744,300,456,1,1,1,3
mdl/olympus/olympus_highrise_decor_01.rmdl,37836,706,1400,24072,452,890,1,1,2,3
mdl/olympus/olympus_hedge_128.rmdl,167346,3375,6129,111276,2442,4026,1,1,4,3
mdl/olympus/olympus_gardens_banner_01.rmdl,12224,624,424,11060,580,379,1,1,2,3
mdl/levels_terrain/mp_rr_olympus/olympus_autumn_estates_sign.rmdl,124254,3541,4292,80208,2364,2751,1,1,2,2
mdl/olympus/olympus_hedge_64.rmdl,389436,8986,13980,299358,7289,10651,1,1,4,3
mdl/beacon/construction_plastic_mat_white_02.rmdl,27756,1376,975,16164,844,555,1,1,4,2
mdl/pipes/pipe_large_32_01.rmdl,39344,1464,1528,22496,856,868,1,1,3,2
mdl/beacon/construction_plastic_mat_white_01.rmdl,27756,1376,975,16164,844,555,1,1,4,2
mdl/imc_base/imc_portable_ext_wallrun_vent_128_01.rmdl,12496,276,542,8076,186,348,1,1,2,5
mdl/containers/underbelly_fuel_sphere.rmdl,35652,1290,1163,27144,1008,879,1,1,2,3
mdl/levels_terrain/mp_rr_canyonlands/rig_tracks_01.rmdl,6816,144,248,5784,124,210,1,1,2,6
mdl/olympus/olympus_furniture_patio_umbrella_blue.rmdl,78360,2556,2626,50868,1706,1693,1,1,2,3
mdl/industrial/underbelly_large_platform_256_256_corner_b.rmdl,72372,1366,2674,29904,568,1104,1,1,3,4
mdl/olympus/olympus_farm_algae_belt_straight_02.rmdl,19272,556,664,17700,518,608,1,1,2,6
mdl/industrial/underbelly_support_beam_bracket_cross_01.rmdl,16824,340,616,9672,204,352,1,1,3,2
mdl/levels_terrain/mp_rr_canyonlands/rig_tracks_02.rmdl,6816,144,248,5784,124,210,1,1,2,6
mdl/olympus/olympus_furniture_patio_umbrella_orange.rmdl,75864,2556,2522,48372,1706,1589,1,1,2,3
mdl/olympus/olympus_farms_generator_base_01.rmdl,6996,174,248,4380,122,152,1,1,3,4
mdl/pipes/slum_pipe_large_blue_angle_01.rmdl,32532,1270,1038,21408,880,672,1,1,3,2
mdl/industrial/underbelly_large_platform_128_256_indent_a.rmdl,61080,1404,2194,23280,536,836,1,1,3,3
mdl/pipes/slum_pipe_large_blue_128_01.rmdl,21696,680,734,12480,400,420,1,1,3,2
mdl/olympus/olympus_farm_algae_belt_straight_03.rmdl,13272,372,460,11700,334,404,1,1,2,6
mdl/olympus/olympus_cypress_tree_01.rmdl,186072,5532,6370,91356,3114,3028,1,1,4,2
mdl/olympus/olympus_docks_frame_256x128.rmdl,28524,678,1019,17964,458,634,1,1,2,2
mdl/city_modern/citymodern_interior_planter_01.rmdl,278130,9191,9291,135852,4602,4510,1,1,3,4
mdl/foliage/ground_plant_red_large.rmdl,5902,177,242,2882,87,118,1,1,3,2
mdl/domestic/picture_dog_yuki_memorial_01.rmdl,3036,66,132,3036,66,132,1,1,1,2
mdl/olympus/olympus_elevator_panel_01.rmdl,3232,72,140,2220,50,96,1,1,2,2
mdl/levels_terrain/mp_rr_olympus/olympus_bldg_column_01.rmdl,44868,1006,1652,21660,530,784,1,1,4,3
mdl/olympus/zone_7_lab_cables_02.rmdl,70584,3444,2496,70584,3444,2496,1,1,1,2
mdl/beacon/kodai_fb_hose_02.rmdl,13980,800,459,13980,800,459,1,1,1,1
mdl/beacon/kodai_fb_hose_05.rmdl,13980,800,459,13980,800,459,1,1,1,1
mdl/beacon/kodai_fb_hose_01.rmdl,13980,800,459,13980,800,459,1,1,1,1
mdl/olympus/olympus_farms_farming_robot_02.rmdl,162898,5583,6470,157350,5415,6243,1,1,2,1
mdl/beacon/kodai_fb_hose_03.rmdl,8736,496,288,8736,496,288,1,1,1,1
mdl/pipes/pipe_large_512_01.rmdl,49140,1920,1881,30540,1240,1155,1,1,3,1
mdl/levels_terrain/mp_rr_olympus/olympus_zone_12_sign_details_03.rmdl,17360,560,700,12640,440,500,1,1,2,1
mdl/olympus/olympus_highrise_sign_bonsai_01.rmdl,18594,629,741,14926,491,599,1,1,2,1
mdl/pipes/pipe_large_256_01.rmdl,17680,700,674,10620,440,399,1,1,3,1
mdl/levels_terrain/mp_rr_olympus/olympus_bldg_column_02.rmdl,19080,460,816,10892,282,460,1,1,3,3
mdl/pipes/pipe_large_angle_01.rmdl,30380,1460,1081,17880,880,630,1,1,3,1
mdl/IMC_base/imc_fan_large_02.rmdl,3848,178,139,3848,178,139,1,1,1,1
mdl/olympus/olympus_highrise_sign_plaza_01.rmdl,12272,392,496,9696,296,396,1,1,2,1
mdl/pipes/pipe_large_128_01.rmdl,16680,640,642,9960,400,378,1,1,3,1
mdl/pipes/slum_pipe_large_bracket_01.rmdl,78616,2356,3224,49344,1544,2004,1,1,4,1
mdl/levels_terrain/mp_rr_olympus/olympus_terrain_zone_02_tunnel_frame_01.rmdl,8272,192,356,8272,192,356,1,1,1,1
mdl/levels_terrain/mp_rr_olympus/olympus_bldg_column_03.rmdl,2944,64,128,1104,24,48,1,1,3,1
mdl/olympus/olympus_connector_rotator_512_01.rmdl,1704,64,66,1704,64,66,1,1,1,1
mdl/utilities/power_gen1.rmdl,298752,10952,11652,146864,5644,5650,1,1,5,1
mdl/industrial/underbelly_antenne.rmdl,329190,11395,13041,188348,6988,7321,1,1,3,1
mdl/pipes/slum_pipe_large_red_64_01.rmdl,43944,1584,1722,26576,976,1036,1,1,3,1
mdl/pipes/slum_pipe_large_yellow_64_01.rmdl,43944,1584,1722,26576,976,1036,1,1,3,1
mdl/pipes/pipe_large_bracket_01.rmdl,30380,1140,1177,17260,640,671,1,1,4,1
mdl/olympus/olympus_farming_robot_attachment_01.rmdl,6250,165,263,6250,165,263,1,1,1,1
mdl/imc_base/imc_fan_large_case_01.rmdl,111786,5231,4020,65164,3304,2267,1,1,4,1
mdl/IMC_base/imc_fan_large_case_01_short.rmdl,93362,4377,3355,65164,3304,2267,1,1,4,1
mdl/pipes/slum_pipe_large_32_01.rmdl,34444,1234,1352,21176,776,826,1,1,3,1
mdl/pipes/slum_pipe_large_blue_32_01.rmdl,34444,1234,1352,21176,776,826,1,1,3,1
mdl/pipes/slum_pipe_large_red_32_01.rmdl,34444,1234,1352,21176,776,826,1,1,3,1
mdl/pipes/slum_pipe_large_yellow_32_01.rmdl,34444,1234,1352,21176,776,826,1,1,3,1
mdl/beacon/beacon_wire_ground_coils_04.rmdl,20636,1056,715,20636,1056,715,1,1,1,1
mdl/city_modern/citymodern_doorframe_128x128_double_a.rmdl,5392,132,230,5392,132,230,1,1,1,1
mdl/utilities/wire_ceiling_mounts_corner_l.rmdl,87008,3168,3400,50312,1872,1954,1,1,3,1
mdl/utilities/wire_ceiling_mounts_corner.rmdl,85988,3168,3349,50312,1872,1954,1,1,3,1
mdl/utilities/wires_ground_coils_01.rmdl,57152,2452,2122,33712,1572,1214,1,1,4,1
mdl/beacon/beacon_wires_ground_coils_01.rmdl,33712,1572,1214,33712,1572,1214,1,1,1,1
mdl/beacon/mendoko_wires_ground_coils_01.rmdl,33712,1572,1214,33712,1572,1214,1,1,1,1
mdl/olympus/olympus_connector_rotator_256_01.rmdl,1704,64,66,1704,64,66,1,1,1,1
mdl/industrial/landing_mat_metal_02_large.rmdl,370040,13680,14398,297724,10994,11588,1,1,3,1
mdl/industrial/landing_mat_metal_03_large.rmdl,370040,13680,14398,297724,10994,11588,1,1,3,1
mdl/utilities/wire_ceiling_mounts_straight.rmdl,70916,2196,2887,36656,1196,1474,1,1,3,1
mdl/olympus/olympus_freeway_pillar_01.rmdl,9904,344,392,6656,236,262,1,1,2,1
mdl/floating_village/lagoon_window_metal_shutters_open_80x128.rmdl,72520,1720,3110,45168,1088,1932,1,1,3,1
mdl/olympus/olympus_connector_end_01.rmdl,10168,368,398,6956,256,271,1,1,2,2
mdl/IMC_base/imc_portable_int_wall_pipe_256_01.rmdl,14668,568,563,12720,500,486,1,1,2,1
mdl/ola/sewer_railing_01_corner_in.rmdl,148368,6108,5586,98076,4376,3591,1,1,3,1
mdl/s2s/s2s_wall_trim_01_corner.rmdl,2648,68,112,2648,68,112,1,1,1,1
mdl/olympus/olympus_connector_clamp_01.rmdl,34568,1028,1420,21992,652,904,1,1,3,2
mdl/lamps/search_light_off_stand_only_02.rmdl,96872,2892,3976,96872,2892,3976,1,1,3,1
mdl/cockpit/console_ship_center_tower_01.rmdl,20832,672,840,20832,672,840,1,1,1,1
mdl/ola/sewer_railing_01_corner_out.rmdl,148368,6108,5586,98076,4376,3591,1,1,3,1
mdl/industrial/service_ground_door.rmdl,9964,274,416,7136,196,298,1,1,2,1
mdl/beacon/beacon_railing_lrg_256_01.rmdl,139832,4572,5620,71016,2496,2802,1,1,3,1
mdl/olympus/gardens_staircase_double_01.rmdl,5312,112,232,5312,112,232,1,1,1,1
mdl/pipes/pipe_medium_45angle_01.rmdl,24760,1120,902,15240,720,546,1,1,3,1
mdl/olympus/olympus_connector_rotator_128_01.rmdl,1704,64,66,1704,64,66,1,1,1,1
mdl/IMC_base/imc_fan_large_01.rmdl,3848,178,139,3848,178,139,1,1,1,1
mdl/beacon/support_wall_beam_angled_02.rmdl,129000,3060,5532,60924,1484,2601,1,1,4,1
mdl/ola/sewer_railing_01_128.rmdl,99592,3912,3806,65152,2752,2432,1,1,3,1
mdl/vehicle/moped/moped_static.rmdl,170230,6015,6707,89876,3366,3484,1,1,3,1
mdl/ola/sewer_stair_railing_01.rmdl,73840,2940,2810,48152,2112,1774,1,1,3,1
mdl/ola/sewer_stair_railing_01_inv.rmdl,73840,2940,2810,48152,2112,1774,1,1,3,1
mdl/s2s/s2s_wall_trim_01_128.rmdl,2088,68,84,2088,68,84,1,1,1,1
mdl/beacon/beacon_wire_ground_coils_02.rmdl,20212,1032,701,20212,1032,701,1,1,1,1
mdl/beacon/mendoko_wire_ground_coils_02.rmdl,20212,1032,701,20212,1032,701,1,1,1,1
mdl/IMC_base/imc_portable_int_wall_pipe_128_01.rmdl,43888,1588,1718,23008,848,896,1,1,3,1
mdl/homestead/homestead_floor_panel_01.rmdl,36144,1084,1482,29060,930,1174,1,1,2,1
mdl/industrial/landing_mat_metal_02.rmdl,66200,2280,2626,49796,1766,1960,1,1,3,1
mdl/industrial/landing_mat_metal_03.rmdl,65832,2272,2610,49796,1766,1960,1,1,3,1
mdl/mendoko/mendoko_desk_01.rmdl,20008,528,842,14066,381,589,1,1,2,2
mdl/ola/sewer_railing_01_stairend.rmdl,85872,3412,3270,57328,2448,2132,1,1,3,1
mdl/firstgen/firstgen_elevator_support_02.rmdl,22644,794,894,22644,794,894,1,1,1,1
mdl/beacon/beacon_wire_cluster_07.rmdl,17100,960,567,17100,960,567,1,1,1,1
mdl/beacon/mendoko_wire_cluster_07.rmdl,17100,960,567,17100,960,567,1,1,1,1
mdl/beacon/beacon_railing_lrg_128_01.rmdl,101680,3420,4058,53456,1936,2092,1,1,3,1
mdl/beacon/beacon_wire_ground_coils_03.rmdl,20424,1044,708,20424,1044,708,1,1,1,1
mdl/beacon/mendoko_wire_ground_coils_03.rmdl,20424,1044,708,20424,1044,708,1,1,1,1
mdl/mendoko/mendoko_wire_ground_coils_03.rmdl,20424,1044,708,20424,1044,708,1,1,1,1
mdl/s2s/s2s_stair_railing_quad_01_inv.rmdl,33564,1174,1326,18548,688,721,1,1,3,1
mdl/s2s/s2s_stair_railing_quad_01.rmdl,33552,1172,1326,18568,688,722,1,1,3,1
mdl/ola/sewer_grate_01_16.rmdl,3824,104,160,3824,104,160,1,1,1,1
mdl/ola/sewer_railing_01_64.rmdl,79248,3168,3012,52320,2260,1938,1,1,3,1
mdl/pipes/pipe_modular_painted_red_02_128.rmdl,31568,1128,1240,20848,768,812,1,1,3,1
mdl/furniture/office_chair_leather.rmdl,48028,1718,1886,19800,760,762,1,1,3,1
mdl/industrial/tripod_cone_v1_high.rmdl,46476,1476,1881,21128,708,844,1,1,3,1
mdl/industrial/tripod_cone_v2_high_on.rmdl,46636,1476,1889,21128,708,844,1,1,3,1
mdl/beacon/modular_hose_yellow_128_bend_01.rmdl,11740,490,440,6460,280,239,1,1,3,1
mdl/s2s/s2s_wall_trim_01_64.rmdl,1324,34,56,1324,34,56,1,1,1,1
mdl/industrial/tripod_cone_v1_high_on.rmdl,46476,1476,1881,21128,708,844,1,1,3,1
mdl/olympus/olympus_farming_robot_attachment_02.rmdl,6182,167,259,6182,167,259,1,1,1,1
mdl/industrial/tool_chest_double.rmdl,58848,2108,2310,29904,1184,1140,1,1,3,1
mdl/containers/slumcity_oxygen_tank_blue.rmdl,78358,2713,3104,42208,1528,1652,1,1,3,1
mdl/containers/slumcity_oxygen_tank_red.rmdl,78358,2713,3104,42208,1528,1652,1,1,3,1
mdl/beacon/modular_hose_yellow_128_01.rmdl,17600,840,628,9740,480,343,1,1,3,1
mdl/imc_base/imc_portable_int_wall_pipe_64_01.rmdl,13488,488,528,8824,324,344,1,1,2,1
mdl/imc_base/imc_portable_int_wall_pipe_64_02.rmdl,9144,324,360,7472,272,292,1,1,2,1
mdl/timeshift/timeshift_modern_planter.rmdl,1916,76,73,1916,76,73,1,1,1,1
mdl/ola/sewer_stair_railingsmall_01.rmdl,47404,2014,1766,32172,1502,1158,1,1,3,1
mdl/ola/sewer_stair_railingsmall_01_inv.rmdl,47404,2014,1766,32172,1502,1158,1,1,3,1
mdl/beacon/modular_hose_yellow_128_02.rmdl,12920,560,478,7120,320,260,1,1,3,1
mdl/industrial/work_cart_plastic.rmdl,55332,2002,2166,30128,1208,1144,1,1,3,1
mdl/firstgen/firstgen_elevator_support_03.rmdl,10438,383,407,10438,383,407,1,1,1,1
mdl/beacon/beacon_wire_cluster_03.rmdl,13236,736,441,13236,736,441,1,1,1,1
mdl/beacon/mendoko_wire_cluster_03.rmdl,13236,736,441,13236,736,441,1,1,1,1
mdl/imc_base/imc_portable_int_wall_pipe_corner_01.rmdl,13244,544,499,13244,544,499,1,1,1,1
mdl/beacon/construction_scaff_post_128_01.rmdl,24340,600,1037,24340,600,1037,1,1,1,1
mdl/imc_base/imc_portable_int_wall_pipe_32_valve_01.rmdl,70536,2526,2769,32292,1182,1260,1,1,3,1
mdl/beacon/beacon_railing_lrg_01.rmdl,78812,2712,3127,42684,1584,1659,1,1,3,1
mdl/industrial/tripod_cone_v1_low.rmdl,43292,1372,1753,19720,660,788,1,1,3,1
mdl/firstgen/firstgen_brace_01.rmdl,7340,210,304,7340,210,304,1,1,1,1
mdl/mendoko/mendoko_monitor_03.rmdl,11488,328,476,11488,328,476,1,1,1,1
mdl/mendoko/mendoko_monitor_04.rmdl,40072,1272,1622,25432,832,1022,1,1,3,1
mdl/levels_terrain/sp_cloud_city/underbelly_wire_clamp_base_03.rmdl,16500,630,636,16500,630,636,1,1,1,1
mdl/imc_base/imc_portable_int_wall_pipe_tjunction_01.rmdl,13992,512,546,13992,512,546,1,1,1,1
mdl/ola/sewer_railing_01_32.rmdl,62656,2576,2360,41856,1876,1530,1,1,3,1
mdl/domestic/gym_locker_pwr_grp_01.rmdl,31000,1250,1175,31000,1250,1175,1,1,1,1
mdl/pipes/pipe_modular_painted_red_02_64.rmdl,14952,532,588,7472,272,292,1,1,4,1
mdl/imc_base/imc_portable_int_wall_pipe_32_01.rmdl,34800,1240,1368,19440,720,756,1,1,3,1
mdl/IMC_base/imc_portable_int_wall_pipe_corner_45_01.rmdl,13272,512,510,9784,384,374,1,1,2,1
mdl/industrial/underbelly_antenne_pipe_01.rmdl,29688,1458,1047,25612,1312,887,1,1,3,1
mdl/beacon/beacon_wire_cluster_02.rmdl,23448,1328,774,23448,1328,774,1,1,1,1
mdl/beacon/mendoko_wire_cluster_02.rmdl,23448,1328,774,23448,1328,774,1,1,1,1
mdl/signs/signage_plates_metal/sign_post_plate_c.rmdl,6448,208,260,3904,134,155,1,1,2,1
mdl/beacon/beacon_wire_cluster_01.rmdl,16548,928,549,16548,928,549,1,1,1,1
mdl/beacon/beacon_wire_cluster_04.rmdl,16272,912,540,16272,912,540,1,1,1,1
mdl/beacon/mendoko_wire_cluster_01.rmdl,16548,928,549,16548,928,549,1,1,1,1
mdl/beacon/mendoko_wire_cluster_04.rmdl,16272,912,540,16272,912,540,1,1,1,1
mdl/industrial/fan_mounted.rmdl,61340,2130,2428,30508,1128,1187,1,1,3,1
mdl/lamps/halogen_light_ceiling_off.rmdl,19528,648,782,9048,348,348,1,1,3,1
mdl/beacon/modular_hose_yellow_64_01.rmdl,5840,140,250,3160,80,134,1,1,3,1
mdl/ola/sewer_railing_01_16.rmdl,38680,1720,1418,27280,1320,968,1,1,3,1
mdl/firstgen/firstgen_utility_box_01.rmdl,4212,102,180,4212,102,180,1,1,1,1
mdl/slum_city/slumcity_pipe_bracket_corrugated_metal_a.rmdl,49344,1544,2004,49344,1544,2004,1,1,1,1
mdl/imc_base/imc_portable_int_wall_pipe_16_01.rmdl,26080,920,1028,16992,632,660,1,1,3,1
mdl/pipes/pipe_modular_painted_red_02_corner.rmdl,40940,1780,1513,22960,1040,836,1,1,4,1
mdl/pipes/pipe_modular_painted_red_02_32.rmdl,32440,1180,1268,19440,720,756,1,1,4,1
mdl/imc_base/imc_portable_int_wall_pipe_8_01.rmdl,7848,288,306,7848,288,306,1,1,1,1
mdl/IMC_base/conduit_str_64_IMC_01.rmdl,5008,168,200,2656,96,104,1,1,3,1
mdl/beacon/modular_hose_yellow_32_01.rmdl,5840,140,250,3160,80,134,1,1,3,1
mdl/signs/signage_plates_metal/sign_plate_c.rmdl,640,20,26,424,14,17,1,1,2,1
mdl/door/canyonlands_door_single_02_hinges.rmdl,14800,440,608,9040,280,368,1,1,3,1
mdl/beacon/beacon_wire_cluster_08.rmdl,24084,1154,858,24084,1154,858,1,1,1,1
mdl/beacon/beacon_wire_cluster_08_l.rmdl,24064,1154,857,24064,1154,857,1,1,1,1
mdl/beacon/mendoko_wire_cluster_08.rmdl,24084,1154,858,24084,1154,858,1,1,1,1
mdl/beacon/mendoko_wire_cluster_08_l.rmdl,24064,1154,857,24064,1154,857,1,1,1,1
mdl/IMC_base/conduit_str_64_IMC_02.rmdl,2272,72,92,1328,48,52,1,1,3,1
mdl/IMC_base/conduit_str_32_IMC_01.rmdl,11568,528,420,7504,384,260,1,1,3,1
mdl/beacon/modular_hose_yellow_corner_01.rmdl,13720,610,503,8440,400,302,1,1,3,1
mdl/pipes/pipe_modular_painted_red_02_8.rmdl,20080,740,782,10800,400,420,1,1,4,1
mdl/beacon/beacon_wire_cluster_06.rmdl,24064,1154,857,24064,1154,857,1,1,1,1
mdl/beacon/support_wall_beam_angle_foot_01.rmdl,8320,200,356,8320,200,356,1,1,1,1
mdl/furniture/office_desk_accessories_papers.rmdl,328,8,14,328,8,14,1,1,1,1
mdl/lamps/industrial_wall_light.rmdl,4588,138,188,3564,114,144,1,1,2,1
mdl/IMC_base/conduit_bend_16_IMC_01.rmdl,25482,1357,867,15584,864,520,1,1,3,1
mdl/IMC_base/conduit_str_16_IMC_01.rmdl,21168,1008,756,14608,768,500,1,1,3,1
mdl/IMC_base/conduit_str_32_IMC_02.rmdl,4880,240,172,3752,192,130,1,1,2,1
mdl/beacon/mendoko_wire_cluster_05.rmdl,16248,848,558,16248,848,558,1,1,1,1
mdl/furniture/office_desk_accessories_pen_holder.rmdl,28220,1070,1090,28220,1070,1090,1,1,1,1
mdl/IMC_base/conduit_str_08_IMC_01.rmdl,21168,1008,756,14608,768,500,1,1,3,1
mdl/IMC_base/conduit_str_16_IMC_02.rmdl,8008,408,278,7304,384,250,1,1,2,1
mdl/props/caustic_mug/caustic_mug.rmdl,8748,408,315,8748,408,315,1,1,1,1
mdl/IMC_base/conduit_bend_16_IMC_02.rmdl,6984,384,234,6984,384,234,1,1,1,1
mdl/IMC_base/conduit_start_IMC_01.rmdl,3104,144,112,3104,144,112,1,1,1,1
mdl/IMC_base/conduit_str_08_IMC_02.rmdl,8008,408,278,7304,384,250,1,1,2,1
mdl/IMC_base/conduit_start_IMC_02.rmdl,6920,360,238,5368,288,182,1,1,2,1
mdl/olympus/olympus_farms_grass_panel_03.rmdl,64772,1634,2016,57864,1472,1804,1,1,2,8
mdl/olympus/portal_large_tube_01.rmdl,92412,3270,3033,53400,1956,1736,1,1,3,1
mdl/olympus/portal_large_tube_inner_01.rmdl,28224,1040,916,28224,1040,916,1,1,1,1
mdl/olympus/portal_large_inner_01.rmdl,5208,240,157,5208,240,157,1,1,1,1
mdl/olympus/portal_large_tube_ring_02.rmdl,54480,2192,1722,34176,1536,1040,1,1,3,1
mdl/levels_terrain/mp_rr_olympus/olympus_city_zone_12_details_02b.rmdl,42864,1208,1484,42864,1208,1484,1,1,1,1
mdl/levels_terrain/mp_rr_olympus/olympus_city_zone_12_details_02a.rmdl,60888,1508,2160,60888,1508,2160,1,1,1,1
mdl/levels_terrain/mp_rr_olympus/olympus_city_zone_12_details_01b.rmdl,19968,472,714,19968,472,714,1,1,1,1
mdl/olympus/olympus_wall_support_zone_6_7.rmdl,208980,4016,6603,168528,3280,5316,1,1,3,9
mdl/olympus/portal_large_support_ring_01.rmdl,349632,8992,10560,180760,4964,5392,1,1,4,4
mdl/olympus/olympus_wall_flat_section_01.rmdl,146776,2996,4600,95044,1990,2968,1,1,4,7
mdl/levels_terrain/mp_rr_olympus/olympus_bldg_wall_angle_02.rmdl,6456,112,214,4088,72,138,1,1,2,5
mdl/olympus/olympus_farms_farming_shed_pipes_01.rmdl,68682,2195,2313,63594,2067,2133,1,1,2,8
mdl/industrial/underbelly_platform_girder_128_8_indent_b.rmdl,52656,1168,1902,44616,980,1614,1,1,2,2
mdl/ola/sewer_grate_01.rmdl,33824,984,1396,17064,544,690,1,1,4,2
mdl/lamps/light_parking_post.rmdl,135112,3862,5597,77612,2372,3169,1,1,4,1
mdl/industrial/cafe_coffe_machine.rmdl,28928,828,1198,13712,392,568,1,1,3,1
mdl/rocks/olympus_rocks_02.rmdl,152316,5574,4953,79884,3082,2558,1,1,4,1
mdl/rocks/olympus_rocks_01.rmdl,38388,1534,1216,19740,882,602,1,1,3,1
mdl/rocks/rock_lava_small_moss_desertlands_02.rmdl,63792,2388,2061,28992,1276,889,1,1,4,1
mdl/vehicles_r2/spacecraft/drop_pod/droppod_fireteam_static_02.rmdl,374544,12114,15093,197318,6623,7879,1,1,4,1
mdl/thaw/roof_generator_ac.rmdl,109996,2886,4634,70624,1924,2954,1,1,2,1
mdl/beacon/charge_generator_02.rmdl,457814,14209,18628,309372,9622,12582,1,1,2,1
mdl/beacon/charge_generator_03.rmdl,116340,3300,4827,65994,1999,2700,1,1,4,1
mdl/containers/barrel.rmdl,142476,4686,5718,62952,2172,2496,1,1,4,1
mdl/lamps/security_light_01_on.rmdl,69100,2470,2714,36296,1406,1393,1,1,3,1
mdl/vehicles_r5/land_med/msc_freight_tortus_mod/veh_land_msc_freight_tortus_mod_cargo_holder_v1_static.rmdl,182702,6607,7153,95260,3830,3614,1,1,5,1
mdl/vehicles_r5/land_med/msc_freight_tortus_mod/veh_land_msc_freight_tortus_mod_wheeled_v1_static.rmdl,291256,11106,11231,145452,6112,5439,1,1,5,1
mdl/colony/farmland_crate_md_80x64x72_02.rmdl,19988,918,724,13472,682,469,1,1,3,1
mdl/colony/farmland_crate_md_80x64x72_03.rmdl,29488,1348,1070,17496,916,600,1,1,4,1
mdl/firstgen/firstgen_barrel_01.rmdl,56484,2564,2055,33588,1578,1206,1,1,4,1
mdl/vehicles_r5/land_med/msc_freight_tortus_mod/veh_land_msc_freight_tortus_mod_attach_nav_v1_static.rmdl,32096,1186,1249,14432,632,532,1,1,5,1
mdl/vehicles_r5/land_med/msc_freight_tortus_mod/veh_land_msc_freight_tortus_mod_attach_hitch_v1_static.rmdl,28856,896,1174,12322,427,488,1,1,5,1
mdl/test/josh_test/farmland_bedding_pillow_01.rmdl,9864,574,321,9864,574,321,1,1,1,1
mdl/levels_terrain/mp_rr_canyonlands/canyonlands_mall_roof_dome_01.rmdl,58056,1926,2325,36592,1242,1457,1,1,3,5
mdl/industrial/underbelly_wind_shield_01.rmdl,131218,4473,5219,82126,2891,3239,1,1,3,1
mdl/IMC_base/control_desk_IMC_01.rmdl,12836,306,550,12836,306,550,1,1,1,1
mdl/industrial/security_fence_post.rmdl,12768,418,513,12768,418,513,1,1,1,1
mdl/IMC_base/monitor_command_imc_01.rmdl,19496,476,832,19496,476,832,1,1,1,1
mdl/eden/beacon_small_screen_01_off.rmdl,18632,452,796,18632,452,796,1,1,1,1
mdl/industrial/electrical_box_green.rmdl,9360,220,402,9360,220,402,1,1,1,1
mdl/beacon/construction_light_small_01_blue_on.rmdl,110444,4124,4285,56760,2260,2160,1,1,3,1
mdl/IMC_base/monitor_command_small_imc_01.rmdl,19496,476,832,19496,476,832,1,1,1,1
mdl/lamps/halogen_light_ceiling_blueish.rmdl,19528,648,782,9048,348,348,1,1,3,1
mdl/lamps/halogen_light_ceiling.rmdl,19528,648,782,9048,348,348,1,1,3,1
mdl/mendoko/mendoko_research_microscope.rmdl,80120,2620,3220,42608,1528,1672,1,1,3,1
mdl/s2s/s2s_wall_light_01.rmdl,4936,206,185,2636,116,97,1,1,4,1
mdl/harmony_mines/halogen_light_ceiling_64.rmdl,3528,128,138,3528,128,138,1,1,1,1
mdl/lamps/industrial_wall_light_02_on.rmdl,4588,138,188,3564,114,144,1,1,2,1
mdl/lamps/industrial_wall_light_on_blue.rmdl,4588,138,188,3564,114,144,1,1,2,1
mdl/lamps/industrial_wall_light_on.rmdl,4588,138,188,3564,114,144,1,1,2,1
mdl/lamps/warning_light_ON_red.rmdl,14196,486,564,14196,486,564,1,1,1,1
mdl/lamps/warning_light_red.rmdl,14196,486,564,14196,486,564,1,1,1,1
mdl/lamps/warning_light_ON_red_small.rmdl,14196,486,564,14196,486,564,1,1,1,1
mdl/city_modern/citymodern_parking_stall_structure_01.rmdl,123138,4183,4902,64120,2280,2522,1,1,4,1
mdl/city_modern/citymodern_parking_stall_framework_01.rmdl,34604,1364,1321,16448,728,604,1,1,4,1
mdl/fixtures/stasis_light_01_warm.rmdl,80136,3156,3060,49308,2058,1848,1,1,3,2
mdl/fixtures/stasis_light_01_off.rmdl,78360,3100,2988,49308,2058,1848,1,1,3,1
mdl/fixtures/stasis_light_01_red.rmdl,80136,3156,3060,49308,2058,1848,1,1,3,1
mdl/lamps/light_florescenet_modern.rmdl,38592,1082,1605,18060,570,732,1,1,3,1
mdl/lights/industrial_interior_light_small_01.rmdl,9852,292,405,8774,259,361,1,1,2,1
mdl/domestic/security_camera_03.rmdl,36606,1311,1437,20608,788,794,1,1,3,1
mdl/lamps/office_desk_lamp.rmdl,30400,980,1226,15712,512,632,1,1,3,1
mdl/desertlands/desertlands_train_station_interior_light_01.rmdl,26444,844,1069,15248,508,610,1,1,3,2
mdl/levels_terrain/mp_rr_olympus/bp_ceiling_light_01.rmdl,63228,2118,2105,36648,1308,1200,1,1,2,2
mdl/olympus/olympus_sec_checkpoint_01.rmdl,1848,44,66,1848,44,66,1,1,1,2
mdl/pipes/pipe_large_64_01.rmdl,47464,1764,1844,27896,1056,1078,1,1,3,2
mdl/backwater/rock_set_backwater_04.rmdl,5548,278,194,5548,278,194,1,1,1,1
mdl/IMC_base/imc_tech_tallpanel_48_02.rmdl,4664,124,196,3652,102,152,1,1,2,1
mdl/industrial/metal_support_thick_broken.rmdl,52436,1466,2182,52436,1466,2182,1,1,1,1
mdl/levels_terrain/mp_fracture_style/metal_roof_panels_quarter.rmdl,1656,36,72,1656,36,72,1,1,1,1
mdl/barriers/concrete/concrete_barrier_01.rmdl,32992,792,1412,18676,446,800,1,1,4,1
mdl/IMC_base/imc_tech_panel_64_01.rmdl,20200,490,863,10688,268,454,1,1,5,1
mdl/domestic/cigarettes_and_ashtray.rmdl,29284,874,1202,29284,874,1202,1,1,1,1
mdl/foliage/tree_green_forest_01.rmdl,396612,12510,13398,271572,8434,9207,1,1,4,2
mdl/rubble/concrete_piece_03_rebar.rmdl,76872,2836,2494,40080,1576,1276,1,1,3,2
mdl/olympus/olympus_counter_01_256.rmdl,3282,63,121,3282,63,121,1,1,1,3
mdl/industrial/underbelly_large_platform_128_128_a.rmdl,30024,556,1112,11880,220,440,1,1,3,4
mdl/rubble/concrete_piece_02_rebar.rmdl,63900,2234,2104,37452,1474,1192,1,1,3,2
mdl/olympus/olympus_farm_algae_belt_strap_01.rmdl,5064,156,172,5064,156,172,1,1,1,2
mdl/industrial/underbelly_support_beam_256_01.rmdl,10056,236,360,7272,156,264,1,1,3,3
mdl/canyonlands/concrete_broken_chunk_01.rmdl,67020,1286,2471,39360,740,1455,1,1,3,2
mdl/levels_terrain/mp_rr_canyonlands/canyonland_pipe_ring.rmdl,9420,242,332,6120,156,216,1,1,2,3
mdl/industrial/underbelly_support_beam_128_01.rmdl,6864,152,248,4608,96,168,1,1,3,3
mdl/canyonlands/concrete_broken_chunk_02.rmdl,8652,142,325,5988,98,225,1,1,2,2
mdl/olympus/olympus_checkpoint_screen_01.rmdl,2208,56,78,2208,56,78,1,1,1,2
mdl/olympus/olympus_checkpoint_screen_03.rmdl,1584,44,66,1584,44,66,1,1,1,2
mdl/colony/solar_panel_angled_01.rmdl,69184,1694,2951,45784,1154,1943,1,1,3,1
mdl/test/josh_test/farmland_crate_md_80x64x72_test_03.rmdl,17496,916,600,17496,916,600,1,1,1,1
mdl/boomtown/btown_whouse_rack_motor_01.rmdl,93852,3392,3675,61464,2324,2376,1,1,2,1
mdl/colony/colony_wall_run_plate.rmdl,123550,2945,5294,71958,1713,3084,1,1,4,1
mdl/rocks/icelandic_rockcluster_02.rmdl,156840,6788,4838,85896,4032,2571,1,1,4,1
mdl/rocks/icelandic_rockcluster_01.rmdl,78552,3388,2426,42624,1988,1279,1,1,4,1
mdl/foliage/plant_chinese_evergreen_small_nexus_01.rmdl,78532,3372,2915,42492,1972,1533,1,1,4,1
mdl/desertlands/industrial_window_shutter_128x80.rmdl,15790,395,671,7232,192,304,1,1,4,1
mdl/domestic/market_counter_flat.rmdl,8808,228,310,8808,228,310,1,1,1,1
mdl/foliage/plant_chinese_evergreen_small_nexus_02.rmdl,75598,3383,2765,36776,1726,1321,1,1,4,1
mdl/olympus/olympus_painting_01.rmdl,580,30,20,580,30,20,1,1,1,1
mdl/olympus/olympus_painting_03.rmdl,580,30,20,580,30,20,1,1,1,1
mdl/olympus/olympus_painting_04.rmdl,580,30,20,580,30,20,1,1,1,1
mdl/olympus/olympus_painting_06.rmdl,580,30,20,580,30,20,1,1,1,1
mdl/olympus/olympus_painting_07.rmdl,580,30,20,580,30,20,1,1,1,1
mdl/colony/antenna_01_colony_arm.rmdl,168134,4919,6931,105692,3302,4294,1,1,4,1
mdl/domestic/bicycle_time_trial.rmdl,95420,3240,3799,51108,1818,2010,1,1,3,1
mdl/domestic/bicycle_pursuit.rmdl,87314,3149,3421,46552,1732,1808,1,1,3,1
mdl/olympus/olympus_painting_05.rmdl,580,30,20,580,30,20,1,1,1,1
mdl/olympus/olympus_painting_02.rmdl,580,30,20,580,30,20,1,1,1,1
mdl/domestic/bicycle_road.rmdl,91388,3518,3514,49032,1952,1866,1,1,3,1
mdl/IMC_base/imc_antenna_02.rmdl,11240,330,463,11240,330,463,1,1,1,1
mdl/colony/antenna_01_colony_pole.rmdl,20782,727,821,8510,315,331,1,1,3,1
mdl/signs/runoff_signs/recycle_sign.rmdl,2160,80,84,2160,80,84,1,1,1,1
mdl/signs/street_sign_marvin_lane.rmdl,1128,28,48,1128,28,48,1,1,1,1
mdl/signs/street_sign_arrow.rmdl,1128,28,48,1128,28,48,1,1,1,1
mdl/signs/street_sign_rail_distance_02.rmdl,552,12,24,552,12,24,1,1,1,1
mdl/signs/runoff_signs/pump_distance_sign.rmdl,848,28,34,848,28,34,1,1,1,1
mdl/desertlands/industrial_cargo_container_large_01.rmdl,137960,3880,5734,56272,1622,2327,1,1,5,3
mdl/olympus/olympus_highrise_sign_rev_01.rmdl,61374,1421,2202,52440,1136,1901,1,1,2,2
mdl/olympus/olympus_checkpoint_screen_02.rmdl,1848,44,66,1848,44,66,1,1,1,2
mdl/ola/sewer_staircase_96_quad.rmdl,11728,248,512,11728,248,512,1,1,1,2
mdl/containers/container_medium_tanks_blue.rmdl,152082,5617,5919,83340,3270,3186,1,1,4,1
mdl/signs/tiffany_coffee.rmdl,76888,2068,3224,45154,1229,1889,1,1,2,1
mdl/kodai/kodai_projector_floor_02.rmdl,13048,288,566,8944,204,386,1,1,2,1
mdl/rocks/rockcluster_light_01.rmdl,64900,3260,2267,37508,1988,1279,1,1,3,1
mdl/domestic/flower_pot_med_01.rmdl,17576,636,688,9660,360,375,1,1,4,1
mdl/barriers/concrete/concrete_barrier_fence_128.rmdl,127530,2855,4600,101658,2279,3666,1,1,3,4
mdl/pipes/airduct_m_80.rmdl,2208,48,96,1656,36,72,1,1,2,1
mdl/pipes/airduct_m_turn_vert.rmdl,4924,134,206,3480,100,144,1,1,2,1
mdl/pipes/airduct_m_48.rmdl,2208,48,96,1656,36,72,1,1,2,1
mdl/industrial/traffic_barrel_01.rmdl,28668,988,1137,15684,564,615,1,1,4,1
mdl/industrial/traffic_cone_01.rmdl,4718,143,193,3056,96,124,1,1,2,1
mdl/domestic/nessy_doll.rmdl,53076,2996,1755,35980,2070,1178,1,1,2,1
mdl/electricalboxes/fusebox_small_a.rmdl,3032,92,124,3032,92,124,1,1,1,1
mdl/rise/catwalk_hanging_wires_01.rmdl,23712,1272,804,23712,1272,804,1,1,1,3
mdl/city_modern/citymodern_vent_02.rmdl,2556,50,94,2556,50,94,1,1,1,2
mdl/olympus/rubble_mound_mod_01.rmdl,18864,944,550,12216,628,352,1,1,3,1
mdl/olympus/olympus_farms_plant_picked_crate_02.rmdl,900,34,29,792,32,25,1,1,2,1
mdl/olympus/bonsai_sign_business_park_01.rmdl,243480,6284,8574,115572,2998,4066,1,1,4,7
mdl/olympus/pathfinder_heirloom_statue_01.rmdl,287576,11176,11026,225916,9206,8534,1,1,3,1
mdl/boomtown/btown_whouse_prop_rack_arm_02.rmdl,146088,3500,5212,93978,2347,3329,1,1,3,2
mdl/menu/menu_cubemap.rmdl,52300,3120,1679,52300,3120,1679,1,1,1,1
mdl/imc_base/light_wall_imc_01_on.rmdl,11172,462,420,5048,228,184,1,1,4,1
mdl/domestic/porkchop_01.rmdl,8292,382,300,4956,236,177,1,1,3,1
mdl/olympus/path_tt_paper_01.rmdl,8840,340,340,8840,340,340,1,1,1,1
mdl/olympus/path_tt_screen_01_off.rmdl,14208,408,490,14208,408,490,1,1,1,4
mdl/levels_terrain/mp_rr_olympus/olympus_terrain_zone_08_art_d.rmdl,69618,1271,2583,69618,1271,2583,1,1,1,3
mdl/olympus/olympus_highrise_sign_oasis_02.rmdl,45180,1366,1541,27654,853,939,1,1,2,2
mdl/levels_terrain/mp_rr_olympus/olympus_terrain_zone_12_ring01.rmdl,455810,12819,13532,302364,8520,8973,1,1,2,10
mdl/olympus/olympus_broken_circular_platform_01.rmdl,201352,3952,6515,201352,3952,6515,1,1,1,6
mdl/levels_terrain/mp_rr_olympus/olympus_terrain_zone_12_ring02.rmdl,491672,12762,14825,336430,8649,10162,1,1,2,10
mdl/olympus/zone_15_walls_bridges.rmdl,284962,7043,8668,222400,5856,6688,1,1,3,13
mdl/olympus/portal_large_tube_destroyed_01.rmdl,264590,6625,8030,150500,4172,4481,1,1,3,2
mdl/levels_terrain/mp_rr_olympus/olympus_terrain_zone_13_runway_02.rmdl,8676,170,274,8676,170,274,1,1,1,9
mdl/olympus/olympus_house_bed_01.rmdl,76266,2571,2535,67146,2339,2213,1,1,2,4
mdl/vistas/olympus_energy_dome_03_opaque.rmdl,160584,6076,3448,160584,6076,3448,1,1,1,1
mdl/levels_terrain/mp_rr_olympus/olympus_terrain_wall_railings_01.rmdl,37296,966,1125,24688,638,745,1,1,2,5
mdl/olympus/olympus_farm_algae_belt_underground_01.rmdl,73472,2548,2078,69340,2438,1954,1,1,2,6
mdl/olympus/olympus_farm_algae_belt_underground_02.rmdl,72724,2526,2056,69340,2438,1954,1,1,2,6
mdl/levels_terrain/mp_rr_olympus/olympus_terrain_wall_interior_supports_01.rmdl,186504,3812,5844,100480,2168,3124,1,1,3,11
mdl/levels_terrain/mp_rr_olympus/olympus_terrain_zone_03_wires_01.rmdl,566392,22000,15514,330296,12704,9074,1,1,3,2
mdl/levels_terrain/mp_rr_olympus/oly_ship_rear.rmdl,413308,8526,12934,413308,8526,12934,1,1,1,4
mdl/levels_terrain/mp_rr_olympus/oly_ship_engine_center.rmdl,95884,1962,3004,95884,1962,3004,1,1,1,3
mdl/olympus/portal_large_underwall_01.rmdl,4764,98,174,4764,98,174,1,1,1,2
mdl/olympus/zone_14_structure_awning.rmdl,364684,10250,10828,198172,5696,5857,1,1,4,5
mdl/olympus/olympus_highrise_ext_bldg_02d.rmdl,196620,5372,5871,114096,3280,3372,1,1,4,8
mdl/levels_terrain/mp_rr_olympus/olympus_terrain_zone_12_fountain.rmdl,164308,4560,4891,139880,3872,4166,1,1,2,5
mdl/levels_terrain/mp_rr_olympus/mtn_olympus_terrain_01_exterior_ring.rmdl,36660,1222,1222,27852,1010,908,1,1,2,3
mdl/levels_terrain/mp_rr_olympus/olympus_bldg_wall_window_02.rmdl,135704,2452,4348,77586,1469,2463,1,1,4,9
mdl/olympus/olympus_farms_grass_panel_frame_01.rmdl,58212,1498,1758,49268,1286,1484,1,1,2,6
mdl/olympus/portal_large_tube_ring_01.rmdl,69616,1728,2116,34344,1048,1002,1,1,3,2
mdl/olympus/olympus_farms_grass_panel_05.rmdl,86408,2288,2662,80684,2146,2488,1,1,2,8
mdl/olympus/olympus_farms_grass_panel_04.rmdl,82372,2006,2547,76860,1890,2375,1,1,2,8
mdl/levels_terrain/mp_rr_olympus/oly_ship_engine_left.rmdl,73046,1483,2291,73046,1483,2291,1,1,1,4
mdl/levels_terrain/mp_rr_olympus/oly_ship_engine_right.rmdl,73136,1484,2294,73136,1484,2294,1,1,1,4
mdl/levels_terrain/mp_rr_olympus/olympus_bldg_wall_angle_03.rmdl,49020,990,1566,23588,526,744,1,1,4,8
mdl/levels_terrain/mp_rr_olympus/olympus_bldg_wall_window_01.rmdl,22756,534,876,14656,360,564,1,1,3,7
mdl/olympus/olympus_highrise_sign_cafe_01.rmdl,23616,736,800,23616,736,800,1,1,1,2
mdl/olympus/portal_platform_stairs_02.rmdl,172608,2976,6448,86304,1488,3224,1,1,2,2
mdl/olympus/olympus_wall_endcap_01.rmdl,230314,5859,6970,118040,3242,3521,1,1,5,8
mdl/levels_terrain/mp_rr_olympus/mp_olympus_highrise_up.rmdl,63744,2000,2156,32376,1036,1090,1,1,4,5
mdl/levels_terrain/mp_rr_olympus/olympus_bldg_wall_flat_01.rmdl,5200,132,202,3048,80,120,1,1,2,4
mdl/olympus/olympus_wall_top_01.rmdl,35828,642,1142,22060,410,700,1,1,3,8
mdl/olympus/portal_large_underwall_01_end.rmdl,24632,478,807,13944,278,455,1,1,3,3
mdl/levels_terrain/mp_rr_olympus/olympus_bldg_wall_angle_01.rmdl,17404,354,572,9980,218,336,1,1,2,6
mdl/levels_terrain/mp_rr_olympus/olympus_bldg_column_04.rmdl,35176,760,1330,20496,468,770,1,1,4,5
mdl/olympus/olympus_table_01.rmdl,14568,372,514,14568,372,514,1,1,1,2
mdl/olympus/olympus_battery_bldg_ext_06.rmdl,103098,2691,3623,55782,1461,1959,1,1,3,12
mdl/olympus/olympus_farms_planter_platform_water_irrigation_02.rmdl,67184,1640,2048,57436,1448,1741,1,1,2,5
mdl/levels_terrain/mp_rr_olympus/oly_ship_door_closed.rmdl,114450,3279,3949,87564,2586,3002,1,1,2,5
mdl/containers/underbelly_fuel_tower_center_tank_01.rmdl,179700,4838,6278,135420,3686,4721,1,1,3,3
mdl/olympus/big_planter_01.rmdl,6086,137,188,6086,137,188,1,1,1,4
mdl/levels_terrain/mp_rr_olympus/mp_olympus_highrise_top_01.rmdl,229272,5484,8182,94860,2362,3362,1,1,4,6
mdl/olympus/olympus_farm_pipe_stair_01.rmdl,239392,8464,6736,239392,8464,6736,1,1,1,2
mdl/olympus/olympus_panel_triangle_01.rmdl,25908,998,996,16692,722,618,1,1,4,3
mdl/olympus/olympus_highrise_sign_oasis_01.rmdl,54042,1639,1842,27654,853,939,1,1,3,2
mdl/olympus/olympus_farms_silo_straight_02.rmdl,48492,1562,1630,31644,1034,1060,1,1,3,3
mdl/olympus/olympus_gazebo.rmdl,45804,1106,1632,45804,1106,1632,1,1,1,6
mdl/canyonlands/canyonlands_zone_sign_01.rmdl,84724,2594,3458,33932,1122,1360,1,1,5,4
mdl/olympus/olympus_farms_silo_base_01.rmdl,195552,5960,6658,123408,3940,4157,1,1,3,7
mdl/levels_terrain/mp_rr_olympus/olympus_path_tt_roof_banner_01.rmdl,46056,1376,1575,32034,1027,1078,1,1,3,3
mdl/olympus/portal_platform_stairs_01.rmdl,76480,1424,2872,71260,1290,2686,1,1,2,4
mdl/olympus/olympus_farms_silo_straight_01.rmdl,41628,1338,1400,27756,906,930,1,1,3,3
mdl/olympus/oly_panel_broken_03.rmdl,101808,2656,3578,45264,1304,1560,1,1,5,7
mdl/olympus/olympus_house_furniture_01.rmdl,11904,384,400,11904,384,400,1,1,1,2
mdl/olympus/olympus_mu1_ship_ramp_03.rmdl,2592,48,96,2592,48,96,1,1,1,2
mdl/desertlands/railing_metal_dirty_64_01.rmdl,29932,962,1208,22424,744,898,1,1,3,2
mdl/canyonlands/canyonlands_zone_sign_03b.rmdl,6432,212,258,5048,168,202,1,1,2,3
mdl/olympus/olympus_farms_silo_cap_01.rmdl,128748,4650,4202,88692,3262,2880,1,1,3,5
mdl/olympus/olympus_mu1_ship_ramp_01.rmdl,1512,28,56,1512,28,56,1,1,1,2
mdl/desertlands/desertlands_lobby_side_table_02.rmdl,19992,596,684,11952,376,404,1,1,3,3
mdl/olympus/olympus_farm_building_big_underground_pipes_01.rmdl,201024,7248,6564,201024,7248,6564,1,1,1,3
mdl/levels_terrain/mp_rr_olympus/oly_ship_door_walk_b.rmdl,64908,1914,2226,64908,1914,2226,1,1,1,5
mdl/levels_terrain/mp_rr_olympus/oly_ship_door_walk_a.rmdl,58800,1672,2032,58800,1672,2032,1,1,1,3
mdl/canyonlands/canyonlands_zone_sign_03.rmdl,122016,2560,4444,48252,1050,1748,1,1,4,5
mdl/city_modern/citymodern_planter_512x512_182_squared_a.rmdl,27576,532,1016,16164,310,596,1,1,2,3
mdl/levels_terrain/mp_rr_olympus/city_bldg_bike_rental01.rmdl,62448,1728,2170,42552,1212,1470,1,1,2,6
mdl/olympus/olympus_hedge_arch.rmdl,470934,10977,16878,330618,8319,11696,1,1,3,5
mdl/olympus/olympus_zone_04_column_01.rmdl,19056,504,668,19056,504,668,1,1,1,5
mdl/olympus/docks_fueltower_scaff_bottom_01.rmdl,45504,908,1669,30264,612,1108,1,1,2,3
mdl/canyonlands/wraith_tt_portal_large.rmdl,121144,4544,4694,64072,2432,2474,1,1,4,2
mdl/olympus/olympus_modern_light_01.rmdl,1644,50,56,1644,50,56,1,1,1,2
mdl/canyonlands/canyonlands_zone_sign_02.rmdl,100680,2116,3666,30240,680,1090,1,1,5,4
mdl/olympus/olympus_highrise_int_facade_01.rmdl,33156,1034,1123,24666,767,836,1,1,2,5
mdl/city_modern/citymodern_planter_256x512_82_beveled_a.rmdl,9756,250,344,6570,171,231,1,1,2,4
mdl/city_modern/citymodern_planter_256x512_82_beveled_b.rmdl,9756,250,344,6570,171,231,1,1,2,4
mdl/olympus/bp_round_planter_01.rmdl,62028,2054,2071,34200,1152,1137,1,1,4,4
mdl/olympus/olympus_mu1_ship_ramp_04.rmdl,2324,54,100,2324,54,100,1,1,1,2
mdl/olympus/olympus_modern_light_02.rmdl,780,18,28,780,18,28,1,1,1,2
mdl/thunderdome/thunderdome_screen_tower_arm_01.rmdl,32380,890,1352,14492,422,598,1,1,4,3
mdl/levels_terrain/mp_rr_olympus/oly_ship_door_walk_c.rmdl,28116,726,990,28116,726,990,1,1,1,3
mdl/city_modern/citymodern_planter_984x128_40_squared_a.rmdl,3864,92,138,2364,58,84,1,1,2,3
mdl/industrial/underbelly_wall_pillar_01.rmdl,19424,504,820,11088,288,468,1,1,3,2
mdl/olympus/lab_holo_projector_small.rmdl,257706,7735,8804,139440,4328,4728,1,1,3,7
mdl/city_modern/citymodern_planter_256x512_40_beveled_a.rmdl,9300,238,328,6570,171,231,1,1,2,4
mdl/city_modern/citymodern_planter_256x512_40_beveled_b.rmdl,9300,238,328,6570,171,231,1,1,2,4
mdl/levels_terrain/mp_rr_olympus/mtn_olympus_wall_detail_01.rmdl,12072,324,422,12072,324,422,1,1,1,2
mdl/olympus/olympus_wall_panel_02.rmdl,18316,636,725,12516,456,489,1,1,3,4
mdl/olympus/olympus_can_light_short.rmdl,5868,178,200,5868,178,200,1,1,1,2
mdl/containers/underbelly_fuel_tower_pill_tank_med_04.rmdl,17088,536,578,12864,424,430,1,1,2,2
mdl/olympus/olympus_highrise_decor_03.rmdl,50076,1186,1790,31464,764,1120,1,1,3,3
mdl/olympus/olympus_mu1_ship_ramp_02.rmdl,1288,28,56,1288,28,56,1,1,1,2
mdl/pipes/slum_pipe_large_blue_512_01.rmdl,59064,1860,1996,34944,1120,1176,1,1,3,2
mdl/pipes/slum_pipe_large_yellow_512_01.rmdl,59064,1860,1996,34944,1120,1176,1,1,3,2
mdl/olympus/olympus_highrise_decor_02.rmdl,39240,988,1388,25200,648,888,1,1,3,3
mdl/pipes/slum_pipe_large_yellow_256_angle_01.rmdl,49824,2120,1546,31824,1440,966,1,1,3,2
mdl/levels_terrain/mp_rr_canyonlands/rig_frame_wall_lrg_01.rmdl,7808,188,334,6888,168,294,1,1,2,4
mdl/levels_terrain/mp_rr_canyonlands/rig_frame_wall_lrg_02.rmdl,7808,188,334,6888,168,294,1,1,2,4
mdl/olympus/olympus_wall_panel_01.rmdl,6144,144,264,5068,118,218,1,1,2,3
mdl/olympus/olympus_weapon_roof_support_01.rmdl,3000,84,104,3000,84,104,1,1,1,3
mdl/olympus/olympus_hedge_curved.rmdl,294978,7127,10509,212580,5494,7484,1,1,4,4
mdl/desertlands/industrial_cargo_container_320_01.rmdl,114828,2998,4842,65272,1752,2738,1,1,4,3
mdl/olympus/olympus_chandelier_paper_01.rmdl,181830,5701,6151,115380,3974,3814,1,1,3,5
mdl/city_modern/citymodern_planter_128x512_82_squared_a.rmdl,3816,92,136,2364,58,84,1,1,2,3
mdl/city_modern/citymodern_planter_256x256_82_squared_a.rmdl,3816,92,136,2364,58,84,1,1,2,3
mdl/city_modern/citymodern_planter_256x256_82_beveled_b.rmdl,9696,248,342,6510,169,229,1,1,2,4
mdl/olympus/zone_14_column.rmdl,17376,560,584,11808,384,396,1,1,3,4
mdl/olympus/olympus_farms_robot_mister_railing_angle_01.rmdl,8664,288,289,8664,288,289,1,1,1,3
mdl/olympus/olympus_fabric_pipe_02.rmdl,49728,1560,1682,45768,1440,1547,1,1,2,4
mdl/olympus/flexscreen_standbase_olympus.rmdl,7542,181,269,5430,141,191,1,1,2,2
mdl/city_modern/citymodern_planter_128x512_40_squared_a.rmdl,3816,92,136,2364,58,84,1,1,2,3
mdl/olympus/bp_modern_stairs_curved_512_tile_01.rmdl,29088,888,990,18480,576,626,1,1,2,3
mdl/olympus/bp_modern_stairs_curved_512_wood_01.rmdl,25128,888,990,15976,576,626,1,1,2,3
mdl/olympus/gardens_pillar_03.rmdl,40968,1336,1373,26232,880,873,1,1,3,3
mdl/city_modern/citymodern_planter_256x256_40_beveled_a.rmdl,9240,236,326,6510,169,229,1,1,2,4
mdl/ola/sewer_staircase_01.rmdl,39520,840,1724,39520,840,1724,1,1,1,2
mdl/olympus/oly_destruction_01.rmdl,95820,2298,3418,65352,1556,2334,1,1,3,2
mdl/olympus/olympus_fabric_pipe_01.rmdl,51816,1568,1767,48312,1472,1645,1,1,2,4
mdl/pipes/pipe_large_256_02.rmdl,31064,1174,1201,18800,740,718,1,1,3,2
mdl/olympus/olympus_platform_05.rmdl,19704,400,721,8388,170,307,1,1,5,4
mdl/pipes/slum_pipe_large_blue_256_01.rmdl,38808,1220,1312,22464,720,756,1,1,3,2
mdl/pipes/slum_pipe_large_yellow_256_01.rmdl,38808,1220,1312,22464,720,756,1,1,3,2
mdl/pipes/slum_pipe_large_yellow_256_02.rmdl,63840,2000,2160,38784,1240,1306,1,1,3,2
mdl/olympus/olympus_highrise_wall_01.rmdl,30012,722,1070,18936,484,668,1,1,2,4
mdl/pipes/slum_pipe_large_yellow_tjunc_01.rmdl,55860,2098,1803,34860,1374,1109,1,1,3,2
mdl/olympus/olympus_highrise_planter_02.rmdl,20136,652,676,14364,466,482,1,1,2,3
mdl/containers/underbelly_fuel_tower_sphere_tank_med_04.rmdl,61656,2212,2016,41808,1592,1344,1,1,3,2
mdl/city_modern/citymodern_planter_128x256_82_squared_a.rmdl,3816,92,136,2364,58,84,1,1,2,3
mdl/cockpit/ship_console_control_large_v2.rmdl,192100,5930,7826,192100,5930,7826,1,1,1,3
mdl/city_modern/citymodern_parking_stall_framework_wall_02.rmdl,60894,2219,2379,32634,1229,1263,1,1,4,2
mdl/olympus/olympus_garden_wall.rmdl,213720,6360,7315,183234,5547,6248,1,1,3,5
mdl/levels_terrain/mp_rr_canyonlands/rig_frame_wall_med_01.rmdl,5060,110,220,3772,82,164,1,1,2,4
mdl/pipes/slum_pipe_large_yellow_angle_01.rmdl,32532,1270,1038,21408,880,672,1,1,3,2
mdl/city_modern/citymodern_planter_512x64_40_squared_a.rmdl,4200,92,152,2364,58,84,1,1,2,3
mdl/olympus/bp_lightpost_tall_01.rmdl,33192,1168,1091,19632,720,638,1,1,3,2
mdl/olympus/bp_modern_stairs_curved_512_tile_02.rmdl,15120,456,516,9408,288,320,1,1,2,3
mdl/olympus/bp_modern_stairs_curved_512_wood_02.rmdl,13056,456,516,8128,288,320,1,1,2,3
mdl/olympus/olympus_battery_wires_01.rmdl,30732,1178,986,26568,1092,834,1,1,2,4
mdl/levels_terrain/mp_rr_olympus/mp_olympus_circular_sofa_01.rmdl,213896,10096,7666,213896,10096,7666,1,1,1,3
mdl/olympus/bp_modern_stairs_curved_256_tile_l_01.rmdl,14544,444,495,9240,288,313,1,1,2,3
mdl/olympus/gardens_planter_slope_01.rmdl,6744,148,244,6744,148,244,1,1,1,2
mdl/olympus/gardens_pillar_02.rmdl,26328,848,885,17640,576,591,1,1,3,2
mdl/city_modern/citymodern_planter_128x256_40_squared_a.rmdl,3816,92,136,2364,58,84,1,1,2,3
mdl/olympus/bp_modern_stairs_curved_256_wood_l_01.rmdl,12564,444,495,7988,288,313,1,1,2,3
mdl/olympus/bp_modern_stairs_curved_256_wood_r_01.rmdl,12564,444,495,7988,288,313,1,1,2,3
mdl/pipes/slum_pipe_large_yellow_128_01.rmdl,21696,680,734,12480,400,420,1,1,3,2
mdl/desertlands/industrial_metal_frame_wall_256x144_04.rmdl,19352,512,814,8264,244,340,1,1,4,2
mdl/pipes/slum_pipe_large_yellow_angle45_01.rmdl,26220,930,860,16944,640,546,1,1,3,2
mdl/olympus/olympus_platform_02.rmdl,21966,551,933,10990,275,467,1,1,5,3
mdl/city_modern/citymodern_planter_128x128_72_squared_a.rmdl,3816,92,136,2364,58,84,1,1,2,3
mdl/city_modern/citymodern_planter_128x128_82_squared_a.rmdl,3816,92,136,2364,58,84,1,1,2,3
mdl/olympus/olympus_gardens_planter_128x128_01.rmdl,4968,92,184,3564,66,132,1,1,2,3
mdl/desertlands/desertlands_apartments_rug_02.rmdl,26716,1366,926,18008,968,610,1,1,3,2
mdl/olympus/olympus_farms_robot_mister_railing_256_01.rmdl,924,18,34,924,18,34,1,1,1,3
mdl/olympus/olympus_battery_bldg_ext_05_rack.rmdl,20628,406,758,14076,274,518,1,1,2,5
mdl/desertlands/industrial_metal_frame_wall_192x144_01.rmdl,14832,372,630,5156,146,214,1,1,4,2
mdl/desertlands/industrial_metal_frame_wall_192x144_02.rmdl,11444,294,484,3884,114,160,1,1,4,2
mdl/cockpit/ship_console_control_med_v2.rmdl,74812,2282,3056,74812,2282,3056,1,1,1,3
mdl/desertlands/desertlands_lobby_side_table_01.rmdl,17256,596,684,10336,376,404,1,1,3,3
mdl/cockpit/ship_console_control_med_v1.rmdl,74812,2282,3056,74812,2282,3056,1,1,1,3
mdl/IMC_base/imc_tech_smallpanel_48_03.rmdl,12120,300,516,6448,168,272,1,1,4,2
mdl/olympus/olympus_farm_pipe_256_01.rmdl,6432,224,212,5184,192,168,1,1,2,2
mdl/city_modern/citymodern_planter_256x64_40_squared_a.rmdl,4200,92,152,2364,58,84,1,1,2,3
mdl/levels_terrain/mp_rr_canyonlands/rig_frame_wall_sml_01.rmdl,5612,122,244,3956,86,172,1,1,3,4
mdl/olympus/bp_modern_stairs_curved_256_tile_l_02.rmdl,7560,228,258,4704,144,160,1,1,2,3
mdl/city_modern/citymodern_planter_128x128_40_curved_a.rmdl,14820,526,486,9144,340,296,1,1,3,3
mdl/olympus/bp_modern_stairs_curved_256_tile_r_02.rmdl,7560,228,258,4704,144,160,1,1,2,3
mdl/olympus/bp_modern_stairs_curved_256_wood_l_02.rmdl,6528,228,258,4064,144,160,1,1,2,3
mdl/olympus/bp_modern_stairs_curved_256_wood_r_02.rmdl,6528,228,258,4064,144,160,1,1,2,3
mdl/vehicles_r2/spacecraft/essex/essex_brk_yellowframe_01.rmdl,76422,2747,2997,47056,1746,1829,1,1,2,2
mdl/beacon/metal_support_frame_01.rmdl,1512,32,66,1512,32,66,1,1,1,2
mdl/barriers/concrete/concrete_barrier_fence_tarp_128.rmdl,104502,2337,3770,88818,1995,3202,1,1,3,5
mdl/city_modern/citymodern_planter_128x128_40_squared_a.rmdl,3816,92,136,2364,58,84,1,1,2,3
mdl/olympus/olympus_farms_silo_pipes_01.rmdl,4488,124,156,3096,92,106,1,1,2,2
mdl/city_modern/citymodern_planter_128x128_24_squared_a.rmdl,3816,92,136,2364,58,84,1,1,2,3
mdl/olympus/olympus_platform_01.rmdl,21432,542,909,10902,277,462,1,1,5,3
mdl/olympus/flexscreen_frame_olympus.rmdl,60360,1524,2134,37344,992,1308,1,1,3,4
mdl/foliage/bush_green_forest_01_red_anim.rmdl,112776,3016,3945,71568,1884,2511,1,1,4,2
mdl/olympus/olympus_farm_pipe_128_02.rmdl,17568,672,564,14400,576,456,1,1,2,2
mdl/olympus/olympus_platform_stairs_quad.rmdl,53568,1168,1940,29856,672,1076,1,1,4,3
mdl/ola/sewer_staircase_quad.rmdl,10624,224,464,10624,224,464,1,1,1,2
mdl/olympus/olympus_farm_pipe_128_01.rmdl,6528,224,216,5184,192,168,1,1,2,2
mdl/city_modern/citymodern_planter_128x64_40_squared_a.rmdl,3816,92,136,2364,58,84,1,1,2,3
mdl/barriers/concrete/concrete_barrier_fence.rmdl,117546,2663,4232,96282,2183,3466,1,1,3,3
mdl/desertlands/desertlands_apartments_rug_01.rmdl,23892,1222,828,15972,852,543,1,1,3,2
mdl/kodai_live_fire/live_fire_greyframe.rmdl,84832,2372,3530,59744,1664,2488,1,1,3,2
mdl/olympus/olympus_farms_vertical_planter_irrigation_system_03.rmdl,16800,496,576,12120,388,408,1,1,3,2
mdl/olympus/olympus_highrise_planter_01.rmdl,6804,126,252,6264,116,232,1,1,2,4
mdl/kodai_live_fire/live_fire_yellframe.rmdl,76048,2108,3170,50960,1400,2128,1,1,3,2
mdl/olympus/olympus_farms_vertical_planter_irrigation_system_01.rmdl,16800,496,576,12120,388,408,1,1,3,2
mdl/foliage/tree_brush_yellow_large_03.rmdl,74940,3190,2790,44424,2024,1614,1,1,3,2
mdl/olympus/olympus_farms_vertical_planter_irrigation_system_02.rmdl,16824,500,576,12360,396,416,1,1,3,2
mdl/canyonlands/octane_tt_fence_long.rmdl,18312,452,780,11432,292,484,1,1,3,2
mdl/ola/sewer_staircase_end_02.rmdl,5624,124,244,5624,124,244,1,1,1,2
mdl/olympus/olympus_farms_planter_platform_water_irrigation_03.rmdl,3312,72,120,2448,56,88,1,1,2,2
mdl/desertlands/desertlands_apartments_planter_01.rmdl,6492,130,238,6492,130,238,1,1,1,4
mdl/test/rude_test/olympus_lightpost_01.rmdl,8760,252,302,8760,252,302,1,1,1,2
mdl/olympus/bp_lightpost_tall_02.rmdl,4992,152,170,3780,126,126,1,1,2,2
mdl/olympus/gardens_planter_slope_02.rmdl,6744,148,244,6744,148,244,1,1,1,2
mdl/olympus/olympus_sec_bollard_long.rmdl,17124,450,601,11628,322,404,1,1,3,2
mdl/ola/sewer_grate_02.rmdl,11704,344,482,11704,344,482,1,1,1,2
mdl/olympus/olympus_platform_03.rmdl,20370,525,861,8866,241,371,1,1,5,3
mdl/olympus/gardens_wall_panel.rmdl,1944,36,72,1944,36,72,1,1,1,2
mdl/olympus/olympus_platform_stairs_double.rmdl,29112,588,1066,16584,356,602,1,1,4,3
mdl/ola/sewer_staircase_double.rmdl,6048,128,264,6048,128,264,1,1,1,2
mdl/ola/sewer_staircase_short_quad.rmdl,11728,248,512,11728,248,512,1,1,1,2
mdl/ola/sewer_staircase_96_end_02.rmdl,5624,124,244,5624,124,244,1,1,1,2
mdl/pipes/hollow_pipe_modular_painted_red_256.rmdl,15520,600,596,15520,600,596,1,1,1,2
mdl/olympus/gardens_bench_01.rmdl,29808,688,1070,22272,520,798,1,1,2,2
mdl/city_modern/citymodern_planter_64x64_40_squared_a.rmdl,3816,92,136,2364,58,84,1,1,2,3
mdl/ola/sewer_staircase_end_01.rmdl,5624,124,244,5624,124,244,1,1,1,2
mdl/olympus/olympus_platform_support_01.rmdl,7704,164,336,4392,92,192,1,1,3,2
mdl/olympus/olympus_platform_support_04.rmdl,11276,286,478,6028,158,254,1,1,3,3
mdl/beacon/beacon_crane_wall_panel_corner_512_01.rmdl,62200,1500,2660,44748,1078,1914,1,1,3,2
mdl/ola/sewer_staircase_48_quad.rmdl,9016,196,392,9016,196,392,1,1,1,2
mdl/ola/sewer_staircase_96_double.rmdl,6048,128,264,6048,128,264,1,1,1,2
mdl/olympus/olympus_house_dining_table.rmdl,9288,284,316,9288,284,316,1,1,1,2
mdl/playback/playback_staircase_96_base_double_01_a.rmdl,43164,914,1570,27804,626,1002,1,1,3,2
mdl/city_modern/citymodern_planter_64x64_24_squared_a.rmdl,3816,92,136,2364,58,84,1,1,2,3
mdl/olympus/olympus_sec_bollard.rmdl,20820,570,725,15372,442,530,1,1,3,3
mdl/olympus/olympus_platform_support_anchor.rmdl,28680,860,980,18312,620,608,1,1,3,3
mdl/ola/sewer_staircase_single.rmdl,3760,80,164,3760,80,164,1,1,1,2
mdl/canyonlands/octane_tt_fence_medium.rmdl,14108,338,604,8252,202,352,1,1,3,2
mdl/ola/sewer_grate_01_32.rmdl,5064,144,210,5064,144,210,1,1,1,2
mdl/ola/sewer_staircase_32_quad.rmdl,9176,196,400,9176,196,400,1,1,1,2
mdl/olympus/olympus_platform_04.rmdl,18926,491,799,8498,233,355,1,1,5,3
mdl/mendoko/mendoko_girder_panel_03.rmdl,8058,223,336,8058,223,336,1,1,1,2
mdl/ola/sewer_staircase_short_double.rmdl,6048,128,264,6048,128,264,1,1,1,2
mdl/ola/sewer_staircase_96_single.rmdl,3760,80,164,3760,80,164,1,1,1,2
mdl/pipes/hollow_pipe_modular_painted_red_128.rmdl,25808,948,1006,25808,948,1006,1,1,1,2
mdl/olympus/mp_rr_olympus_lab_wall_console_01.rmdl,25344,584,910,25344,584,910,1,1,1,4
mdl/humans_r5/civilians_r5/civilian_scientists/corpses/civilian_scientist_corpse_a.rmdl,220624,10904,7760,126752,6762,4309,1,1,4,2
mdl/olympus/olympus_platform_support_03.rmdl,8784,184,384,4208,88,184,1,1,3,2
mdl/ola/sewer_staircase_48_double.rmdl,4680,100,204,4680,100,204,1,1,1,2
mdl/olympus/olympus_platform_support_02.rmdl,14562,337,627,8008,188,344,1,1,3,2
mdl/humans_r5/civilians_r5/civilian_scientists/corpses/civilian_scientist_corpse_b.rmdl,220644,10904,7761,126752,6762,4309,1,1,4,2
mdl/beacon/beacon_crane_wall_panel_corner_256_01.rmdl,23688,568,1014,22768,548,974,1,1,2,2
mdl/ola/sewer_staircase_32_end_02.rmdl,3640,80,158,3640,80,158,1,1,1,2
mdl/desertlands/research_station_bench_01.rmdl,4992,112,216,4992,112,216,1,1,1,3
mdl/humans_r5/civilians_r5/civilian_scientists/corpses/civilian_scientist_corpse_c.rmdl,220664,10904,7762,126752,6762,4309,1,1,4,2
mdl/foliage/icelandic_ground_plant_03.rmdl,205612,9632,7391,116612,5972,4039,1,1,3,2
mdl/olympus/olympus_house_sink.rmdl,56112,1720,1908,37854,1177,1283,1,1,2,5
mdl/olympus/olympus_sec_bollard_thin.rmdl,17064,468,594,12276,350,424,1,1,2,3
mdl/olympus/bp_trash_can_01.rmdl,32644,794,1394,18548,478,784,1,1,3,3
mdl/olympus/olympus_kitchen_counter_corner.rmdl,5820,122,212,5820,122,212,1,1,1,4
mdl/city_modern/citymodern_steps_128x8_concrete_01_b.rmdl,472,12,20,472,12,20,1,1,1,2
mdl/olympus/olympus_house_toilet.rmdl,37008,1184,1246,37008,1184,1246,1,1,1,4
mdl/olympus/gardens_trash_01.rmdl,24992,752,1024,16396,516,665,1,1,3,2
mdl/pipes/hollow_pipe_modular_painted_red_64.rmdl,12432,452,486,12432,452,486,1,1,1,2
mdl/pipes/hollow_pipe_modular_painted_red_32_valve.rmdl,47216,1736,1840,47216,1736,1840,1,1,1,2
mdl/IMC_base/chain_link_post_IMC_01.rmdl,25172,772,1027,25172,772,1027,1,1,1,2
mdl/pipes/hollow_pipe_modular_painted_red_corner.rmdl,27920,1220,1030,27920,1220,1030,1,1,1,2
mdl/desertlands/desertlands_train_station_interior_light_03.rmdl,8852,282,358,5044,174,200,1,1,3,2
mdl/pipes/hollow_pipe_modular_painted_red_32.rmdl,24400,900,950,24400,900,950,1,1,1,2
mdl/pipes/hollow_pipe_modular_painted_red_16.rmdl,21952,812,854,21952,812,854,1,1,1,2
mdl/pipes/hollow_pipe_modular_painted_red_8.rmdl,15200,560,592,15200,560,592,1,1,1,2
mdl/industrial/exit_sign_03.rmdl,1712,52,70,1096,36,44,1,1,2,2
mdl/industrial/exit_sign_04_on.rmdl,1096,36,44,1096,36,44,1,1,1,2
mdl/olympus/bp_lightpost_short_01.rmdl,15372,418,536,10164,286,352,1,1,3,2
mdl/levels_terrain/mp_rr_olympus/olympus_overall_shape_01.rmdl,114980,3236,3413,114980,3236,3413,1,1,1,6
mdl/olympus/olympus_freeway_02.rmdl,408600,12618,11889,355880,11382,10271,1,1,3,15
mdl/olympus/olympus_freeway_01.rmdl,544148,14200,16391,511680,13390,15405,1,1,3,15
mdl/olympus/olympus_freeway_04.rmdl,317706,10391,9120,279922,9437,7975,1,1,3,14
mdl/levels_terrain/mp_rr_olympus/mtn_olympus_walls_inner_lower_01.rmdl,128180,3350,3860,83616,2232,2508,1,1,2,4
mdl/olympus/olympus_wall_pillar_02.rmdl,120728,2260,3862,64784,1286,2059,1,1,4,9
mdl/olympus/portal_large_01.rmdl,499080,16146,14906,329560,11880,9654,1,1,3,8
mdl/levels_terrain/mp_rr_olympus/mtn_olympus_turbine_blade_01.rmdl,123898,4545,3451,69676,2732,1903,1,1,3,4
mdl/levels_terrain/mp_rr_olympus/mtn_olympus_turbine_support_01.rmdl,259420,7448,7669,142906,4339,4174,1,1,3,5
mdl/olympus/olympus_wall_support_01.rmdl,214750,4455,6715,119786,2581,3725,1,1,4,9
mdl/olympus/portal_large_shell_left_01.rmdl,309580,11104,8677,203092,7398,5668,1,1,2,3
mdl/levels_terrain/mp_rr_olympus/olympus_terrain_wall_zone_03.rmdl,175328,4964,5198,175328,4964,5198,1,1,1,16
mdl/levels_terrain/mp_rr_olympus/oly_mu1_ship_ext_back_01.rmdl,3527616,90222,106653,2337280,60472,70516,1,1,2,11
mdl/levels_terrain/mp_rr_olympus/mtn_olympus_terrain_01_exterior.rmdl,876766,27753,25366,554670,17181,16128,1,1,2,8
mdl/olympus/portal_large_shell_right_01.rmdl,299776,10912,8368,197504,7260,5498,1,1,2,3
mdl/levels_terrain/mp_rr_olympus/oly_ship_center.rmdl,1688666,40271,51680,1688666,40271,51680,1,1,1,14
mdl/olympus/olympus_wall_support_02.rmdl,218612,4562,6830,123030,2655,3825,1,1,4,9
mdl/olympus/portal_large_underwall_02.rmdl,202070,4465,6260,103348,2534,3148,1,1,3,5
mdl/levels_terrain/mp_rr_olympus/olympus_terrain_zone_10_outer.rmdl,382726,9771,11575,382726,9771,11575,1,1,1,10
mdl/levels_terrain/mp_rr_olympus/olympus_path_tt_stadium_roof.rmdl,364476,10682,10728,364476,10682,10728,1,1,1,11
mdl/olympus/olympus_weapon_testing_facility_walls_01.rmdl,276360,6076,8568,157708,3502,4882,1,1,4,12
mdl/olympus/olympus_wall_cover_05.rmdl,288052,6900,8809,150214,3709,4570,1,1,5,10
mdl/olympus/olympus_wall_cover_01.rmdl,252144,6128,7692,142328,3496,4334,1,1,5,10
mdl/levels_terrain/mp_rr_olympus/mtn_olympus_terrain_01_exterior_fin.rmdl,238870,7075,7015,147156,4422,4308,1,1,2,6
mdl/levels_terrain/mp_rr_olympus/mtn_olympus_terrain_01_exterior_pillar.rmdl,78786,1819,2424,48418,1205,1471,1,1,2,4
mdl/olympus/olympus_wall_cover_02.rmdl,228800,5490,6995,127574,3109,3890,1,1,5,10
mdl/olympus/olympus_wall_01.rmdl,334980,9224,9987,210016,5836,6250,1,1,4,12
mdl/levels_terrain/mp_rr_olympus/olympus_path_tt_jumbotron_01.rmdl,619570,18467,18841,381152,12104,11473,1,1,3,8
mdl/olympus/olympus_wall_endpiece_01.rmdl,274984,5240,8698,137082,2729,4311,1,1,5,11
mdl/olympus/portal_large_clamp_01.rmdl,342528,8592,10392,155664,4552,4584,1,1,4,6
mdl/olympus/olympus_wall_cover_04.rmdl,207724,5426,6256,97936,2808,2896,1,1,5,9
mdl/olympus/olympus_wall_cover_03.rmdl,179612,4684,5411,88898,2613,2615,1,1,5,9
mdl/olympus/olympus_wall_pillar_01.rmdl,216290,4295,6810,121542,2599,3789,1,1,4,11
mdl/olympus/portal_large_brace_01.rmdl,494124,10950,15534,284096,6758,8867,1,1,3,9
mdl/desertlands/industrial_crane_yellow_01_c.rmdl,401544,10604,14080,209520,6000,7230,1,1,4,7
mdl/olympus/docks_fueltower_platform_01.rmdl,30756,770,1089,23748,634,831,1,1,2,3
mdl/olympus/olympus_broken_concrete_03.rmdl,158526,4049,5593,95826,2527,3361,1,1,4,4
mdl/black_water_canal/fuel_tower_center_tank_01.rmdl,142890,4343,4868,97728,3208,3270,1,1,3,3
mdl/olympus/olympus_battery_bldg_landing_02.rmdl,37566,769,1373,23340,462,857,1,1,3,10
mdl/levels_terrain/mp_rr_olympus/olympus_path_tt_ring_01.rmdl,419628,11290,14662,362388,10042,12589,1,1,2,15
mdl/black_water_canal/fuel_tower_platform_01.rmdl,31764,794,1125,23748,634,831,1,1,2,3
mdl/desertlands/industrial_crane_yellow_01_a.rmdl,111408,2972,3899,66696,1864,2313,1,1,4,5
mdl/desertlands/industrial_crane_yellow_01_b.rmdl,131790,3377,4647,59112,1592,2065,1,1,4,6
mdl/olympus/olympus_broken_concrete_04.rmdl,234522,5335,8438,126972,2974,4547,1,1,4,5
mdl/olympus/olympus_battery_bldg_landing_01.rmdl,19176,384,703,15588,310,572,1,1,2,9
mdl/levels_terrain/mp_rr_olympus/mtn_olympus_terrain_01_exterior_detail.rmdl,44472,1468,1486,25476,910,834,1,1,3,3
mdl/test/jose_test/olympus_ship_int_hatches_01.rmdl,167502,4789,5782,123888,3612,4259,1,1,2,6
mdl/test/jose_test/olympus_ship_int_hatches_01_closed.rmdl,112800,3288,3878,85032,2540,2908,1,1,2,6
mdl/industrial/underbelly_large_platform_256_512_a.rmdl,95772,1890,3518,50916,1038,1862,1,1,3,9
mdl/industrial/underbelly_large_platform_256_512_b.rmdl,105066,2063,3862,57990,1193,2118,1,1,3,9
mdl/industrial/underbelly_large_platform_end_128_512_a.rmdl,64440,1276,2366,32706,663,1197,1,1,3,7
mdl/industrial/underbelly_large_platform_256_256_a.rmdl,93708,1762,3464,40932,806,1504,1,1,3,8
mdl/industrial/underbelly_large_platform_256_256_b.rmdl,75396,1458,2777,36504,768,1329,1,1,3,6
mdl/industrial/underbelly_large_platform_256_256_corner_a.rmdl,34254,657,1263,15420,298,568,1,1,3,5
mdl/olympus/olympus_farm_algae_belt_cap_01.rmdl,76008,2836,2458,64476,2418,2082,1,1,2,9
mdl/black_water_canal/fuel_tower_antenna_02.rmdl,173064,4416,6107,93936,2588,3267,1,1,3,4
mdl/black_water_canal/fuel_tower_antenna_01.rmdl,64374,1429,2325,42624,960,1536,1,1,2,4
mdl/containers/underbelly_cargo_container_256_green_02.rmdl,56736,1216,2060,55656,1196,2020,1,1,2,2
mdl/olympus/olympus_farms_grass_panel_01.rmdl,93288,2764,3196,84648,2548,2890,1,1,2,12
mdl/containers/underbelly_cargo_container_256_grey_02.rmdl,56460,1210,2050,55380,1190,2010,1,1,2,2
mdl/olympus/olympus_farms_grass_panel_02.rmdl,114792,3348,3946,103524,3070,3546,1,1,2,12
mdl/containers/underbelly_cargo_container_256_red_02.rmdl,57744,1240,2096,56664,1220,2056,1,1,2,2
mdl/olympus/oly_panel_broken_02.rmdl,638124,14460,20464,335742,7977,10698,1,1,5,7
mdl/containers/underbelly_cargo_container_256_blue_02.rmdl,57876,1238,2102,56796,1218,2062,1,1,2,2
mdl/olympus/mp_rr_olympus_lab_exterior_02.rmdl,193350,5681,6636,193350,5681,6636,1,1,1,18
mdl/containers/underbelly_cargo_container_256_red_01.rmdl,60132,1334,2172,59052,1314,2132,1,1,2,2
mdl/olympus/olympus_battery_bldg_ext_06_top.rmdl,304656,7780,10749,206304,5144,7310,1,1,3,15
mdl/containers/underbelly_cargo_container_256_green_01.rmdl,59544,1324,2150,58464,1304,2110,1,1,2,2
mdl/olympus/olympus_farms_building_rotating_ramps_01.rmdl,132408,4016,4513,70350,2229,2374,1,1,3,11
mdl/containers/underbelly_cargo_container_256_blue_01.rmdl,60378,1339,2181,59298,1319,2141,1,1,2,2
mdl/olympus/olympus_farms_building_rotating_platform_01.rmdl,274060,6738,7301,176098,4411,4676,1,1,3,14
mdl/containers/underbelly_cargo_container_256_grey_01.rmdl,60342,1341,2179,59262,1321,2139,1,1,2,2
mdl/olympus/flexscreen_stand_olympus.rmdl,160482,5227,5380,101184,3584,3320,1,1,3,5
mdl/black_water_canal/fuel_tower_pill_tank_med.rmdl,32376,1176,1055,21384,804,690,1,1,3,4
mdl/industrial/underbelly_large_platform_end_128_256_a.rmdl,53400,1068,1958,24372,494,892,1,1,3,7
mdl/industrial/underbelly_large_platform_128_256_a.rmdl,53484,1034,1970,22740,446,836,1,1,3,6
mdl/industrial/underbelly_large_platform_128_256_b.rmdl,56628,1094,2086,24252,474,892,1,1,3,6
mdl/olympus/olympus_farm_algae_belt_cap_02.rmdl,65292,2470,2103,57540,2190,1850,1,1,2,9
mdl/olympus/olympus_farms_vertical_planter_03.rmdl,81048,2500,2752,81048,2500,2752,1,1,1,3
mdl/olympus/olympus_broken_wall_01.rmdl,85092,2954,2807,58344,2112,1903,1,1,4,3
mdl/containers/underbelly_cargo_container_128_red_01.rmdl,49068,1066,1778,47772,1042,1730,1,1,2,2
mdl/olympus/olympus_farms_building_rotating_top_01.rmdl,96936,3296,3215,62040,2208,2033,1,1,3,10
mdl/containers/underbelly_cargo_container_128_grey_01.rmdl,49068,1066,1778,47772,1042,1730,1,1,2,2
mdl/olympus/mp_rr_olympus_lab_exterior_01.rmdl,346482,10191,11889,170778,5191,5818,1,1,4,16
mdl/containers/underbelly_cargo_container_128_blue_01.rmdl,49284,1070,1786,47988,1046,1738,1,1,2,2
mdl/levels_terrain/mp_rr_olympus/oly_ship_door_open.rmdl,246582,6657,8610,166374,4625,5776,1,1,2,8
mdl/containers/underbelly_cargo_container_128_green_01.rmdl,48852,1062,1770,47556,1038,1722,1,1,2,2
mdl/olympus/olympus_canon_top_01.rmdl,795918,20337,28079,591588,15318,20820,1,1,4,8
mdl/containers/underbelly_cargo_container_128_red_02.rmdl,47724,994,1740,46428,970,1692,1,1,2,2
mdl/olympus/olympus_battery_bldg_ext_01.rmdl,254892,6526,8989,142620,3682,5022,1,1,3,16
mdl/containers/underbelly_cargo_container_128_blue_02.rmdl,48060,1002,1752,46764,978,1704,1,1,2,2
mdl/olympus/olympus_sec_checkpoint.rmdl,358548,9554,12551,179604,5042,6223,1,1,3,6
mdl/containers/underbelly_cargo_container_128_green_02.rmdl,47832,996,1744,46536,972,1696,1,1,2,2
mdl/kodai_live_fire/wf_rail_arm_distant_01.rmdl,627528,15780,22202,442356,11106,15655,1,1,3,5
mdl/containers/underbelly_cargo_container_128_grey_02.rmdl,47832,996,1744,46536,972,1696,1,1,2,2
mdl/kodai_live_fire/wf_rail_arm_distant_02.rmdl,625494,15725,22131,442356,11106,15655,1,1,3,5
mdl/olympus/olympus_farms_vertical_planter_01.rmdl,119928,3336,4163,79296,2300,2729,1,1,3,3
mdl/black_water_canal/fuel_tower_sphere_tank_med.rmdl,38760,1360,1275,25680,912,842,1,1,4,3
mdl/industrial/underbelly_large_platform_128_128_b.rmdl,33192,620,1228,13080,244,484,1,1,3,5
mdl/industrial/underbelly_large_platform_128_128_c.rmdl,21240,396,786,9240,172,342,1,1,3,4
mdl/industrial/underbelly_large_platform_128_128_corner_a.rmdl,34254,657,1263,15420,298,568,1,1,3,5
mdl/olympus/olympus_farms_aquaponic_tank_top_01.rmdl,13506,375,469,11220,318,388,1,1,2,2
mdl/olympus/olympus_weapon_testing_interior_support_01.rmdl,20568,560,717,20568,560,717,1,1,1,4
mdl/olympus/olympus_farms_water_irrigation_tank_01.rmdl,332646,9209,11558,208116,5742,7236,1,1,3,5
mdl/olympus/olympus_farms_water_irrigation_tank_filter_01.rmdl,134214,3637,4683,86082,2323,3006,1,1,3,7
mdl/olympus/olympus_farms_water_irrigation_tank_filter_02.rmdl,83214,2357,2878,47472,1340,1643,1,1,3,5
mdl/olympus/olympus_farms_crate_02.rmdl,25554,779,870,22662,709,767,1,1,2,4
mdl/olympus/olympus_farms_crate_01.rmdl,22884,682,783,19392,612,655,1,1,2,3
mdl/olympus/olympus_farms_wall_mechanical_box_01.rmdl,69264,1796,2437,66060,1726,2321,1,1,2,6
mdl/city_modern/citymodern_railing_post_straight_A.rmdl,14406,381,505,12648,348,440,1,1,2,2
mdl/olympus/olympus_farms_building_rotating_blade_01.rmdl,156744,5250,4473,98616,3430,2787,1,1,3,7
mdl/olympus/oly_panel_broken_01.rmdl,629782,13819,19531,301442,7321,9197,1,1,5,7
mdl/olympus/zone_15_walls_bridge_extras.rmdl,88236,2008,2721,67676,1582,2078,1,1,2,6
mdl/levels_terrain/mp_rr_olympus/mtn_olympus_walls_inner_panel_01.rmdl,5168,208,140,5168,208,140,1,1,1,2
mdl/olympus/olympus_farms_building_rotating_base_01.rmdl,112964,3660,3301,70472,2362,2043,1,1,3,11
mdl/olympus/olympus_sec_checkpoint_details.rmdl,117072,2168,4336,99792,1848,3696,1,1,2,4
mdl/olympus/planter_pipes_01.rmdl,50802,1399,1767,27876,790,964,1,1,3,12
mdl/olympus/docks_fueltower_center_tank_01.rmdl,179004,5446,6097,113364,3642,3813,1,1,3,7
mdl/olympus/olympus_farm_building_big_exterior_wall_straight_02.rmdl,58176,1576,2030,48768,1336,1698,1,1,2,11
mdl/industrial/olympus_edge_wall_large_1k_01_a.rmdl,249738,6471,8788,151884,3930,5346,1,1,3,8
mdl/olympus/olympus_stand_sign_holder_01.rmdl,158046,5201,5285,104886,3757,3431,1,1,3,6
mdl/rocks/olympus_rock_mountain_02.rmdl,858630,26765,29085,412302,14929,13447,1,1,6,3
mdl/olympus/olympus_farm_building_big_exterior_wall_straight_01.rmdl,43188,1074,1531,39420,998,1393,1,1,2,10
mdl/olympus/olympus_battery_bldg_ext_05.rmdl,199224,4868,7084,116664,2860,4146,1,1,3,15
mdl/olympus/olympus_farms_planter_platform_water_irrigation_01.rmdl,83064,2620,2806,48336,1600,1614,1,1,3,6
mdl/olympus/olympus_battery_bldg_ext_04_decals.rmdl,96570,2127,3492,96570,2127,3492,1,1,1,7
mdl/industrial/olympus_edge_wall_large_512_01_a.rmdl,209268,5694,7296,127272,3452,4440,1,1,3,8
mdl/olympus/olympus_jump_ramp_02.rmdl,29328,700,1047,17772,438,631,1,1,3,8
mdl/industrial/underbelly_large_ceiling_vent_02.rmdl,16560,448,578,11082,307,385,1,1,2,3
mdl/olympus/olympus_farm_building_big_exterior_wall_cap_02.rmdl,84972,2570,2898,76164,2334,2590,1,1,2,9
mdl/olympus/olympus_farm_building_big_exterior_wall_cap_01.rmdl,87468,2650,2982,79848,2444,2716,1,1,2,9
mdl/olympus/portal_platform_door_01.rmdl,71232,1788,2521,49002,1211,1739,1,1,2,6
mdl/rocks/olympus_rock_mountain_03.rmdl,447258,13379,15291,191718,7213,6185,1,1,6,3
mdl/olympus/olympus_util_shell_ext.rmdl,94992,2832,3250,59832,1860,2028,1,1,4,6
mdl/olympus/olympus_battery_bldg_02_tower.rmdl,731724,15434,26630,401544,8724,14550,1,1,4,11
mdl/levels_terrain/mp_rr_olympus/olympus_city_zone_12_dirt_patch.rmdl,1788,58,60,1788,58,60,1,1,1,2
mdl/olympus/olympus_farms_ground_cage_01.rmdl,30372,566,1124,18948,358,700,1,1,2,6
mdl/levels_terrain/mp_rr_olympus/olympus_path_tt_ring_support.rmdl,138852,4070,4768,103440,3192,3512,1,1,3,7
mdl/olympus/olympus_canon_bottom_01.rmdl,195972,5514,6787,121722,3559,4182,1,1,4,7
mdl/olympus/olympus_farms_farming_shed_01.rmdl,25554,683,894,21816,596,760,1,1,2,6
mdl/olympus/lab_holo_projector_large.rmdl,316698,9427,10839,153396,4610,5239,1,1,3,10
mdl/olympus/olympus_farm_building_big_exterior_wall_straight_03.rmdl,41268,1238,1410,37812,1142,1290,1,1,2,6
mdl/levels_terrain/mp_rr_olympus/olympus_city_zone_12_grass_patch.rmdl,3228,138,100,3228,138,100,1,1,1,2
mdl/olympus/olympus_farm_algae_belt_container_01.rmdl,6048,188,205,6048,188,205,1,1,1,4
mdl/olympus/olympus_freeway_sign_base_01.rmdl,45702,1205,1603,31050,855,1080,1,1,3,5
mdl/olympus/olympus_freeway_sign_base_02.rmdl,45558,1205,1597,31002,855,1078,1,1,3,5
mdl/city_modern/citymodern_planter_512x256_82_tiered_b.rmdl,46542,1373,1596,35274,1127,1188,1,1,2,8
mdl/city_modern/citymodern_planter_512x256_82_tiered_a.rmdl,46542,1373,1596,35274,1127,1188,1,1,2,8
mdl/olympus/olympus_farm_building_modular_window.rmdl,24684,718,849,24684,718,849,1,1,1,9
mdl/olympus/olympus_farm_building_modular_doorway.rmdl,27384,768,949,27384,768,949,1,1,1,10
mdl/olympus/olympus_farm_building_modular_hall.rmdl,15768,468,540,15768,468,540,1,1,1,6
mdl/olympus/olympus_farms_farming_roof_pipe_01.rmdl,67740,1890,2350,58728,1668,2030,1,1,2,7
mdl/olympus/bridge_underbelly_frame_panels.rmdl,34956,914,1228,28524,778,994,1,1,2,7
mdl/olympus/olympus_farm_algae_belt_walkway_01.rmdl,11592,264,417,11592,264,417,1,1,1,9
mdl/s2s/s2s_curved_wall_01_v1_256.rmdl,52416,1248,1872,52416,1248,1872,1,1,1,5
mdl/olympus/olympus_farm_building_pipe_cage_01.rmdl,10800,200,400,10800,200,400,1,1,1,3
mdl/test/brooke_test/olympus_battery_test_04_base.rmdl,24924,698,864,24924,698,864,1,1,1,4
mdl/olympus/olympus_battery_base_01.rmdl,49260,1410,1700,45312,1312,1560,1,1,2,4
mdl/ola/sewer_grate_clamp_01_256.rmdl,7680,160,280,7680,160,280,1,1,1,2
mdl/olympus/olympus_farm_algae_belt_container_02.rmdl,5640,200,185,5640,200,185,1,1,1,4
mdl/levels_terrain/mp_rr_desertlands/dlands_hammond_indust_column_01.rmdl,35100,1010,1210,20676,574,718,1,1,3,5
mdl/s2s/s2s_curved_wall_01_v1_128.rmdl,26376,624,943,26376,624,943,1,1,1,5
mdl/s2s/s2s_wall_03_corner.rmdl,7992,148,296,7992,148,296,1,1,1,3
mdl/s2s/s2s_wall_01_128.rmdl,9048,192,329,9048,192,329,1,1,1,4
mdl/olympus/olympus_house_shower.rmdl,27396,654,978,27396,654,978,1,1,1,6
mdl/homestead/homestead_fence_topper_a.rmdl,54744,1448,1919,25620,718,888,1,1,3,6
mdl/ola/sewer_grate_clamp_01_128.rmdl,7680,160,280,7680,160,280,1,1,1,2
mdl/s2s/s2s_wall_03_v2_128.rmdl,5892,118,216,5892,118,216,1,1,1,4
mdl/s2s/s2s_wall_03_v3_128.rmdl,12948,246,478,12948,246,478,1,1,1,4
mdl/s2s/s2s_wall_03_v4_128.rmdl,13272,252,490,13272,252,490,1,1,1,5
mdl/olympus/olympus_farms_greenhouse_panel_01.rmdl,211414,4265,5807,145198,3101,3956,1,1,3,7
mdl/olympus/olympus_farm_algae_belt_rubber_flaps_01.rmdl,22740,626,791,18384,532,633,1,1,2,5
mdl/olympus/olympus_farm_algae_belt_robot_01.rmdl,18684,650,616,16344,568,539,1,1,2,7
mdl/olympus/olympus_farms_shelf_bay_rack_01.rmdl,319764,8590,11176,250656,7108,8667,1,1,3,5
mdl/s2s/s2s_curved_wall_01_v1_64.rmdl,13848,312,499,13848,312,499,1,1,1,5
mdl/s2s/s2s_wall_01_64.rmdl,8376,184,303,8376,184,303,1,1,1,3
mdl/olympus/olympus_battery_bldg_window_open_80x128.rmdl,54528,1120,1992,50880,1040,1860,1,1,2,4
mdl/s2s/s2s_wall_03_v2_64.rmdl,8592,160,318,8592,160,318,1,1,1,4
mdl/boomtown/btown_whouse_prop_rack_arm_01.rmdl,74902,2227,3077,56312,1682,2311,1,1,2,2
mdl/eden/eden_electrical_transformer_01.rmdl,179928,5064,6231,109920,3136,3796,1,1,3,2
mdl/olympus/olympus_farms_planter_256_01.rmdl,337254,10705,11376,198084,6846,6542,1,1,4,6
mdl/desertlands/desertlands_lobby_couch_01.rmdl,81688,3188,3128,41184,1824,1512,1,1,4,3
mdl/desertlands/desertlands_vending_machine_01.rmdl,68440,2550,2657,34972,1392,1331,1,1,5,2
mdl/olympus/olympus_platform_railing.rmdl,49212,1286,1729,24936,724,858,1,1,4,3
mdl/s2s/s2s_wall_trim_02_128.rmdl,4644,94,170,4644,94,170,1,1,1,2
mdl/olympus/olympus_kitchen_fridge.rmdl,18510,525,640,17862,513,616,1,1,2,6
mdl/olympus/olympus_platform_stairs_railing_l.rmdl,50304,1240,1786,23664,608,834,1,1,4,3
mdl/olympus/olympus_platform_stairs_railing_r.rmdl,50304,1240,1786,23664,608,834,1,1,4,3
mdl/olympus/olympus_kitchen_sink.rmdl,27612,714,972,26964,702,948,1,1,2,8
mdl/s2s/s2s_wall_trim_02_64.rmdl,2592,48,96,2592,48,96,1,1,1,2
mdl/olympus/olympus_platform_railing_medium.rmdl,47556,1158,1692,23664,608,834,1,1,4,3
mdl/olympus/olympus_kitchen_counter_01.rmdl,12108,242,444,11460,230,420,1,1,2,6
mdl/olympus/olympus_kitchen_counter_03.rmdl,17352,356,634,16704,344,610,1,1,2,6
mdl/olympus/olympus_farms_pipes_128_01.rmdl,18852,534,652,15300,454,524,1,1,2,4
mdl/olympus/olympus_platform_railing_small.rmdl,30396,762,1076,14070,373,493,1,1,4,3
mdl/olympus/olympus_battery_box_01.rmdl,14472,416,499,12900,386,441,1,1,2,3
mdl/olympus/olympus_house_light_01.rmdl,7032,196,244,7032,196,244,1,1,1,4
mdl/olympus/olympus_freeway_rail_post_01.rmdl,39540,1094,1374,24540,674,854,1,1,3,4
mdl/levels_terrain/mp_rr_olympus/mp_olympus_interior_light_01.rmdl,10360,360,410,10360,360,410,1,1,1,2
mdl/canyonlands/passthrough_base_decal_02.rmdl,396,16,15,396,16,15,1,1,1,1
mdl/decals/grime_dirty_floor_decal_01.rmdl,1998,93,60,1998,93,60,1,1,1,1
mdl/decals/grime_dirty_floor_decal_02.rmdl,1224,56,37,1224,56,37,1,1,1,1
mdl/decals/grime_dirty_floor_decal_03.rmdl,1122,47,35,1122,47,35,1,1,1,1
mdl/decals/puddle_floor_decal_flat_02.rmdl,144,4,6,144,4,6,1,1,1,1
mdl/decals/puddle_floor_decal_flat_03.rmdl,92,2,4,92,2,4,1,1,1,1
mdl/decals/puddle_floor_decal_flat_04.rmdl,196,6,8,196,6,8,1,1,1,1
mdl/industrial/underbelly_ceiling_panels_256x512_decal_02.rmdl,1656,36,72,1656,36,72,1,1,1,1
mdl/levels_terrain/mp_grave/mp_grave_decal_1B_01.rmdl,184,4,8,184,4,8,1,1,1,2
mdl/levels_terrain/mp_grave/mp_grave_decal_2B_01.rmdl,184,4,8,184,4,8,1,1,1,2
mdl/levels_terrain/mp_grave/mp_grave_decal_2C_01.rmdl,184,4,8,184,4,8,1,1,1,2
mdl/levels_terrain/mp_grave/mp_grave_decal_3B_01.rmdl,184,4,8,184,4,8,1,1,1,2
mdl/levels_terrain/mp_grave/mp_grave_decal_3C_01.rmdl,184,4,8,184,4,8,1,1,1,2
mdl/levels_terrain/mp_grave/mp_grave_decal_3D_01.rmdl,184,4,8,184,4,8,1,1,1,2
mdl/levels_terrain/mp_grave/mp_grave_decal_4B_01.rmdl,184,4,8,184,4,8,1,1,1,2
mdl/levels_terrain/mp_grave/mp_grave_decal_4D_01.rmdl,184,4,8,184,4,8,1,1,1,2
mdl/levels_terrain/mp_rr_olympus/mtn_olympus_supply_bay_decal_01.rmdl,1836,34,68,1836,34,68,1,1,1,1
mdl/levels_terrain/mp_rr_olympus/oly_ship_center_decals.rmdl,54612,1402,1650,54612,1402,1650,1,1,1,3
mdl/levels_terrain/mp_rr_olympus/oly_ship_decals_nf.rmdl,2188,38,70,2188,38,70,1,1,1,1
mdl/levels_terrain/mp_rr_olympus/olympus_decal_number_79.rmdl,216,4,8,216,4,8,1,1,1,1
mdl/levels_terrain/mp_rr_olympus/olympus_large_lab_stair_godrays_01.rmdl,33168,1216,924,33168,1216,924,1,1,1,1
mdl/levels_terrain/mp_rr_olympus/olympus_terrain_wall_decals_zone_03.rmdl,43318,1181,1294,43318,1181,1294,1,1,1,4
mdl/military_base/militaryfort_wall_decal_orange_arrow_01.rmdl,108,2,4,108,2,4,1,1,1,1
mdl/olympus/olympus_battery_bldg_ext_01_decals.rmdl,74574,1725,2676,74574,1725,2676,1,1,1,7
mdl/olympus/olympus_battery_bldg_ext_02_decals.rmdl,90414,2133,3234,90414,2133,3234,1,1,1,9
mdl/olympus/olympus_battery_bldg_ext_03_decals.rmdl,214916,4828,6641,214916,4828,6641,1,1,1,6
mdl/olympus/olympus_battery_bldg_ext_05_decals.rmdl,79152,1820,2843,79152,1820,2843,1,1,1,6
mdl/olympus/olympus_battery_bldg_ext_06_decals.rmdl,125220,2854,4504,125220,2854,4504,1,1,1,6
mdl/olympus/olympus_docks_gate_sign_decal_02.rmdl,2160,40,80,2160,40,80,1,1,1,1
mdl/olympus/olympus_docks_gate_sign_decal_03.rmdl,2268,42,84,2268,42,84,1,1,1,1
mdl/olympus/olympus_docks_gate_sign_decal_04.rmdl,2268,42,84,2268,42,84,1,1,1,1
mdl/olympus/olympus_docks_gate_sign_decal_05.rmdl,2484,46,92,2484,46,92,1,1,1,1
mdl/olympus/olympus_docks_gate_sign_decal_06.rmdl,2484,46,92,2484,46,92,1,1,1,1
mdl/olympus/olympus_docks_gate_sign_decal_07.rmdl,1836,34,68,1836,34,68,1,1,1,1
mdl/olympus/olympus_farm_pipe_agriculture_decal_01.rmdl,288,8,10,288,8,10,1,1,1,1
mdl/olympus/olympus_farm_pipe_habitat_decal_01.rmdl,288,8,10,288,8,10,1,1,1,1
mdl/olympus/olympus_farms_silo_decal_01.rmdl,3204,102,108,3204,102,108,1,1,1,1
mdl/olympus/olympus_farms_silo_decal_02.rmdl,2520,116,76,2520,116,76,1,1,1,1
mdl/olympus/olympus_farms_silo_decal_03.rmdl,168,4,6,168,4,6,1,1,1,1
mdl/olympus/olympus_farms_silo_decal_grunge_01.rmdl,3888,128,130,3888,128,130,1,1,1,1
mdl/olympus/olympus_farms_silo_decal_grunge_02.rmdl,3888,128,130,3888,128,130,1,1,1,1
mdl/olympus/olympus_freeway_decal_bonsai_plaza.rmdl,1404,26,52,1404,26,52,1,1,1,1
mdl/olympus/olympus_freeway_decal_bonsai_plaza_02.rmdl,1404,26,52,1404,26,52,1,1,1,1
mdl/olympus/olympus_freeway_decal_central_turbine.rmdl,1728,32,64,1728,32,64,1,1,1,1
mdl/olympus/olympus_freeway_decal_central_turbine_02.rmdl,1728,32,64,1728,32,64,1,1,1,1
mdl/olympus/olympus_freeway_decal_docks.rmdl,756,14,28,756,14,28,1,1,1,1
mdl/olympus/olympus_freeway_decal_docks_02.rmdl,756,14,28,756,14,28,1,1,1,1
mdl/olympus/olympus_freeway_decal_golden_gardens.rmdl,1620,30,60,1620,30,60,1,1,1,1
mdl/olympus/olympus_freeway_decal_golden_gardens_02.rmdl,1620,30,60,1620,30,60,1,1,1,1
mdl/olympus/olympus_freeway_decal_hammond_labs_02.rmdl,1404,26,52,1404,26,52,1,1,1,1
mdl/olympus/olympus_freeway_decal_hydroponics.rmdl,1404,26,52,1404,26,52,1,1,1,1
mdl/olympus/olympus_freeway_decal_hydroponics_02.rmdl,1404,26,52,1404,26,52,1,1,1,1
mdl/olympus/olympus_freeway_decal_orbital_cannon.rmdl,1620,30,60,1620,30,60,1,1,1,1
mdl/olympus/olympus_freeway_decal_orbital_cannon_02.rmdl,1620,30,60,1620,30,60,1,1,1,1
mdl/olympus/olympus_freeway_decal_power_grid.rmdl,1188,22,44,1188,22,44,1,1,1,1
mdl/olympus/olympus_freeway_decal_power_grid_02.rmdl,1188,22,44,1188,22,44,1,1,1,1
mdl/olympus/olympus_lab_tower_01a_decals.rmdl,51880,844,1672,51880,844,1672,1,1,1,3
mdl/olympus/portal_large_cap.rmdl,5232,168,176,5232,168,176,1,1,1,1
mdl/olympus/portal_platform_decal_01.rmdl,1176,20,44,1176,20,44,1,1,1,1
mdl/olympus/portal_platform_decal_02.rmdl,960,16,36,960,16,36,1,1,1,1
mdl/water/water_puddle_decal_01.rmdl,92,2,4,92,2,4,1,1,1,1
mdl/levels_terrain/mp_rr_olympus/oly_mu1_ship_ext_01.rmdl,3108914,78459,94220,1949222,49285,59054,1,1,2,24
mdl/levels_terrain/mp_rr_olympus/olympus_highrise_campus_building_exterior_01.rmdl,17974,359,565,17974,359,565,1,1,1,5
mdl/levels_terrain/mp_rr_olympus/olympus_zone_12_waterball.rmdl,35904,1692,1073,28680,1392,847,1,1,2,3
mdl/olympus/gardens_wall_fountain_01.rmdl,12300,306,436,9672,244,342,1,1,2,6
mdl/olympus/mp_rr_olympus_lab_crescent_desk_01.rmdl,213852,5258,5697,124060,3194,3278,1,1,3,10
mdl/olympus/olympus_battery_01.rmdl,388650,9671,13776,255372,6294,9067,1,1,4,11
mdl/olympus/olympus_battery_bldg_ext_02.rmdl,529106,9555,14743,322060,5874,8963,1,1,3,15
mdl/olympus/olympus_battery_bldg_ext_03.rmdl,488826,11259,15050,290494,6689,8946,1,1,3,18
mdl/olympus/olympus_battery_bldg_ext_04.rmdl,353490,8515,12600,202590,5057,7177,1,1,3,8
mdl/olympus/olympus_battery_bldg_window_closed_80x128.rmdl,31560,648,1153,28128,572,1029,1,1,2,6
mdl/olympus/olympus_battery_bldg_window_closed_80x216.rmdl,32688,680,1192,28152,580,1028,1,1,2,5
mdl/olympus/olympus_column_01.rmdl,83676,2114,2958,47784,1244,1680,1,1,3,4
mdl/olympus/olympus_farms_algae_pool_01.rmdl,289506,9111,9785,191622,6193,6436,1,1,3,7
mdl/olympus/olympus_farms_aquaponic_tank_01.rmdl,288258,8507,9884,238704,7100,8171,1,1,3,9
mdl/olympus/olympus_farms_farming_shed_wall_01.rmdl,87660,2434,3044,75324,2154,2600,1,1,2,9
mdl/olympus/olympus_farms_gauge_01.rmdl,35850,1035,1235,33294,977,1143,1,1,2,3
mdl/olympus/olympus_freeway_03.rmdl,337738,9889,9943,324914,9553,9557,1,1,2,13
mdl/olympus/olympus_helipad.rmdl,34668,1006,1193,21324,646,727,1,1,3,8
mdl/olympus/olympus_highrise_ext_bldg_01.rmdl,211032,4184,7747,122178,2411,4488,1,1,3,11
mdl/olympus/olympus_highrise_ext_bldg_column_01.rmdl,61092,1406,2194,39294,917,1408,1,1,3,9
mdl/olympus/olympus_highrise_ext_bldg_tunnel_01.rmdl,490932,11330,15106,299220,7014,9184,1,1,3,6
mdl/olympus/olympus_house_r_s_mirror_shell_ext.rmdl,116214,3365,4001,65400,1972,2232,1,1,5,10
mdl/olympus/olympus_house_r_s_shell_ext.rmdl,115818,3359,3986,65208,1972,2224,1,1,5,10
mdl/olympus/olympus_kitchen_oven.rmdl,76836,1862,2736,76032,1848,2706,1,1,2,10
mdl/olympus/zone_15_towerfan.rmdl,288258,9163,9720,218520,7044,7344,1,1,3,11
mdl/levels_terrain/mp_rr_olympus/farm_pools_01_water.rmdl,48320,1674,1367,48320,1674,1367,1,1,1,2
mdl/angel_city/keypad_01.rmdl,14060,394,580,11456,332,470,1,1,2,2
mdl/beacon/beacon_big_screen_01.rmdl,173412,4138,6191,91650,2139,3284,1,1,3,7
mdl/beacon/beacon_server_half_stand_01.rmdl,131820,3280,5607,89924,2194,3838,1,1,3,5
mdl/beacon/beacon_server_stand_01_off.rmdl,160632,4892,6564,160632,4892,6564,1,1,1,4
mdl/beacon/beacon_small_screen_03_a.rmdl,73332,1726,2624,29652,770,1043,1,1,3,4
mdl/beacon/beacon_small_screen_03_b.rmdl,75174,1693,2709,29310,721,1041,1,1,3,4
mdl/beacon/beacon_small_screen_03_c.rmdl,48732,1150,1743,21336,568,747,1,1,3,4
mdl/beacon/beacon_small_screen_03_combined.rmdl,179166,4329,6383,100434,2587,3538,1,1,3,4
mdl/beacon/beacon_small_screen_03_d.rmdl,47064,1096,1687,20136,528,707,1,1,3,4
mdl/beacon/construction_plastic_mat_clear_01.rmdl,27756,1376,975,16164,844,555,1,1,4,2
mdl/beacon/crane_room_monitor_console_static_off.rmdl,29284,874,1202,29284,874,1202,1,1,1,1
mdl/city_modern/citymodern_planter_256x256_40_beveled_c.rmdl,9468,242,334,6738,175,237,1,1,2,5
mdl/city_modern/citymodern_window_short_quad_godray.rmdl,33024,784,1180,33024,784,1180,1,1,1,3
mdl/city_modern/citymodern_window_short_single_godray.rmdl,8328,196,298,8328,196,298,1,1,1,3
mdl/city_modern/citymodern_window_tall_quad_godray.rmdl,58368,1392,2084,58368,1392,2084,1,1,1,3
mdl/city_modern/citymodern_window_tall_single_godray.rmdl,14664,348,524,14664,348,524,1,1,1,3
mdl/city_modern/citymodern_window_tall_triple_godray.rmdl,43800,1044,1564,43800,1044,1564,1,1,1,3
mdl/cockpit/ship_console_control_med_v1_off.rmdl,93648,2436,3293,93648,2436,3293,1,1,1,4
mdl/colony/colony_bigrigrepairs_sign_03_olympus.rmdl,12072,412,480,12072,412,480,1,1,1,2
mdl/desertlands/desertlands_portable_int_floor_108x128_01.rmdl,34224,824,1220,34224,824,1220,1,1,1,6
mdl/desertlands/desertlands_portable_int_floor_108x256_01.rmdl,66648,1616,2373,66648,1616,2373,1,1,1,6
mdl/domestic/bike_rack_02.rmdl,57700,2090,2258,39268,1498,1514,1,1,3,2
mdl/furniture/office_desk_accessories_clipboard.rmdl,16000,420,674,8272,232,344,1,1,3,2
mdl/industrial/glass_white_board_wall.rmdl,16040,380,688,16040,380,688,1,1,1,2
mdl/lamps/search_light_on_light_only_02.rmdl,168008,4608,7018,87560,2440,3646,1,1,3,2
mdl/levels_terrain/mp_rr_olympus/mp_olympus_highrise_down.rmdl,263984,7012,8034,111920,3012,3396,1,1,4,7
mdl/levels_terrain/mp_rr_olympus/olympus_bonsai_sign_01.rmdl,2846,91,115,2846,91,115,1,1,1,3
mdl/levels_terrain/mp_rr_olympus/olympus_bonsai_sign_02.rmdl,2780,90,112,2780,90,112,1,1,1,2
mdl/levels_terrain/mp_rr_olympus/olympus_path_tt_digiscreen_02.rmdl,1944,56,67,1944,56,67,1,1,1,2
mdl/levels_terrain/mp_rr_olympus/olympus_path_tt_jumbotron_engine.rmdl,89248,2432,2333,61104,1736,1584,1,1,3,4
mdl/levels_terrain/mp_rr_olympus/olympus_zone_12_waterball_02.rmdl,29232,1392,870,23520,1152,692,1,1,2,2
mdl/levels_terrain/sp_s2s/malta_s2s_engine_large.rmdl,36780,1186,1236,23712,776,794,1,1,2,4
mdl/levels_terrain/sp_s2s/malta_s2s_engine_small.rmdl,65196,1802,2266,48624,1296,1702,1,1,2,4
mdl/mendoko/mendoko_handscanner_01.rmdl,15670,441,600,11224,342,433,1,1,2,2
mdl/mendoko/mendoko_light_w_godray.rmdl,21216,624,728,21216,624,728,1,1,1,2
mdl/mendoko/mendoko_research_centrifuge.rmdl,83910,2425,2890,46284,1446,1567,1,1,3,2
mdl/mendoko/mendoko_research_equipment_01.rmdl,91056,2704,3118,48870,1565,1645,1,1,3,2
mdl/mendoko/mendoko_research_equipment_02.rmdl,74304,2256,2532,50796,1594,1718,1,1,3,2
mdl/mendoko/mendoko_research_storage.rmdl,8364,234,290,8364,234,290,1,1,1,2
mdl/olympus/big_planter_01_watermod.rmdl,180,2,6,180,2,6,1,1,1,2
mdl/olympus/oly_mu1_skybox_roots.rmdl,244246,11107,6343,244246,11107,6343,1,1,1,2
mdl/olympus/oly_mu1_virus_ground_01.rmdl,143100,6978,4218,90726,4509,2653,1,1,3,2
mdl/olympus/oly_mu1_virus_ground_02.rmdl,181800,8800,5375,117048,5784,3431,1,1,3,2
mdl/olympus/oly_mu1_virus_ground_03.rmdl,315216,15512,9256,206322,10339,6012,1,1,3,2
mdl/olympus/oly_mu1_virus_mod_01.rmdl,77190,3605,2315,57018,2759,1686,1,1,3,2
mdl/olympus/oly_mu1_virus_mod_02.rmdl,71526,3293,2157,52944,2544,1570,1,1,3,2
mdl/olympus/olympus_battery_building_wallscreen_01.rmdl,12318,273,445,9306,211,335,1,1,2,5
mdl/olympus/olympus_counter_02.rmdl,11346,227,416,11346,227,416,1,1,1,7
mdl/olympus/olympus_counter_03.rmdl,6324,126,232,5676,114,208,1,1,2,7
mdl/olympus/olympus_farm_algae_treatment_tank_01.rmdl,52446,1997,1686,35322,1375,1128,1,1,3,8
mdl/olympus/olympus_farm_algae_treatment_tank_02.rmdl,8340,246,286,5076,146,175,1,1,2,8
mdl/olympus/olympus_farms_plastic_tarp_01.rmdl,2100,58,73,1992,56,69,1,1,2,2
mdl/olympus/olympus_fish_screen_01.rmdl,1158,21,43,1158,21,43,1,1,1,3
mdl/olympus/olympus_fish_screen_02.rmdl,7320,228,248,7320,228,248,1,1,1,3
mdl/olympus/olympus_furniture_patio_table_01.rmdl,26296,1076,992,15844,684,587,1,1,3,2
mdl/olympus/olympus_highrise_03.rmdl,525312,12386,16107,276744,6854,8415,1,1,3,12
mdl/olympus/olympus_highrise_ext_bldg_02.rmdl,761952,17374,23697,407254,9753,12586,1,1,3,12
mdl/olympus/olympus_highrise_ext_bldg_02c.rmdl,93528,2526,2799,53196,1488,1581,1,1,3,10
mdl/olympus/olympus_highrise_ext_bldg_02e.rmdl,176032,3718,5893,97724,2136,3271,1,1,3,6
mdl/olympus/olympus_house_r_stairs_shell_ext.rmdl,114294,3369,3920,58518,1825,1982,1,1,5,7
mdl/olympus/olympus_house_r_windows_shell_ext.rmdl,163032,4668,5626,84648,2572,2884,1,1,5,8
mdl/olympus/olympus_lab_tower_01a.rmdl,991338,22423,30600,735112,17150,22579,1,1,3,13
mdl/olympus/olympus_sigange_02.rmdl,89688,2580,3092,62940,1850,2160,1,1,2,4
mdl/olympus/olympus_signage_01.rmdl,23792,752,964,15424,504,620,1,1,2,4
mdl/olympus/olympus_util_window.rmdl,22456,636,932,14832,452,606,1,1,3,3
mdl/olympus/olympus_util_window_int.rmdl,2372,82,94,2372,82,94,1,1,1,3
mdl/olympus/olympus_wall_interior_01.rmdl,413004,9550,14821,226176,5276,8105,1,1,4,3
mdl/olympus/olympus_wall_interior_02.rmdl,563672,12036,17552,280994,6349,8675,1,1,4,5
mdl/signs/coffee_menu_03.rmdl,5140,160,209,5140,160,209,1,1,1,3
mdl/signs/coffee_menu_04.rmdl,6340,200,257,6340,200,257,1,1,1,3
mdl/vehicles_r5/air/olympus_taxi_vtol/veh_air_olympus_taxi_vtol_prk_closed_static.rmdl,662592,18228,19758,354006,10351,10425,1,1,5,2
mdl/vehicles_r5/air/widow/veh_air_widow_olympus_prk_open_static.rmdl,757766,26221,30022,585510,21045,22962,1,1,3,4
mdl/vistas/olympus_mu1_se.rmdl,199536,7112,6536,199536,7112,6536,1,1,1,14
mdl/industrial/lab_beaker_01.rmdl,3316,156,119,3316,156,119,1,1,1,1
mdl/lamps/candle_godray_warm_01.rmdl,45288,2280,1317,45288,2280,1317,1,1,1,1
mdl/lamps/stasis_light_fixture_godray_blue_01.rmdl,11466,495,354,11466,495,354,1,1,1,2
mdl/lamps/stasis_light_fixture_godray_red_01.rmdl,11082,479,342,11082,479,342,1,1,1,2
mdl/lamps/stasis_light_fixture_godray_yellow_01.rmdl,11466,495,354,11466,495,354,1,1,1,2
mdl/lamps/street_light_godrays_01.rmdl,26160,1096,816,26160,1096,816,1,1,1,1
mdl/levels_terrain/mp_rr_canyonlands/crypto_entry_godray_cool_01.rmdl,1164,50,36,1164,50,36,1,1,1,1
mdl/levels_terrain/mp_rr_canyonlands/crypto_entry_godray_warm_01.rmdl,1164,50,36,1164,50,36,1,1,1,1
mdl/levels_terrain/mp_rr_canyonlands/crypto_entry_godray_wide_01.rmdl,1164,50,36,1164,50,36,1,1,1,1
mdl/levels_terrain/mp_rr_canyonlands/crypto_window_godray_cool_01.rmdl,1164,50,36,1164,50,36,1,1,1,1
mdl/levels_terrain/mp_rr_canyonlands/crypto_window_godray_red_02.rmdl,1164,50,36,1164,50,36,1,1,1,1
mdl/levels_terrain/mp_rr_canyonlands/crypto_window_godray_warm_01.rmdl,1164,50,36,1164,50,36,1,1,1,1
mdl/levels_terrain/mp_rr_canyonlands/crypto_window_godray_warm_02.rmdl,1164,50,36,1164,50,36,1,1,1,1
mdl/levels_terrain/mp_rr_desertlands/desertlands_godrays_apex_sign_mu2_01.rmdl,2160,96,66,2160,96,66,1,1,1,1
mdl/levels_terrain/mp_rr_olympus/olympus_godray_02_mu1.rmdl,16428,624,453,16428,624,453,1,1,1,2
mdl/levels_terrain/mp_rr_olympus/olympus_godrays_mtn_01_mu1.rmdl,2364,72,69,2364,72,69,1,1,1,1
mdl/levels_terrain/mp_rr_olympus/olympus_godrays_mtn_02_mu1.rmdl,11540,360,335,11540,360,335,1,1,1,1
mdl/levels_terrain/mp_rr_olympus/olympus_godrays_zone_11_mu1.rmdl,25584,624,780,25584,624,780,1,1,1,1
mdl/levels_terrain/mp_rr_olympus/olympus_godrays_zone_12_mu1.rmdl,21704,528,662,21704,528,662,1,1,1,1
mdl/levels_terrain/mp_rr_olympus/olympus_godrays_zone_13_02_mu1.rmdl,3888,144,108,3888,144,108,1,1,1,1
mdl/levels_terrain/mp_rr_olympus/olympus_godrays_zone_13_mu1.rmdl,102720,2504,3132,102720,2504,3132,1,1,1,3
mdl/levels_terrain/mp_rr_olympus/olympus_godrays_zone_14_mu1.rmdl,20664,504,630,20664,504,630,1,1,1,2
mdl/levels_terrain/mp_rr_olympus/olympus_godrays_zone_1_mu1.rmdl,21964,534,670,21964,534,670,1,1,1,2
mdl/levels_terrain/mp_rr_olympus/olympus_godrays_zone_2_mu1.rmdl,195068,4754,5948,195068,4754,5948,1,1,1,3
mdl/levels_terrain/mp_rr_olympus/olympus_godrays_zone_3_mu1.rmdl,9512,232,290,9512,232,290,1,1,1,1
mdl/levels_terrain/mp_rr_olympus/olympus_godrays_zone_6_mu1.rmdl,35672,868,1088,35672,868,1088,1,1,1,2
mdl/levels_terrain/mp_rr_olympus/olympus_godrays_zone_7_mu1.rmdl,27496,644,844,27496,644,844,1,1,1,2
mdl/levels_terrain/mp_rr_olympus/olympus_godrays_zone_8_mu1.rmdl,21320,520,650,21320,520,650,1,1,1,1
mdl/levels_terrain/mp_rr_olympus/olympus_godrays_zone_9_mu1.rmdl,23944,584,730,23944,584,730,1,1,1,2
mdl/levels_terrain/mp_rr_olympus/olympus_highrise_campus_terrain_water_01.rmdl,92,2,4,92,2,4,1,1,1,1
mdl/levels_terrain/mp_rr_olympus/olympus_large_lab_entry_godray_01.rmdl,1164,50,36,1164,50,36,1,1,1,1
mdl/levels_terrain/mp_rr_olympus/olympus_large_lab_exterior_godray_01.rmdl,1164,50,36,1164,50,36,1,1,1,1
mdl/levels_terrain/mp_rr_olympus/olympus_mountain_waterfall_01.rmdl,403612,15464,11101,206838,7985,5676,1,1,3,3
mdl/levels_terrain/mp_rr_olympus/olympus_path_tt_digiscreen_01.rmdl,492,18,16,492,18,16,1,1,1,1
mdl/levels_terrain/mp_rr_olympus/olympus_waterfall_water.rmdl,1428,46,48,1428,46,48,1,1,1,1
mdl/mendoko/mendoko_monitor_ui_02.rmdl,1860,30,60,1860,30,60,1,1,1,1
mdl/olympus/lab_interior_window_01.rmdl,300,10,12,300,10,12,1,1,1,1
mdl/olympus/lab_interior_window_02.rmdl,456,16,18,456,16,18,1,1,1,1
mdl/olympus/lab_interior_window_03.rmdl,404,14,16,404,14,16,1,1,1,1
mdl/olympus/lab_interior_window_04.rmdl,404,14,16,404,14,16,1,1,1,1
mdl/olympus/lab_interior_window_05.rmdl,456,16,18,456,16,18,1,1,1,1
mdl/olympus/lab_interior_window_06.rmdl,300,10,12,300,10,12,1,1,1,1
mdl/olympus/lab_interior_window_07.rmdl,144,4,6,144,4,6,1,1,1,1
mdl/olympus/lab_interior_window_08.rmdl,352,12,14,352,12,14,1,1,1,1
mdl/olympus/lab_interior_window_09.rmdl,352,12,14,352,12,14,1,1,1,1
mdl/olympus/lab_interior_window_10.rmdl,184,4,8,184,4,8,1,1,1,1
mdl/olympus/lab_interior_window_11.rmdl,184,4,8,184,4,8,1,1,1,1
mdl/olympus/lab_interior_window_12.rmdl,184,4,8,184,4,8,1,1,1,1
mdl/olympus/mp_rr_olympus_lab_exterior_glass_02.rmdl,436,16,17,436,16,17,1,1,1,1
mdl/olympus/olympus_farm_algae_belt_cap_water_01.rmdl,1368,48,45,1368,48,45,1,1,1,3
mdl/olympus/olympus_farm_algae_belt_straight_water_01.rmdl,4392,192,135,4392,192,135,1,1,1,3
mdl/olympus/olympus_farm_algae_belt_straight_water_02.rmdl,2376,96,75,2376,96,75,1,1,1,3
mdl/olympus/olympus_farm_algae_belt_straight_water_03.rmdl,1368,48,45,1368,48,45,1,1,1,3
mdl/olympus/olympus_farm_algae_belt_underground_01_water.rmdl,9912,420,308,8604,378,264,1,1,2,3
mdl/olympus/olympus_farm_algae_belt_underground_02_water.rmdl,9912,420,308,8604,378,264,1,1,2,3
mdl/olympus/olympus_highrise_int_bldg_01_glass_01.rmdl,236,6,10,236,6,10,1,1,1,1
mdl/olympus/olympus_highrise_int_bldg_02_glass_01.rmdl,124,2,4,124,2,4,1,1,1,1
mdl/olympus/olympus_highrise_int_bldg_02_glass_02.rmdl,108,2,4,108,2,4,1,1,1,1
mdl/olympus/olympus_highrise_int_bldg_02_glass_03.rmdl,108,2,4,108,2,4,1,1,1,1
mdl/olympus/olympus_lab_window_01.rmdl,300,10,12,300,10,12,1,1,1,1
mdl/olympus/olympus_lab_window_02.rmdl,456,16,18,456,16,18,1,1,1,1
mdl/olympus/olympus_lab_window_03.rmdl,404,14,16,404,14,16,1,1,1,1
mdl/olympus/olympus_lab_window_04.rmdl,404,14,16,404,14,16,1,1,1,1
mdl/olympus/olympus_lab_window_05.rmdl,456,16,18,456,16,18,1,1,1,1
mdl/olympus/olympus_lab_window_06.rmdl,300,10,12,300,10,12,1,1,1,1
mdl/olympus/olympus_lab_window_07.rmdl,1656,76,60,1656,76,60,1,1,1,1
mdl/olympus/olympus_lab_window_08.rmdl,1656,76,60,1656,76,60,1,1,1,1
mdl/olympus/olympus_lab_window_09.rmdl,1572,72,57,1572,72,57,1,1,1,1
mdl/olympus/olympus_lab_window_10.rmdl,1572,72,57,1572,72,57,1,1,1,1
mdl/olympus/olympus_lab_window_11.rmdl,600,20,24,600,20,24,1,1,1,1
mdl/olympus/olympus_lab_window_12.rmdl,600,20,24,600,20,24,1,1,1,1
mdl/olympus/olympus_lab_window_13.rmdl,144,4,6,144,4,6,1,1,1,1
mdl/signs/olympus_ad_bikeshop_sign_01.rmdl,696,20,24,696,20,24,1,1,1,1
mdl/signs/olympus_ad_sign_02.rmdl,260,6,8,260,6,8,1,1,1,1
mdl/signs/olympus_ad_sign_03.rmdl,384,8,12,384,8,12,1,1,1,1
mdl/signs/olympus_ad_sign_04.rmdl,372,6,12,372,6,12,1,1,1,1
mdl/signs/olympus_ad_sign_06.rmdl,316,6,10,316,6,10,1,1,1,1
mdl/signs/olympus_ad_sign_07.rmdl,124,2,4,124,2,4,1,1,1,1
mdl/signs/olympus_ad_sign_10.rmdl,124,2,4,124,2,4,1,1,1,1
mdl/signs/olympus_ad_sign_12.rmdl,418,9,13,418,9,13,1,1,1,1
mdl/vistas/a_olympus_energy_dome_03.rmdl,8028,240,183,8028,240,183,1,1,1,1
mdl/vistas/b_olympus_energy_dome_03.rmdl,319032,11958,6869,319032,11958,6869,1,1,1,2
mdl/vistas/c_olympus_energy_dome_03.rmdl,4464,128,132,4464,128,132,1,1,1,1
mdl/weapons/projectiles/projectile_grapple_hook_anchor_bolt.rmdl,18252,662,714,18252,662,714,1,1,1,1
mdl/Gibs/wood_gib01e.rmdl,2744,64,118,2744,64,118,1,1,1,1
mdl/Gibs/wood_gib01d.rmdl,5892,142,252,5892,142,252,1,1,1,1
mdl/Gibs/wood_gib01c.rmdl,3276,66,144,3276,66,144,1,1,1,1
mdl/Gibs/wood_gib01b.rmdl,2868,58,126,2868,58,126,1,1,1,1
mdl/Gibs/wood_gib01a.rmdl,4412,112,187,4412,112,187,1,1,1,1
mdl/Gibs/Glass_shard01.rmdl,2864,84,118,2864,84,118,1,1,1,1
mdl/Gibs/Glass_shard02.rmdl,1400,40,58,1400,40,58,1,1,1,1
mdl/Gibs/Glass_shard03.rmdl,1688,48,70,1688,48,70,1,1,1,1
mdl/Gibs/Glass_shard04.rmdl,3088,88,128,3088,88,128,1,1,1,1
mdl/Gibs/Glass_shard05.rmdl,2120,60,88,2120,60,88,1,1,1,1
mdl/Gibs/Glass_shard06.rmdl,1212,32,51,1212,32,51,1,1,1,1
mdl/props_debris/concrete_chunk08a.rmdl,6040,340,200,6040,340,200,1,1,1,1
mdl/props_debris/concrete_chunk09a.rmdl,1492,72,53,1492,72,53,1,1,1,1
mdl/props_debris/concrete_chunk03a.rmdl,1044,34,42,1044,34,42,1,1,1,1
mdl/props_debris/concrete_chunk07a.rmdl,784,34,29,784,34,29,1,1,1,1
mdl/props_debris/concrete_chunk02a.rmdl,2996,116,115,1724,84,61,1,1,2,1
mdl/Gibs/metal_gib1.rmdl,1912,52,80,1912,52,80,1,1,1,1
mdl/Gibs/metal_gib2.rmdl,1128,28,48,1128,28,48,1,1,1,1
mdl/Gibs/metal_gib3.rmdl,1352,32,58,1352,32,58,1,1,1,1
mdl/Gibs/metal_gib4.rmdl,1464,44,60,1464,44,60,1,1,1,1
mdl/Gibs/metal_gib5.rmdl,1384,44,56,1384,44,56,1,1,1,1
mdl/dev/envballs.rmdl,30076,978,956,30076,978,956,1,1,1,6
mdl/props/zipline_balloon/zipline_balloon_base.rmdl,626580,19218,21303,336024,11016,11247,1,1,5,5
mdl/props/zipline_balloon/zipline_balloon.rmdl,86706,2631,2955,48138,1599,1606,1,1,3,4
mdl/weapons_r5/loot/w_loot_wep_iso_health_main_large.rmdl,67872,2462,2655,41600,1610,1597,1,1,3,1
mdl/weapons_r5/loot/w_loot_wep_iso_health_main_small.rmdl,18036,606,720,9912,372,384,1,1,3,1
mdl/weapons_r5/loot/w_loot_wep_iso_shield_battery_large.rmdl,90720,2814,2637,46012,1532,1315,1,1,4,2
mdl/weapons_r5/loot/w_loot_wep_iso_shield_battery_small.rmdl,75952,2238,2233,39856,1276,1150,1,1,4,2
mdl/weapons_r5/loot/w_loot_wep_iso_phoenix_kit_v1.rmdl,90720,2814,2637,46012,1532,1315,1,1,4,2
mdl/fx/plasma_sphere_01.rmdl,14568,760,417,14568,760,417,1,1,1,1
mdl/fx/ar_edge_sphere_512.rmdl,125848,5460,2909,125848,5460,2909,1,1,1,1
mdl/IMC_base/camera_imc_base_01.rmdl,5440,140,230,5440,140,230,1,1,1,1
mdl/IMC_base/camera_imc_01.rmdl,131856,4266,5313,65992,2302,2609,1,1,3,1
mdl/robots/drone_frag/drone_frag_loot.rmdl,0,0,0,0,0,0,1,37,0,0
mdl/dev/editor_ref.rmdl,1104,24,48,1104,24,48,1,1,1,1
mdl/Humans/class/medium/combat_dummie_medium.rmdl,0,0,0,0,0,0,1,69,0,0
mdl/fx/ar_survival_radius_1x100.rmdl,48376,2052,1442,48376,2052,1442,1,1,1,3
mdl/props/charm/charm_fireball.rmdl,0,0,0,0,0,0,1,5,0,0
mdl/props/charm/charm_yeti.rmdl,0,0,0,0,0,0,1,5,0,0
mdl/props/charm/charm_crow.rmdl,0,0,0,0,0,0,1,5,0,0
mdl/props/charm/charm_rank_gold.rmdl,0,0,0,0,0,0,1,5,0,0
mdl/props/charm/charm_rank_diamond.rmdl,0,0,0,0,0,0,1,5,0,0
mdl/props/charm/charm_rank_predator.rmdl,0,0,0,0,0,0,1,5,0,0
mdl/props/charm/charm_nessy.rmdl,0,0,0,0,0,0,1,5,0,0
mdl/props/charm/charm_lifeline_drone.rmdl,0,0,0,0,0,0,1,5,0,0
mdl/props/charm/charm_rank_platinum.rmdl,0,0,0,0,0,0,1,5,0,0
mdl/props/charm/charm_pumpkin.rmdl,0,0,0,0,0,0,1,5,0,0
mdl/props/charm/charm_gas_canister.rmdl,0,0,0,0,0,0,1,5,0,0
mdl/props/charm/charm_jester.rmdl,0,0,0,0,0,0,1,5,0,0
mdl/props/charm/charm_nessy_ghost.rmdl,0,0,0,0,0,0,1,5,0,0
mdl/props/charm/charm_clown.rmdl,0,0,0,0,0,0,1,5,0,0
mdl/props/charm/charm_witch.rmdl,0,0,0,0,0,0,1,5,0,0
mdl/robots/drone_frag/drone_frag.rmdl,0,0,0,0,0,0,1,26,0,0
mdl/vehicle/droppod_fireteam/droppod_fireteam.rmdl,0,0,0,0,0,0,1,55,0,0
mdl/vehicle/droppod_loot/droppod_loot_LL_holo.rmdl,30554,591,844,30554,591,844,1,1,1,1
mdl/robots/marvin/marvin_gladcard.rmdl,0,0,0,0,0,0,4,94,0,0
mdl/menu/xp_badge.rmdl,8728,308,344,8728,308,344,1,1,1,1
mdl/menu/coin.rmdl,3448,128,134,3448,128,134,1,1,1,1
mdl/currency/crafting/currency_crafting_epic.rmdl,113224,2684,4856,113224,2684,4856,1,1,1,1
mdl/weapons_r5/loot/_master/w_loot_wep_ammo_sniper.rmdl,35244,850,942,23384,596,619,1,1,3,1
mdl/robots/marvin/marvin.rmdl,0,0,0,0,0,0,4,56,0,0
mdl/weapons/empty_handed/ptpov_emptyhand.rmdl,104232,3596,2952,104232,3596,2952,1,99,1,2
mdl/weapons/empty_handed/w_empty_handed_human.rmdl,0,0,0,0,0,0,1,10,0,0
mdl/Weapons/ptpov_energy_sword/ptpov_energy_sword.rmdl,29284,874,1202,29284,874,1202,1,1,1,1
mdl/Weapons/w_energy_sword/w_energy_sword.rmdl,29284,874,1202,29284,874,1202,1,1,1,1
mdl/weapons/data_knife/ptpov_data_knife.rmdl,0,0,0,0,0,0,1,79,0,0
mdl/weapons/b3wing/ptpov_b3wing.rmdl,0,0,0,0,0,0,16,115,0,0
mdl/weapons/b3wing/w_b3wing.rmdl,802044,16044,19605,432510,9307,10463,15,15,4,16
mdl/weapons/alternator_smg/ptpov_alternator_smg.rmdl,0,0,0,0,0,0,17,121,0,0
mdl/weapons/alternator_smg/w_alternator_smg.rmdl,904524,17410,22224,483378,9895,11778,15,13,4,15
mdl/weapons/gibraltar_bubbleshield/w_gibraltar_bubbleshield.rmdl,0,0,0,0,0,0,1,6,0,0
mdl/weapons/gibraltar_bubbleshield/ptpov_gibraltar_bubbleshield_held.rmdl,0,0,0,0,0,0,1,141,0,0
mdl/weapons/rspn101_dmr/ptpov_rspn101_dmr.rmdl,0,0,0,0,0,0,20,113,0,0
mdl/weapons/rspn101_dmr/w_rspn101_dmr.rmdl,0,0,0,0,0,0,19,16,0,0
mdl/weapons/rspn101_dmr/ptpov_rspn101_dmr_legendary_01.rmdl,0,0,0,0,0,0,20,113,0,0
mdl/weapons/rspn101_dmr/w_rspn101_dmr_legendary_01.rmdl,0,0,0,0,0,0,19,16,0,0
mdl/weapons/doubletake/ptpov_doubletake.rmdl,0,0,0,0,0,0,22,127,0,0
mdl/weapons/doubletake/w_doubletake.rmdl,0,0,0,0,0,0,18,18,0,0
mdl/weapons/peacekeeper/ptpov_peacekeeper.rmdl,0,0,0,0,0,0,17,110,0,0
mdl/weapons/peacekeeper/w_peacekeeper.rmdl,1049574,21419,25585,538860,11708,13017,16,14,4,18
mdl/weapons/lmg_hemlok/ptpov_lmg_hemlok.rmdl,0,0,0,0,0,0,16,109,0,0
mdl/weapons/lmg_hemlok/w_lmg_hemlok.rmdl,0,0,0,0,0,0,15,13,0,0
mdl/weapons/lstar/ptpov_lstar.rmdl,0,0,0,0,0,0,16,125,0,0
mdl/weapons/lstar/w_lstar.rmdl,0,0,0,0,0,0,15,15,0,0
mdl/weapons/mastiff_stgn/ptpov_mastiff.rmdl,0,0,0,0,0,0,18,119,0,0
mdl/weapons/mastiff_stgn/w_mastiff.rmdl,914430,17303,22517,490386,9809,11987,15,14,4,15
mdl/weapons/w1128/ptpov_w1128.rmdl,0,0,0,0,0,0,17,111,0,0
mdl/weapons/w1128/w_w1128.rmdl,917430,17401,22584,489336,9886,11945,15,14,4,15
mdl/weapons/w1128/ptpov_w1128_legendary_01.rmdl,0,0,0,0,0,0,17,110,0,0
mdl/weapons/w1128/w_w1128_legendary_01.rmdl,0,0,0,0,0,0,15,14,0,0
mdl/weapons/pstl_sa3/ptpov_pstl_sa3.rmdl,0,0,0,0,0,0,16,114,0,0
mdl/weapons/pstl_sa3/w_pstl_sa3.rmdl,789702,15655,19327,429234,9091,10408,15,18,4,15
mdl/weapons/bullets/projectile_20mm.rmdl,2140,100,77,2140,100,77,1,1,1,1
mdl/weapons/at_rifle/ptpov_at_rifle.rmdl,0,0,0,0,0,0,20,115,0,0
mdl/weapons/at_rifle/w_at_rifle.rmdl,0,0,0,0,0,0,18,17,0,0
mdl/weapons/r97/ptpov_r97.rmdl,0,0,0,0,0,0,18,111,0,0
mdl/weapons/r97/w_r97.rmdl,0,0,0,0,0,0,16,13,0,0
mdl/weapons/r97/ptpov_r97_legendary_01.rmdl,0,0,0,0,0,0,18,110,0,0
mdl/weapons/r97/w_r97_legendary_01.rmdl,0,0,0,0,0,0,16,13,0,0
mdl/weapons/empty_handed/ptpov_mirage_holopilot.rmdl,0,0,0,0,0,0,1,88,0,0
mdl/weapons/empty_handed/w_empty_handed_mirage.rmdl,0,0,0,0,0,0,1,33,0,0
mdl/weapons/m1a1_hemlok/ptpov_hemlok.rmdl,0,0,0,0,0,0,16,107,0,0
mdl/weapons/m1a1_hemlok/w_hemlok.rmdl,980874,18147,24222,515394,10053,12641,15,12,4,16
mdl/weapons/m1a1_hemlok/ptpov_hemlok_legendary_01.rmdl,0,0,0,0,0,0,16,107,0,0
mdl/weapons/m1a1_hemlok/w_hemlok_legendary_01.rmdl,0,0,0,0,0,0,15,12,0,0
mdl/weapons/p2011_auto/ptpov_p2011_auto.rmdl,0,0,0,0,0,0,17,109,0,0
mdl/weapons/p2011_auto/w_p2011_auto.rmdl,753288,14722,18471,408852,8484,9943,16,13,4,16
mdl/weapons/grenades/w_thermite_grenade_projectile.rmdl,34964,1244,1375,18238,693,704,1,1,4,1
mdl/weapons/grenades/ptpov_thermite_grenade_held.rmdl,0,0,0,0,0,0,1,110,0,0
mdl/weapons/grenades/w_thermite_grenade.rmdl,45964,1244,1375,23870,693,704,1,4,4,1
mdl/props/lifeline_drone/lifeline_drone.rmdl,0,0,0,0,0,0,1,46,0,0
mdl/weapons/lifeline_drone/ptpov_lifeline_drone_held.rmdl,0,0,0,0,0,0,1,120,0,0
mdl/weapons/vinson/ptpov_vinson.rmdl,0,0,0,0,0,0,15,112,0,0
mdl/weapons/vinson/w_vinson.rmdl,876168,16956,21512,468612,9654,11408,14,14,4,14
mdl/weapons/prowler_smg/ptpov_prowler_smg.rmdl,0,0,0,0,0,0,17,110,0,0
mdl/weapons/prowler_smg/w_prowler_smg.rmdl,0,0,0,0,0,0,17,13,0,0
mdl/weapons/empty_handed/ptpov_wraith_phasewalk.rmdl,0,0,0,0,0,0,1,100,0,0
mdl/weapons/empty_handed/ptpov_wraith_phasetunnel.rmdl,0,0,0,0,0,0,1,100,0,0
mdl/Weapons/pathfinder_zipline/w_pathfinder_zipline.rmdl,0,0,0,0,0,0,1,4,0,0
mdl/props/pathfinder_zipline/pathfinder_zipline.rmdl,0,0,0,0,0,0,1,23,0,0
mdl/weapons/pathfinder_zipline/ptpov_pathfinder_zipline_held.rmdl,0,0,0,0,0,0,1,110,0,0
mdl/weapons/empty_handed/ptpov_bloodhound_huntmode.rmdl,0,0,0,0,0,0,1,107,0,0
mdl/weapons/shield_battery/ptpov_shield_battery_held.rmdl,0,0,0,0,0,0,1,109,0,0
mdl/Weapons/shield_battery/w_shield_battery.rmdl,0,0,0,0,0,0,1,5,0,0
mdl/weapons/health_injector/ptpov_health_injector.rmdl,0,0,0,0,0,0,3,111,0,0
mdl/Weapons/health_injector/w_health_injector.rmdl,0,0,0,0,0,0,1,4,0,0
mdl/weapons/shield_battery/ptpov_shield_battery_small_held.rmdl,0,0,0,0,0,0,1,109,0,0
mdl/Weapons/shield_battery/w_shield_battery_small.rmdl,0,0,0,0,0,0,1,5,0,0
mdl/Weapons/bomb/ptpov_bomb.rmdl,0,0,0,0,0,0,1,110,0,0
mdl/Weapons/bomb/w_bomb.rmdl,0,0,0,0,0,0,1,15,0,0
mdl/weapons/ultimate_accelerant/ptpov_ultimate_accelerant_held.rmdl,0,0,0,0,0,0,1,109,0,0
mdl/Weapons/ultimate_accelerant/w_ultimate_accelerant.rmdl,0,0,0,0,0,0,1,4,0,0
mdl/weapons/g2/ptpov_g2a4.rmdl,0,0,0,0,0,0,20,115,0,0
mdl/weapons/g2/w_g2a4.rmdl,1434714,28723,35066,692406,14589,16802,18,16,4,19
mdl/Weapons/grenades/w_bangalore_canister_gas_projectile.rmdl,0,0,0,0,0,0,1,4,0,0
mdl/Weapons/bangalore_rocketpod/ptpov_bangalore_rocketpod.rmdl,0,0,0,0,0,0,1,95,0,0
mdl/weapons/empty_handed/ptpov_downed_shield.rmdl,0,0,0,0,0,0,1,113,0,0
mdl/weapons/clacker_detonator/ptpov_proximity_detonator.rmdl,0,0,0,0,0,0,2,82,0,0
mdl/weapons/caustic_gas_tank/w_caustic_gas_tank.rmdl,0,0,0,0,0,0,1,8,0,0
mdl/weapons/caustic_gas_tank/ptpov_caustic_gas_tank_held.rmdl,0,0,0,0,0,0,1,93,0,0
mdl/weapons/beam_ar/ptpov_beam_ar.rmdl,0,0,0,0,0,0,16,109,0,0
mdl/weapons/beam_ar/w_beam_ar.rmdl,965304,17502,23897,547596,10362,13484,14,12,4,15
mdl/weapons/hemlock_br/ptpov_hemlock_br.rmdl,0,0,0,0,0,0,16,112,0,0
mdl/weapons/hemlock_br/w_hemlock_br.rmdl,911382,16915,22497,487086,9589,11932,14,13,4,14
mdl/weapons/p2011/ptpov_p2011.rmdl,0,0,0,0,0,0,18,109,0,0
mdl/weapons/p2011/w_p2011.rmdl,861516,16626,21160,436764,9080,10619,17,15,4,16
mdl/weapons/p2011/ptpov_p2011_legendary_01.rmdl,0,0,0,0,0,0,18,112,0,0
mdl/weapons/p2011/w_p2011_legendary_01.rmdl,0,0,0,0,0,0,17,16,0,0
mdl/weapons/p2011/ptpov_p2011_legendary_02.rmdl,0,0,0,0,0,0,18,112,0,0
mdl/weapons/p2011/w_p2011_legendary_02.rmdl,0,0,0,0,0,0,17,16,0,0
mdl/weapons/grenades/m20_f_grenade_projectile.rmdl,62142,2807,2265,34228,1478,1268,1,1,4,1
mdl/weapons/grenades/m20_f_grenade.rmdl,0,0,0,0,0,0,1,4,0,0
mdl/weapons/grenades/ptpov_frag_grenade.rmdl,0,0,0,0,0,0,1,79,0,0
mdl/weapons/grenades/ptpov_frag_grenade_held.rmdl,0,0,0,0,0,0,1,110,0,0
mdl/weapons/rspn101/ptpov_rspn101.rmdl,0,0,0,0,0,0,16,112,0,0
mdl/weapons/rspn101/w_rspn101.rmdl,888396,17326,21790,505824,10516,12298,14,18,4,14
mdl/weapons/defender/ptpov_defender.rmdl,0,0,0,0,0,0,21,135,0,0
mdl/weapons/defender/w_defender.rmdl,0,0,0,0,0,0,19,28,0,0
mdl/props/octane_jump_pad/octane_jump_pad.rmdl,0,0,0,0,0,0,1,17,0,0
mdl/weapons/octane_jump_pad/ptpov_octane_jump_pad_held.rmdl,0,0,0,0,0,0,1,113,0,0
mdl/Weapons/grenades/w_bangalore_canister_flare_projectile.rmdl,0,0,0,0,0,0,1,4,0,0
mdl/Weapons/grenades/ptpov_bangalore_canister_held.rmdl,0,0,0,0,0,0,1,109,0,0
mdl/Weapons/grenades/w_bangalore_canister.rmdl,0,0,0,0,0,0,1,4,0,0
mdl/weapons/grenades/w_gibraltar_beacon_projectile.rmdl,38460,1360,1515,23056,866,893,1,1,4,1
mdl/weapons/grenades/ptpov_gibraltar_beacon.rmdl,0,0,0,0,0,0,1,79,0,0
mdl/weapons/grenades/w_gibraltar_beacon.rmdl,0,0,0,0,0,0,1,4,0,0
mdl/weapons/shuriken/w_shuriken.rmdl,0,0,0,0,0,0,1,3,0,0
mdl/weapons/shuriken/ptpov_shuriken_held.rmdl,0,0,0,0,0,0,1,108,0,0
mdl/weapons/sentry_shield/sentry_shield_proj.rmdl,0,0,0,0,0,0,1,4,0,0
mdl/weapons/throwingknife/w_throwing_knife.rmdl,0,0,0,0,0,0,1,3,0,0
mdl/weapons/throwingknife/ptpov_throwing_knife.rmdl,0,0,0,0,0,0,1,108,0,0
mdl/weapons/combat_knife/w_combat_knife.rmdl,0,0,0,0,0,0,1,3,0,0
mdl/weapons/bolo_sword/ptpov_bolo_sword_ash.rmdl,0,0,0,0,0,0,1,76,0,0
mdl/weapons/bolo_sword/w_bolo_sword.rmdl,0,0,0,0,0,0,1,3,0,0
mdl/Weapons/empty_handed/ptpov_shadowhand.rmdl,0,0,0,0,0,0,1,99,0,0
mdl/weapons/hemlok_smg/ptpov_hemlok_smg.rmdl,0,0,0,0,0,0,17,112,0,0
mdl/weapons/hemlok_smg/w_hemlok_smg.rmdl,0,0,0,0,0,0,17,14,0,0
mdl/Weapons/holo_spray/w_holo_spray.rmdl,0,0,0,0,0,0,1,4,0,0
mdl/Weapons/holo_spray/ptpov_holo_spray.rmdl,0,0,0,0,0,0,1,101,0,0
mdl/weapons/3030repeater/ptpov_3030repeater.rmdl,0,0,0,0,0,0,19,95,0,0
mdl/weapons/3030repeater/w_3030repeater.rmdl,0,0,0,0,0,0,19,14,0,0
mdl/Weapons/vctblue/vctblue_ptpov.rmdl,0,0,0,0,0,0,1,78,0,0
mdl/Weapons/vctblue_w/vctblue_w.rmdl,0,0,0,0,0,0,1,3,0,0
mdl/Weapons/ptpov_repulsor_held/ptpov_repulsor_held.rmdl,0,0,0,0,0,0,1,83,0,0
mdl/weapons/empty_handed/ptpov_boxinghand.rmdl,0,0,0,0,0,0,1,99,0,0
mdl/Humans/pilots/w_blisk.rmdl,0,0,0,0,0,0,5,153,0,0
mdl/Humans/pilots/pov_blisk.rmdl,0,0,0,0,0,0,1,94,0,0
mdl/Humans/pilots/w_phantom.rmdl,0,0,0,0,0,0,1,92,0,0
mdl/Humans/pilots/ptpov_phantom.rmdl,0,0,0,0,0,0,1,94,0,0
mdl/Humans/pilots/w_amogino.rmdl,0,0,0,0,0,0,1,92,0,0
mdl/Humans/pilots/ptpov_amogino.rmdl,0,0,0,0,0,0,1,74,0,0
mdl/Humans/pilots/w_rhapsody.rmdl,0,0,0,0,0,0,1,92,0,0
mdl/Humans/pilots/ptpov_rhapsody.rmdl,0,0,0,0,0,0,1,94,0,0
mdl/Humans/pilots/w_ash_legacy.rmdl,0,0,0,0,0,0,3,150,0,0
mdl/Humans/pilots/pov_ash_legacy.rmdl,0,0,0,0,0,0,1,94,0,0
mdl/Humans/pilots/w_jackcooper.rmdl,0,0,0,0,0,0,2,153,0,0
mdl/Humans/pilots/ptpov_jackcooper.rmdl,0,0,0,0,0,0,1,96,0,0
mdl/Humans/pilots/pilot_medium_loba.rmdl,0,0,0,0,0,0,1,229,0,0
mdl/Humans/pilots/pov_pilot_medium_loba.rmdl,0,0,0,0,0,0,1,84,0,0
mdl/Weapons/lightsaber/w_lightsaber.rmdl,0,0,0,0,0,0,1,19,0,0
mdl/Weapons/lightsaber/ptpov_lightsaber.rmdl,0,0,0,0,0,0,1,118,0,0
mdl/Humans/pilots/ballistic_base_w.rmdl,0,0,0,0,0,0,1,228,0,0
mdl/Humans/pilots/ballistic_base_v.rmdl,0,0,0,0,0,0,1,76,0,0
mdl/flowstate_custom/w_marvin.rmdl,0,0,0,0,0,0,1,197,0,0
mdl/flowstate_custom/evac_tower_balloon.rmdl,0,0,0,0,0,0,1,3,0,0
mdl/flowstate_custom/evac_tower_weight.rmdl,0,0,0,0,0,0,1,3,0,0
mdl/flowstate_custom/w_pete_mri.rmdl,0,0,0,0,0,0,1,150,0,0
mdl/flowstate_custom/ptpov_pete_mri.rmdl,0,0,0,0,0,0,1,94,0,0
mdl/techart/mshop/characters/legends/catalyst/catalyst_base_w.rmdl,0,0,0,0,0,0,1,224,0,0
mdl/techart/mshop/characters/legends/catalyst/catalyst_base_v.rmdl,0,0,0,0,0,0,1,86,0,0
mdl/Humans/class/medium/pilot_medium_valkyrie.rmdl,0,0,0,0,0,0,3,206,0,0
mdl/Weapons/arms/pov_pilot_medium_valkyrie.rmdl,0,0,0,0,0,0,1,102,0,0
mdl/Humans/class/medium/pilot_medium_nova_01.rmdl,0,0,0,0,0,0,1,216,0,0
mdl/Weapons/arms/pov_pilot_medium_nova_base_01.rmdl,0,0,0,0,0,0,2,88,0,0
mdl/techart/mshop/characters/legends/ash/ash_base_v.rmdl,0,0,0,0,0,0,1,80,0,0
mdl/techart/mshop/characters/legends/ash/ash_base_w.rmdl,0,0,0,0,0,0,4,197,0,0
mdl/robots/spectre/imc_spectre.rmdl,0,0,0,0,0,0,8,75,0,0
mdl/robots/stalker/robot_stalker.rmdl,0,0,0,0,0,0,10,75,0,0
mdl/Humans/grunts/imc_grunt_lmg_corpse.rmdl,0,0,0,0,0,0,1,149,0,0
mdl/creatures/prowler/prowler_apex.rmdl,0,0,0,0,0,0,1,78,0,0
mdl/creatures/spider/spider.rmdl,0,0,0,0,0,0,1,60,0,0
mdl/fx/cloud_fill_01.rmdl,7748,260,221,7748,260,221,1,1,1,1
mdl/thunderdome/thunderdome_cage_frame_16x128_01.rmdl,3544,84,152,1704,44,72,1,1,3,2
mdl/thunderdome/thunderdome_cage_wall_256x352_01.rmdl,17936,376,784,10624,224,464,1,1,3,2
mdl/rocks/rock_white_chalk_modular_flat_02.rmdl,43716,1978,1327,22152,1060,658,1,1,5,1
mdl/thunderdome/thunderdome_cage_ceiling_256x128_05.rmdl,15922,337,695,8454,179,369,1,1,3,3
mdl/thunderdome/thunderdome_cage_ceiling_256x128_06.rmdl,4496,136,184,2952,92,120,1,1,2,2
mdl/thunderdome/thunderdome_cage_frame_128x32_01.rmdl,1864,44,80,1864,44,80,1,1,1,1
mdl/thunderdome/thunderdome_cage_frame_64x32_01.rmdl,1760,40,76,1760,40,76,1,1,1,1
mdl/canyonlands/fabric_canopy_02.rmdl,33342,1677,970,22200,1132,642,1,1,4,2
mdl/thunderdome/thunderdome_cage_ceiling_256x32_01.rmdl,840,20,36,840,20,36,1,1,1,2
mdl/flowstate_custom/ptpov_flowstate_sword.rmdl,0,0,0,0,0,0,1,118,0,0
mdl/flowstate_custom/w_flowstate_sword.rmdl,0,0,0,0,0,0,1,18,0,0
mdl/weapons/arms/human_pov_cockpit.rmdl,78,1,3,78,1,3,1,2,1,1
mdl/fx/fire_cylinder_sm1.rmdl,2184,100,66,2184,100,66,1,1,1,1
mdl/fx/r301_leg07_fire_horns.rmdl,43308,1978,1310,43308,1978,1310,1,1,1,2
mdl/fx/r301_leg07_fire_body.rmdl,23052,954,722,23052,954,722,1,1,1,1
mdl/fx/peacekeeper_legendary_ice_stock.rmdl,720,16,26,720,16,26,1,1,1,1
mdl/fx/peacekeeper_legendary_ice_lvl2_add.rmdl,286756,13226,10370,286756,13226,10370,1,1,1,1
mdl/fx/peacekeeper_legendary_ice_lvl2_add_b.rmdl,144214,6579,5237,144214,6579,5237,1,1,1,1
mdl/fx/peacekeeper_legendary_ice_lvl3_add.rmdl,221334,10139,8025,221334,10139,8025,1,1,1,1
mdl/fx/peacekeeper_legendary_ice_lvl3_add_b.rmdl,112172,5162,4060,112172,5162,4060,1,1,1,1
mdl/fx/ar_marker_ringwobble.rmdl,30720,1024,1024,30720,1024,1024,1,1,1,1
mdl/fx/energy_ring_core_fx.rmdl,14080,480,350,14080,480,350,1,1,1,1
mdl/props/holo_spray/holo_spray_base.rmdl,0,0,0,0,0,0,1,2,0,0
mdl/IMC_base/scaffold_tech_horz_rail_c.rmdl,8784,244,366,8784,244,366,1,1,1,1
mdl/fx/medic_shield_wall.rmdl,50860,1822,1158,50860,1822,1158,1,1,1,3
mdl/weapons/empty_handed/ptpov_gibraltar_shield.rmdl,0,0,0,0,0,0,1,113,0,0
mdl/fx/gibralter_gun_shield.rmdl,25854,901,639,25854,901,639,1,1,1,2
mdl/props/gibraltar_bubbleshield/gibraltar_bubbleshield.rmdl,0,0,0,0,0,0,1,35,0,0
mdl/props/caustic_gas_tank/caustic_gas_tank.rmdl,0,0,0,0,0,0,1,18,0,0
mdl/fx/down_shield_01.rmdl,56812,1950,1263,56812,1950,1263,1,1,1,3
mdl/weapons_r5/misc_bangalore_rockets/bangalore_rockets_projectile.rmdl,0,0,0,0,0,0,1,1,0,0
mdl/props/wattson_electric_fence/wattson_electric_fence.rmdl,0,0,0,0,0,0,1,10,0,0
mdl/weapons_r5/weapon_tesla_trap/mp_weapon_tesla_trap_ar_trigger_radius.rmdl,6720,96,192,6720,96,192,1,1,1,1
mdl/props/wattson_trophy_system/wattson_trophy_system.rmdl,0,0,0,0,0,0,1,28,0,0
mdl/gibs/human_gibs.rmdl,0,0,0,0,0,0,1,5,0,0
mdl/hud/grenade_indicator/grenade_indicator_arrow.rmdl,0,0,0,0,0,0,1,1,0,0
mdl/hud/grenade_indicator/grenade_indicator_frag.rmdl,0,0,0,0,0,0,1,4,0,0
mdl/hud/grenade_indicator/grenade_indicator_sonar.rmdl,0,0,0,0,0,0,1,2,0,0
mdl/hud/grenade_indicator/grenade_indicator_frag_sentry.rmdl,0,0,0,0,0,0,1,1,0,0
mdl/hud/grenade_indicator/grenade_indicator_bomb.rmdl,0,0,0,0,0,0,1,1,0,0
mdl/hud/grenade_indicator/bang_indicator.rmdl,5136,276,174,5136,276,174,1,1,1,1
mdl/hud/grenade_indicator/grenade_indicator_shuriken.rmdl,0,0,0,0,0,0,1,1,0,0
mdl/weapons/bullets/damage_arrow.rmdl,0,0,0,0,0,0,1,2,0,0
mdl/weapons/bullets/mgl_grenade.rmdl,8720,420,310,4944,264,168,1,1,4,1
mdl/Humans/class/medium/pilot_medium_empty.rmdl,0,0,0,0,0,0,1,33,0,0
mdl/empty/lights/empty_lights.rmdl,66,1,3,66,1,3,1,6,1,1
mdl/Humans/class/medium/pilot_medium_bangalore.rmdl,0,0,0,0,0,0,2,193,0,0
mdl/Weapons/arms/pov_pilot_medium_bangalore.rmdl,0,0,0,0,0,0,1,74,0,0
mdl/Humans/class/medium/pilot_medium_bangalore_legendary_01.rmdl,0,0,0,0,0,0,2,189,0,0
mdl/Weapons/arms/pov_pilot_medium_bangalore_legendary_01.rmdl,0,0,0,0,0,0,1,76,0,0
mdl/Humans/class/medium/pilot_medium_bangalore_legendary_02.rmdl,0,0,0,0,0,0,2,191,0,0
mdl/Weapons/arms/pov_pilot_medium_bangalore_legendary_02.rmdl,0,0,0,0,0,0,1,74,0,0
mdl/Humans/class/medium/pilot_medium_bangalore_legendary_02_mask.rmdl,0,0,0,0,0,0,2,184,0,0
mdl/Humans/class/medium/pilot_medium_bangalore_beast_hunter.rmdl,0,0,0,0,0,0,2,185,0,0
mdl/Weapons/arms/pov_pilot_medium_bangalore_beast_hunter.rmdl,0,0,0,0,0,0,1,80,0,0
mdl/Humans/class/medium/pilot_medium_bangalore_season_02_halloween_legendary_01.rmdl,0,0,0,0,0,0,2,181,0,0
mdl/Weapons/arms/pov_pilot_medium_bangalore_season2_halloween_legendary_01.rmdl,0,0,0,0,0,0,1,74,0,0
mdl/humans/class/medium/pilot_medium_bloodhound.rmdl,0,0,0,0,0,0,2,104,0,0
mdl/Weapons/arms/pov_pilot_medium_bloodhound.rmdl,0,0,0,0,0,0,1,94,0,0
mdl/Humans/class/medium/pilot_medium_bloodhound_legendary_01.rmdl,0,0,0,0,0,0,2,81,0,0
mdl/Weapons/arms/pov_pilot_medium_bloodhound_legendary_01.rmdl,0,0,0,0,0,0,1,88,0,0
mdl/Humans/class/medium/pilot_medium_bloodhound_legendary_02.rmdl,0,0,0,0,0,0,2,86,0,0
mdl/Weapons/arms/pov_pilot_medium_bloodhound_legendary_02.rmdl,0,0,0,0,0,0,1,87,0,0
mdl/Humans/class/medium/pilot_medium_bloodhound__season2_legendary_01.rmdl,0,0,0,0,0,0,2,81,0,0
mdl/Weapons/arms/pov_pilot_medium_bloodhound_season2_legendary_01.rmdl,0,0,0,0,0,0,1,75,0,0
mdl/Humans/class/medium/pilot_medium_bloodhound_marketing_box_legendary_01.rmdl,0,0,0,0,0,0,2,81,0,0
mdl/Weapons/arms/pov_pilot_medium_bloodhound_marketing_box_legendary_01.rmdl,0,0,0,0,0,0,1,89,0,0
mdl/Humans/class/medium/pilot_medium_bloodhound_season_03_halloween_legendary_01.rmdl,0,0,0,0,0,0,2,95,0,0
mdl/Weapons/arms/pov_pilot_medium_bloodhound_season_02_halloween_legendary_01.rmdl,0,0,0,0,0,0,1,79,0,0
mdl/humans/class/heavy/pilot_heavy_caustic.rmdl,0,0,0,0,0,0,2,197,0,0
mdl/Weapons/arms/pov_pilot_heavy_caustic.rmdl,0,0,0,0,0,0,1,77,0,0
mdl/weapons/grenades/w_caustic_grenade_projectile.rmdl,0,0,0,0,0,0,1,4,0,0
mdl/weapons/grenades/ptpov_caustic_grenade_held.rmdl,0,0,0,0,0,0,1,112,0,0
mdl/weapons/grenades/w_caustic_grenade.rmdl,0,0,0,0,0,0,1,4,0,0
mdl/Humans/class/heavy/pilot_heavy_caustic_legendary_01.rmdl,0,0,0,0,0,0,2,191,0,0
mdl/Weapons/arms/pov_pilot_heavy_caustic_legendary_01.rmdl,0,0,0,0,0,0,1,77,0,0
mdl/Humans/class/heavy/pilot_heavy_caustic_legendary_02.rmdl,0,0,0,0,0,0,2,179,0,0
mdl/Weapons/arms/pov_pilot_heavy_caustic_legendary_02.rmdl,0,0,0,0,0,0,1,77,0,0
mdl/Humans/class/heavy/pilot_heavy_caustic_season2_legendary_01.rmdl,0,0,0,0,0,0,2,137,0,0
mdl/Weapons/arms/pov_pilot_heavy_caustic_season2_legendary_01.rmdl,0,0,0,0,0,0,1,77,0,0
mdl/Humans/class/heavy/pilot_heavy_caustic_season2_halloween_legendary_01.rmdl,0,0,0,0,0,0,2,81,0,0
mdl/Weapons/arms/pov_pilot_heavy_caustic_season2_halloween_legendary_01.rmdl,0,0,0,0,0,0,1,72,0,0
mdl/humans/class/heavy/pilot_heavy_gibraltar.rmdl,0,0,0,0,0,0,2,192,0,0
mdl/weapons/arms/pov_pilot_heavy_gibraltar.rmdl,0,0,0,0,0,0,1,101,0,0
mdl/Humans/class/heavy/pilot_heavy_gibraltar_legendary_01.rmdl,0,0,0,0,0,0,2,189,0,0
mdl/Weapons/arms/pov_pilot_heavy_gibraltar_legendary_01.rmdl,0,0,0,0,0,0,1,95,0,0
mdl/Humans/class/heavy/pilot_heavy_gibraltar_legendary_02.rmdl,0,0,0,0,0,0,2,180,0,0
mdl/Weapons/arms/pov_pilot_heavy_gibraltar_legendary_02.rmdl,0,0,0,0,0,0,1,95,0,0
mdl/Humans/class/heavy/pilot_heavy_gibraltar_season2_legendary_01.rmdl,0,0,0,0,0,0,2,177,0,0
mdl/Weapons/arms/pov_pilot_heavy_gibraltar_season2_legendary_01.rmdl,0,0,0,0,0,0,1,89,0,0
mdl/Humans/class/heavy/pilot_heavy_gibraltar_season2_halloween_legendary_01.rmdl,0,0,0,0,0,0,2,179,0,0
mdl/Weapons/arms/pov_pilot_heavy_gibraltar_season2_halloween_legendary_01.rmdl,0,0,0,0,0,0,1,85,0,0
mdl/humans/class/light/pilot_light_support.rmdl,0,0,0,0,0,0,2,179,0,0
mdl/Weapons/arms/pov_pilot_light_support.rmdl,0,0,0,0,0,0,1,84,0,0
mdl/Humans/class/light/pilot_light_support_legendary_01.rmdl,0,0,0,0,0,0,2,179,0,0
mdl/Weapons/arms/pov_pilot_light_support_legendary_01.rmdl,0,0,0,0,0,0,1,78,0,0
mdl/Humans/class/light/pilot_light_support_legendary_02.rmdl,0,0,0,0,0,0,2,179,0,0
mdl/Weapons/arms/pov_pilot_light_support_legendary_02.rmdl,0,0,0,0,0,0,1,78,0,0
mdl/Humans/class/light/pilot_light_support_season2_legendary_01.rmdl,0,0,0,0,0,0,2,109,0,0
mdl/Weapons/arms/pov_pilot_light_support_season2_legendary_01.rmdl,0,0,0,0,0,0,1,92,0,0
mdl/Humans/class/light/pilot_light_support_marketing_box_legendary_01.rmdl,0,0,0,0,0,0,2,176,0,0
mdl/Weapons/arms/pov_pilot_light_support_marketing_box_legendary_01.rmdl,0,0,0,0,0,0,1,85,0,0
mdl/Humans/class/light/pilot_light_support_season3_legendary_01.rmdl,0,0,0,0,0,0,2,177,0,0
mdl/Weapons/arms/pov_pilot_light_support_season3_legendary_01.rmdl,0,0,0,0,0,0,1,84,0,0
mdl/humans/class/medium/pilot_medium_holo.rmdl,4107942,121689,93828,1908348,60862,42866,2,209,4,15
mdl/weapons/arms/pov_pilot_medium_holo.rmdl,852108,25330,19448,852108,25330,19448,1,74,1,3
mdl/weapons/empty_handed/ptpov_mirage_disguise.rmdl,0,0,0,0,0,0,1,88,0,0
mdl/Humans/class/medium/pilot_medium_holo_legendary_01.rmdl,0,0,0,0,0,0,2,196,0,0
mdl/Weapons/arms/pov_pilot_medium_holo_legendary_01.rmdl,0,0,0,0,0,0,1,76,0,0
mdl/Humans/class/medium/pilot_medium_holo_legendary_02.rmdl,0,0,0,0,0,0,2,194,0,0
mdl/Weapons/arms/pov_pilot_medium_holo_legendary_02.rmdl,0,0,0,0,0,0,1,76,0,0
mdl/Humans/class/medium/pilot_medium_holo_bf.rmdl,0,0,0,0,0,0,2,181,0,0
mdl/Weapons/arms/pov_pilot_medium_holo_bf.rmdl,0,0,0,0,0,0,1,76,0,0
mdl/Humans/class/medium/pilot_medium_holo_season_02_halloween_legendary_01.rmdl,0,0,0,0,0,0,2,193,0,0
mdl/Weapons/arms/pov_pilot_medium_holo_season_02_halloween_legendary_01.rmdl,0,0,0,0,0,0,1,72,0,0
mdl/Humans/class/medium/pilot_medium_stim.rmdl,0,0,0,0,0,0,2,95,0,0
mdl/weapons/arms/pov_pilot_medium_stim.rmdl,0,0,0,0,0,0,1,78,0,0
mdl/weapons/octane_epipen/ptpov_octane_epipen_held.rmdl,0,0,0,0,0,0,1,101,0,0
mdl/Humans/class/medium/pilot_medium_stim_legendary_01.rmdl,0,0,0,0,0,0,2,85,0,0
mdl/Weapons/arms/pov_pilot_medium_stim_legendary_01.rmdl,0,0,0,0,0,0,1,76,0,0
mdl/Humans/class/medium/pilot_medium_stim_legendary_01_v2.rmdl,0,0,0,0,0,0,2,85,0,0
mdl/Humans/class/medium/pilot_medium_stim_legendary_02.rmdl,0,0,0,0,0,0,2,91,0,0
mdl/Weapons/arms/pov_pilot_medium_stim_legendary_02.rmdl,0,0,0,0,0,0,1,82,0,0
mdl/Humans/class/medium/pilot_medium_stim_battle_forged.rmdl,0,0,0,0,0,0,2,94,0,0
mdl/Weapons/arms/pov_pilot_medium_stim_battle_forged.rmdl,0,0,0,0,0,0,1,78,0,0
mdl/Humans/class/medium/pilot_medium_stim_season_02_halloween_legendary_01.rmdl,0,0,0,0,0,0,2,73,0,0
mdl/Weapons/arms/pov_pilot_medium_stim_season_02_halloween_legendary_01.rmdl,0,0,0,0,0,0,1,76,0,0
mdl/humans/class/heavy/pilot_heavy_pathfinder.rmdl,0,0,0,0,0,0,4,99,0,0
mdl/weapons/arms/pov_pilot_heavy_pathfinder.rmdl,0,0,0,0,0,0,5,76,0,0
mdl/Humans/class/heavy/pilot_heavy_pathfinder_legendary_01.rmdl,0,0,0,0,0,0,4,101,0,0
mdl/Weapons/arms/pov_pilot_heavy_pathfinder_legendary_01.rmdl,0,0,0,0,0,0,5,82,0,0
mdl/Humans/class/heavy/pilot_heavy_pathfinder_legendary_02.rmdl,0,0,0,0,0,0,4,100,0,0
mdl/Weapons/arms/pov_pilot_heavy_pathfinder_legendary_02.rmdl,0,0,0,0,0,0,5,71,0,0
mdl/Humans/class/heavy/pilot_heavy_pathfinder_knight.rmdl,0,0,0,0,0,0,4,99,0,0
mdl/Weapons/arms/pov_pilot_heavy_pathfinder_knight.rmdl,0,0,0,0,0,0,5,70,0,0
mdl/Humans/class/heavy/pilot_heavy_pathfinder_ice.rmdl,0,0,0,0,0,0,4,99,0,0
mdl/Weapons/arms/pov_pilot_heavy_pathfinder_ice.rmdl,0,0,0,0,0,0,5,70,0,0
mdl/humans/class/light/pilot_light_wraith.rmdl,0,0,0,0,0,0,2,210,0,0
mdl/weapons/arms/pov_pilot_light_wraith.rmdl,0,0,0,0,0,0,1,88,0,0
mdl/humans/class/light/pilot_light_wraith_legendary_01.rmdl,0,0,0,0,0,0,2,194,0,0
mdl/Weapons/arms/pov_pilot_light_wraith_legendary_01.rmdl,0,0,0,0,0,0,1,82,0,0
mdl/Humans/class/light/pilot_light_wraith_legendary_02.rmdl,0,0,0,0,0,0,2,179,0,0
mdl/Weapons/arms/pov_pilot_light_wraith_legendary_02.rmdl,0,0,0,0,0,0,1,82,0,0
mdl/Humans/class/light/pilot_light_wraith_beast_hunter.rmdl,0,0,0,0,0,0,2,188,0,0
mdl/Weapons/arms/pov_pilot_light_wraith_beast_hunter.rmdl,0,0,0,0,0,0,1,77,0,0
mdl/Humans/class/light/pilot_light_wraith_season2_legendary_01.rmdl,0,0,0,0,0,0,2,183,0,0
mdl/Weapons/arms/pov_pilot_light_wraith_season2_legendary_01.rmdl,0,0,0,0,0,0,1,84,0,0
mdl/Humans/class/light/pilot_light_wraith_cyber_ninja.rmdl,0,0,0,0,0,0,3,219,0,0
mdl/Weapons/arms/pov_pilot_light_wraith_cyber_ninja.rmdl,0,0,0,0,0,0,1,84,0,0
mdl/Humans/class/light/pilot_light_wraith_season2_halloween_legendary_01.rmdl,0,0,0,0,0,0,2,198,0,0
mdl/Weapons/arms/pov_pilot_light_wraith_season2_halloween_legendary_01.rmdl,0,0,0,0,0,0,1,84,0,0
mdl/Humans/class/light/pilot_light_wattson.rmdl,0,0,0,0,0,0,3,203,0,0
mdl/Weapons/arms/pov_pilot_medium_generic.rmdl,0,0,0,0,0,0,1,93,0,0
mdl/weapons/wattson_electric_fence/ptpov_wattson_electric_fence.rmdl,0,0,0,0,0,0,1,83,0,0
mdl/weapons/wattson_trophy_system/w_wattson_trophy_system.rmdl,0,0,0,0,0,0,1,9,0,0
mdl/weapons/wattson_trophy_system/ptpov_wattson_trophy_system.rmdl,0,0,0,0,0,0,1,101,0,0
mdl/Weapons/arms/pov_pilot_light_wattson.rmdl,0,0,0,0,0,0,1,84,0,0
mdl/Humans/class/light/pilot_light_wattson_legendary_01.rmdl,0,0,0,0,0,0,3,182,0,0
mdl/Weapons/arms/pov_pilot_light_wattson_legendary_01.rmdl,0,0,0,0,0,0,1,82,0,0
mdl/Humans/class/light/pilot_light_wattson_legendary_02.rmdl,0,0,0,0,0,0,3,193,0,0
mdl/Weapons/arms/pov_pilot_light_wattson_legendary_02.rmdl,0,0,0,0,0,0,1,82,0,0
mdl/Humans/class/light/pilot_light_wattson_season2_legendary_01.rmdl,0,0,0,0,0,0,3,178,0,0
mdl/Weapons/arms/pov_pilot_light_wattson_season2_legendary_01.rmdl,0,0,0,0,0,0,1,84,0,0
mdl/Humans/class/medium/pilot_medium_crypto.rmdl,0,0,0,0,0,0,3,212,0,0
mdl/Weapons/arms/pov_pilot_medium_crypto.rmdl,0,0,0,0,0,0,1,99,0,0
mdl/weapons/crypto_drone/ptpov_crypto_drone_held.rmdl,0,0,0,0,0,0,2,114,0,0
mdl/weapons/crypto_puzzle_remote/ptpov_crypto_puzzle_remote.rmdl,0,0,0,0,0,0,1,117,0,0
mdl/Humans/class/medium/pilot_medium_crypto_legendary_01.rmdl,0,0,0,0,0,0,3,209,0,0
mdl/Weapons/arms/pov_pilot_medium_crypto_legendary_01.rmdl,0,0,0,0,0,0,1,99,0,0
mdl/Humans/class/medium/pilot_medium_crypto_legendary_02.rmdl,0,0,0,0,0,0,3,177,0,0
mdl/Weapons/arms/pov_pilot_medium_crypto_legendary_02.rmdl,0,0,0,0,0,0,1,99,0,0
mdl/Humans/class/medium/pilot_medium_crypto_season_02_halloween_legendary_01.rmdl,0,0,0,0,0,0,3,212,0,0
mdl/Weapons/arms/pov_pilot_medium_crypto_season_02_halloween_legendary_01.rmdl,0,0,0,0,0,0,1,99,0,0
mdl/Weapons/alternator_smg/w_alternator_smg_legendary_01.rmdl,0,0,0,0,0,0,15,13,0,0
mdl/Weapons/alternator_smg/ptpov_alternator_smg_legendary_01.rmdl,0,0,0,0,0,0,17,118,0,0
mdl/Weapons/alternator_smg/w_alternator_smg_legendary_02.rmdl,0,0,0,0,0,0,15,13,0,0
mdl/Weapons/alternator_smg/ptpov_alternator_smg_legendary_02.rmdl,0,0,0,0,0,0,17,118,0,0
mdl/Weapons/alternator_smg/w_alternator_smg_bf.rmdl,0,0,0,0,0,0,15,13,0,0
mdl/Weapons/alternator_smg/ptpov_alternator_smg_bf.rmdl,0,0,0,0,0,0,17,118,0,0
mdl/Weapons/alternator_smg/w_alternator_smg_halloween_2019.rmdl,0,0,0,0,0,0,15,13,0,0
mdl/Weapons/alternator_smg/ptpov_alternator_smg_halloween_2019.rmdl,0,0,0,0,0,0,17,117,0,0
mdl/Weapons/p2011_auto/w_p2011_auto_legendary_01.rmdl,0,0,0,0,0,0,15,13,0,0
mdl/Weapons/p2011_auto/ptpov_p2011_auto_legendary_01.rmdl,0,0,0,0,0,0,17,109,0,0
mdl/Weapons/p2011_auto/w_p2011_auto_legendary_02.rmdl,0,0,0,0,0,0,15,13,0,0
mdl/Weapons/p2011_auto/ptpov_p2011_auto_legendary_02.rmdl,0,0,0,0,0,0,17,108,0,0
mdl/Weapons/p2011_auto/w_p2011_auto_legendary_03.rmdl,0,0,0,0,0,0,15,13,0,0
mdl/Weapons/p2011_auto/ptpov_p2011_auto_legendary_03.rmdl,0,0,0,0,0,0,17,108,0,0
mdl/Weapons/p2011_auto/w_p2011_auto_bf.rmdl,0,0,0,0,0,0,15,13,0,0
mdl/Weapons/p2011_auto/ptpov_p2011_auto_bf.rmdl,0,0,0,0,0,0,17,108,0,0
mdl/Weapons/hemlock_br/w_hemlock_br_legendary_01.rmdl,0,0,0,0,0,0,14,13,0,0
mdl/Weapons/hemlock_br/ptpov_hemlock_br_legendary_01.rmdl,0,0,0,0,0,0,16,112,0,0
mdl/Weapons/hemlock_br/w_hemlock_br_legendary_02.rmdl,0,0,0,0,0,0,14,13,0,0
mdl/Weapons/hemlock_br/ptpov_hemlock_br_legendary_02.rmdl,0,0,0,0,0,0,16,107,0,0
mdl/Weapons/hemlock_br/w_hemlock_br_holloween_2019.rmdl,0,0,0,0,0,0,14,13,0,0
mdl/Weapons/hemlock_br/ptpov_hemlock_br_holloween_2019.rmdl,0,0,0,0,0,0,16,107,0,0
mdl/Weapons/rspn101_dmr/w_rspn101_dmr_legendary_02.rmdl,0,0,0,0,0,0,19,16,0,0
mdl/Weapons/rspn101_dmr/ptpov_rspn101_dmr_legendary_02.rmdl,0,0,0,0,0,0,20,113,0,0
mdl/Weapons/rspn101_dmr/w_rspn101_dmr_legendary_05.rmdl,0,0,0,0,0,0,19,16,0,0
mdl/Weapons/rspn101_dmr/ptpov_rspn101_dmr_legendary_05.rmdl,0,0,0,0,0,0,20,114,0,0
mdl/Weapons/rspn101_dmr/w_rspn101_dmr_s03bp.rmdl,0,0,0,0,0,0,19,16,0,0
mdl/Weapons/rspn101_dmr/ptpov_rspn101_dmr_s03bp.rmdl,0,0,0,0,0,0,20,112,0,0
mdl/Weapons/w1128/w_w1128_legendary_02.rmdl,0,0,0,0,0,0,15,14,0,0
mdl/Weapons/w1128/ptpov_w1128_legendary_02.rmdl,0,0,0,0,0,0,17,111,0,0
mdl/Weapons/vinson/w_vinson_legendary_01.rmdl,0,0,0,0,0,0,14,14,0,0
mdl/Weapons/vinson/ptpov_vinson_legendary_01.rmdl,0,0,0,0,0,0,15,110,0,0
mdl/Weapons/vinson/w_vinson_legendary_02.rmdl,0,0,0,0,0,0,14,14,0,0
mdl/Weapons/vinson/ptpov_vinson_legendary_02.rmdl,0,0,0,0,0,0,15,112,0,0
mdl/Weapons/vinson/w_vinson_halloween_2019.rmdl,0,0,0,0,0,0,14,14,0,0
mdl/Weapons/vinson/ptpov_vinson_halloween_2019.rmdl,0,0,0,0,0,0,15,111,0,0
mdl/weapons/g2/w_g2a4_legendary_01.rmdl,0,0,0,0,0,0,18,16,0,0
mdl/weapons/g2/ptpov_g2a4_legendary_01.rmdl,0,0,0,0,0,0,20,113,0,0
mdl/weapons/g2/w_g2a4_legendary_02.rmdl,0,0,0,0,0,0,18,16,0,0
mdl/weapons/g2/ptpov_g2a4_legendary_02.rmdl,0,0,0,0,0,0,20,115,0,0
mdl/Weapons/g2/w_g2a4_bf.rmdl,0,0,0,0,0,0,18,16,0,0
mdl/Weapons/g2/ptpov_g2a4_bf.rmdl,0,0,0,0,0,0,20,115,0,0
mdl/Weapons/m1a1_hemlok/w_hemlok_legendary_03.rmdl,0,0,0,0,0,0,15,12,0,0
mdl/Weapons/m1a1_hemlok/ptpov_hemlok_legendary_03.rmdl,0,0,0,0,0,0,16,107,0,0
mdl/Weapons/m1a1_hemlok/w_hemlok_legendary_02.rmdl,0,0,0,0,0,0,15,12,0,0
mdl/Weapons/m1a1_hemlok/ptpov_hemlok_legendary_02.rmdl,0,0,0,0,0,0,16,107,0,0
mdl/Weapons/m1a1_hemlok/w_hemlok_legendary_06.rmdl,0,0,0,0,0,0,15,12,0,0
mdl/Weapons/m1a1_hemlok/ptpov_hemlok_legendary_06.rmdl,0,0,0,0,0,0,16,107,0,0
mdl/Weapons/at_rifle/w_at_rifle_legendary_01.rmdl,0,0,0,0,0,0,18,17,0,0
mdl/Weapons/at_rifle/ptpov_at_rifle_legendary_01.rmdl,0,0,0,0,0,0,20,116,0,0
mdl/Weapons/at_rifle/w_at_rifle_raygun.rmdl,0,0,0,0,0,0,18,17,0,0
mdl/Weapons/at_rifle/ptpov_at_rifle_raygun.rmdl,0,0,0,0,0,0,20,112,0,0
mdl/Weapons/mastiff_stgn/w_mastiff_legendary_01.rmdl,0,0,0,0,0,0,15,14,0,0
mdl/Weapons/mastiff_stgn/ptpov_mastiff_legendary_01.rmdl,0,0,0,0,0,0,18,117,0,0
mdl/Weapons/mastiff_stgn/w_mastiff_legendary_02.rmdl,0,0,0,0,0,0,15,14,0,0
mdl/Weapons/mastiff_stgn/ptpov_mastiff_legendary_02.rmdl,0,0,0,0,0,0,18,116,0,0
mdl/Weapons/pstl_sa3/w_pstl_sa3_legendary_01.rmdl,0,0,0,0,0,0,15,18,0,0
mdl/Weapons/pstl_sa3/ptpov_pstl_sa3_legendary_01.rmdl,0,0,0,0,0,0,16,113,0,0
mdl/Weapons/pstl_sa3/w_pstl_sa3_legendary_02.rmdl,0,0,0,0,0,0,15,18,0,0
mdl/Weapons/pstl_sa3/ptpov_pstl_sa3_legendary_02.rmdl,0,0,0,0,0,0,16,114,0,0
mdl/Weapons/pstl_sa3/w_pstl_sa3_legendary_05.rmdl,0,0,0,0,0,0,15,18,0,0
mdl/Weapons/pstl_sa3/ptpov_pstl_sa3_legendary_05.rmdl,0,0,0,0,0,0,16,112,0,0
mdl/Weapons/prowler_smg/w_prowler_smg_legendary_01.rmdl,0,0,0,0,0,0,17,13,0,0
mdl/Weapons/prowler_smg/ptpov_prowler_smg_legendary_01.rmdl,0,0,0,0,0,0,17,110,0,0
mdl/Weapons/prowler_smg/w_prowler_smg_legendary_02.rmdl,0,0,0,0,0,0,17,13,0,0
mdl/Weapons/prowler_smg/ptpov_prowler_smg_legendary_02.rmdl,0,0,0,0,0,0,17,110,0,0
mdl/Weapons/prowler_smg/w_prowler_smg_halloween.rmdl,0,0,0,0,0,0,17,13,0,0
mdl/Weapons/prowler_smg/ptpov_prowler_smg_halloween.rmdl,0,0,0,0,0,0,17,108,0,0
mdl/Weapons/peacekeeper/w_peacekeeper_legendary_01.rmdl,0,0,0,0,0,0,16,14,0,0
mdl/Weapons/peacekeeper/ptpov_peacekeeper_legendary_01.rmdl,0,0,0,0,0,0,17,110,0,0
mdl/Weapons/peacekeeper/w_peacekeeper_legendary_02.rmdl,0,0,0,0,0,0,16,14,0,0
mdl/Weapons/peacekeeper/ptpov_peacekeeper_legendary_02.rmdl,0,0,0,0,0,0,18,110,0,0
mdl/Weapons/peacekeeper/w_peacekeeper_bf.rmdl,0,0,0,0,0,0,16,14,0,0
mdl/Weapons/peacekeeper/ptpov_peacekeeper_bf.rmdl,0,0,0,0,0,0,17,110,0,0
mdl/Weapons/peacekeeper/w_peacekeeper_legendary_06.rmdl,0,0,0,0,0,0,18,14,0,0
mdl/Weapons/peacekeeper/ptpov_peacekeeper_legendary_06.rmdl,0,0,0,0,0,0,18,109,0,0
mdl/Weapons/r97/w_r97_legendary_02.rmdl,0,0,0,0,0,0,16,13,0,0
mdl/Weapons/r97/ptpov_r97_legendary_02.rmdl,0,0,0,0,0,0,18,109,0,0
mdl/Weapons/r97/w_r97_legendary_05.rmdl,0,0,0,0,0,0,16,13,0,0
mdl/Weapons/r97/ptpov_r97_legendary_05.rmdl,0,0,0,0,0,0,18,109,0,0
mdl/Weapons/r97/w_r99_legendary_06.rmdl,0,0,0,0,0,0,16,13,0,0
mdl/Weapons/r97/ptpov_r99_legendary_06.rmdl,0,0,0,0,0,0,18,116,0,0
mdl/Weapons/rspn101/w_rspn101_legendary_01.rmdl,0,0,0,0,0,0,14,18,0,0
mdl/Weapons/rspn101/ptpov_rspn101_legendary_01.rmdl,0,0,0,0,0,0,16,112,0,0
mdl/Weapons/rspn101/w_rspn101_legendary_02.rmdl,0,0,0,0,0,0,14,18,0,0
mdl/Weapons/rspn101/ptpov_rspn101_legendary_02.rmdl,0,0,0,0,0,0,16,112,0,0
mdl/Weapons/rspn101/w_rspn101_beast_hunter.rmdl,0,0,0,0,0,0,14,18,0,0
mdl/Weapons/rspn101/ptpov_rspn101_beast_hunter.rmdl,0,0,0,0,0,0,16,117,0,0
mdl/Weapons/rspn101/w_rspn101_legendary_07.rmdl,0,0,0,0,0,0,14,18,0,0
mdl/Weapons/rspn101/ptpov_rspn101_legendary_07.rmdl,0,0,0,0,0,0,16,112,0,0
mdl/Weapons/lmg_hemlok/w_lmg_hemlok_legendary_01.rmdl,0,0,0,0,0,0,15,13,0,0
mdl/Weapons/lmg_hemlok/ptpov_lmg_hemlok_legendary_01.rmdl,0,0,0,0,0,0,16,107,0,0
mdl/Weapons/lmg_hemlok/w_lmg_hemlok_legendary_02.rmdl,0,0,0,0,0,0,15,13,0,0
mdl/Weapons/lmg_hemlok/ptpov_lmg_hemlok_legendary_02.rmdl,0,0,0,0,0,0,16,107,0,0
mdl/Weapons/lmg_hemlok/w_lmg_hemlok_bh.rmdl,0,0,0,0,0,0,15,13,0,0
mdl/Weapons/lmg_hemlok/ptpov_lmg_hemlok_bh.rmdl,0,0,0,0,0,0,16,112,0,0
mdl/Weapons/lmg_hemlok/w_lmg_hemlok_legendary_06.rmdl,0,0,0,0,0,0,15,14,0,0
mdl/Weapons/lmg_hemlok/ptpov_lmg_hemlok_legendary_06.rmdl,0,0,0,0,0,0,16,107,0,0
mdl/Weapons/doubletake/w_doubletake_legendary_01.rmdl,0,0,0,0,0,0,18,18,0,0
mdl/Weapons/doubletake/ptpov_doubletake_legendary_01.rmdl,0,0,0,0,0,0,22,124,0,0
mdl/Weapons/doubletake/w_doubletake_legendary_02.rmdl,0,0,0,0,0,0,18,18,0,0
mdl/Weapons/doubletake/ptpov_doubletake_legendary_02.rmdl,0,0,0,0,0,0,22,113,0,0
mdl/Weapons/doubletake/w_doubletake_s1_beast_hunter.rmdl,0,0,0,0,0,0,18,18,0,0
mdl/Weapons/doubletake/ptpov_doubletake_s1_beast_hunter.rmdl,0,0,0,0,0,0,22,115,0,0
mdl/Weapons/doubletake/w_doubletake_halloween.rmdl,0,0,0,0,0,0,19,18,0,0
mdl/Weapons/doubletake/ptpov_doubletake_halloween.rmdl,0,0,0,0,0,0,22,112,0,0
mdl/Weapons/b3wing/w_b3wing_legendary_01.rmdl,0,0,0,0,0,0,15,17,0,0
mdl/Weapons/b3wing/ptpov_b3wing_legendary_01.rmdl,0,0,0,0,0,0,16,119,0,0
mdl/Weapons/b3wing/w_b3wing_legendary_02.rmdl,0,0,0,0,0,0,15,17,0,0
mdl/Weapons/b3wing/ptpov_b3wing_legendary_02.rmdl,0,0,0,0,0,0,16,117,0,0
mdl/Weapons/b3wing/w_b3wing_legendary_05.rmdl,0,0,0,0,0,0,15,17,0,0
mdl/Weapons/b3wing/ptpov_b3wing_legendary_05.rmdl,0,0,0,0,0,0,16,118,0,0
mdl/Weapons/b3wing/w_b3wing_halloween.rmdl,0,0,0,0,0,0,15,17,0,0
mdl/Weapons/b3wing/ptpov_b3wing_halloween.rmdl,0,0,0,0,0,0,16,118,0,0
mdl/Weapons/beam_ar/w_beam_ar_legendary_01.rmdl,0,0,0,0,0,0,14,12,0,0
mdl/Weapons/beam_ar/ptpov_beam_ar_legendary_01.rmdl,0,0,0,0,0,0,16,109,0,0
mdl/Weapons/beam_ar/w_beam_ar_legendary_02.rmdl,0,0,0,0,0,0,14,12,0,0
mdl/Weapons/beam_ar/ptpov_beam_ar_legendary_02.rmdl,0,0,0,0,0,0,16,109,0,0
mdl/Weapons/beam_ar/w_beam_ar_halloween.rmdl,0,0,0,0,0,0,14,12,0,0
mdl/Weapons/beam_ar/ptpov_beam_ar_halloween.rmdl,0,0,0,0,0,0,16,109,0,0
mdl/Weapons/lstar/w_lstar_legendary_01.rmdl,0,0,0,0,0,0,15,15,0,0
mdl/Weapons/lstar/ptpov_lstar_legendary_01.rmdl,0,0,0,0,0,0,16,125,0,0
mdl/Weapons/lstar/w_lstar_legendary_02.rmdl,0,0,0,0,0,0,15,15,0,0
mdl/Weapons/lstar/ptpov_lstar_legendary_02.rmdl,0,0,0,0,0,0,16,124,0,0
mdl/Weapons/defender/w_defender_legendary_01.rmdl,0,0,0,0,0,0,19,16,0,0
mdl/Weapons/defender/ptpov_defender_legendary_01.rmdl,0,0,0,0,0,0,21,135,0,0
mdl/Weapons/defender/w_defender_legendary_04.rmdl,0,0,0,0,0,0,17,17,0,0
mdl/Weapons/defender/ptpov_defender_legendary_04.rmdl,0,0,0,0,0,0,20,135,0,0
mdl/door/door_104x64x8_elevatorstyle01_right_animated.rmdl,0,0,0,0,0,0,1,3,0,0
mdl/door/canyonlands_door_single_02_damaged.rmdl,157470,5915,6099,78386,3121,2983,1,1,5,3
mdl/vehicle/goblin_dropship/goblin_dropship.rmdl,0,0,0,0,0,0,2,66,0,0
mdl/vehicles_r2/spacecraft/draconis/draconis_flying_small.rmdl,0,0,0,0,0,0,1,1,0,0
mdl/levels_terrain/mp_lobby/mp_setting_menu.rmdl,17988,828,465,17988,828,465,1,1,1,2
mdl/weapons/sentinel/ptpov_sentinel.rmdl,0,0,0,0,0,0,20,137,0,0
mdl/weapons/sentinel/w_sentinel.rmdl,0,0,0,0,0,0,19,17,0,0
mdl/weapons/rampart_turret/ptpov_rampart_turret_new.rmdl,0,0,0,0,0,0,2,162,0,0
mdl/weapons/rampart_turret/w_rampart_turret.rmdl,0,0,0,0,0,0,1,14,0,0
mdl/flowstate_custom/ptpov_lightninggun.rmdl,0,0,0,0,0,0,1,114,0,0
mdl/flowstate_custom/w_lightninggun.rmdl,0,0,0,0,0,0,1,15,0,0
mdl/weapons_r5/loot/_master/w_loot_wep_ammo_sc.rmdl,51876,1414,1356,35480,1028,916,1,1,3,1
mdl/weapons_r5/loot/_master/w_loot_wep_ammo_nrg.rmdl,35684,774,970,22972,522,620,1,1,3,1
mdl/weapons_r5/loot/_master/w_loot_wep_ammo_shg.rmdl,70592,1648,1897,48632,1172,1300,1,1,3,1
mdl/weapons_r5/loot/_master/w_loot_wep_ammo_hc.rmdl,37760,1076,1118,25632,772,750,1,1,3,1
mdl/weapons_r5/loot/w_loot_wep_iso_ultimate_accelerant.rmdl,44212,1522,1754,27904,1004,1094,1,1,3,1
mdl/weapons_r5/loot/_master/w_loot_cha_shield_upgrade_head_v1.rmdl,65728,2564,1798,50676,2006,1380,1,1,2,2
mdl/weapons_r5/loot/_master/w_loot_cha_shield_upgrade_body_v1.rmdl,94022,2921,2732,68900,2164,1997,1,1,2,2
mdl/weapons_r5/loot/_master/w_loot_cha_shield_upgrade_body_v1_lvl5.rmdl,94022,2921,2732,68900,2164,1997,1,1,2,2
mdl/weapons_r5/loot/_master/w_loot_cha_shield_upgrade_body_v1_lvl6.rmdl,94022,2921,2732,68900,2164,1997,1,1,2,2
mdl/weapons_r5/loot/_master/w_loot_cha_shield_upgrade_body_v1_lvl7.rmdl,94022,2921,2732,68900,2164,1997,1,1,2,2
mdl/weapons_r5/loot/w_loot_wep_iso_shield_down_v1.rmdl,71220,2030,2952,39096,1156,1608,1,1,4,1
mdl/humans_r5/loot/w_loot_char_backpack_light.rmdl,20108,858,748,12324,584,441,1,1,3,1
mdl/humans_r5/loot/w_loot_char_backpack_medium.rmdl,26768,1178,985,16320,750,591,1,1,3,1
mdl/humans_r5/loot/w_loot_char_backpack_heavy.rmdl,82862,3557,3076,51776,2396,1870,1,1,4,1
mdl/weapons/grenades/w_loot_m20_f_grenade_projectile.rmdl,58814,2419,2215,34228,1478,1268,1,1,4,1
mdl/weapons_r5/loot/w_loot_wep_iso_shuriken.rmdl,17828,598,712,12784,444,506,1,1,4,1
mdl/weapons_r5/loot/_master/w_loot_wep_mods_optic_cq_hcog_r1.rmdl,25906,547,808,18286,397,568,1,1,2,2
mdl/weapons_r5/loot/_master/w_loot_wep_mods_optic_cq_hcog_r2.rmdl,19250,385,605,14092,286,442,1,1,2,2
mdl/weapons_r5/loot/_master/w_loot_wep_mods_optic_cq_holo_var.rmdl,40120,802,1261,25954,541,811,1,1,2,2
mdl/weapons_r5/loot/_master/w_loot_wep_mods_optic_cq_holo_var_2x.rmdl,45728,934,1433,29778,637,927,1,1,2,2
mdl/weapons_r5/loot/_master/w_loot_wep_mods_optic_cq_threat.rmdl,27968,648,860,18584,442,569,1,1,2,2
mdl/weapons_r5/loot/_master/w_loot_wep_mods_optic_rng_hcog_acgs.rmdl,48368,1122,1487,30058,721,919,1,1,2,2
mdl/weapons_r5/loot/_master/w_loot_wep_mods_optic_rng_aog_var_r1.rmdl,46140,1054,1422,33494,785,1028,1,1,2,2
mdl/weapons_r5/loot/_master/w_loot_wep_mods_optic_sni_dcom.rmdl,75672,1776,2322,49704,1200,1518,1,1,2,2
mdl/weapons_r5/loot/_master/w_loot_wep_mods_optic_sni_var_talon.rmdl,50882,1135,1574,35354,801,1091,1,1,2,2
mdl/weapons_r5/loot/_master/w_loot_wep_mods_optic_sni_threat_wyeon.rmdl,94812,2502,2850,67406,1817,2018,1,1,2,3
mdl/weapons_r5/loot/_master/w_loot_wep_mods_suppr_v2b.rmdl,14204,384,425,9204,260,273,1,1,2,1
mdl/weapons_r5/loot/_master/w_loot_wep_mods_suppr_v1b.rmdl,14856,432,438,10640,308,314,1,1,2,1
mdl/weapons_r5/loot/_master/w_loot_wep_mods_lasersight_v1.rmdl,6864,284,258,6864,284,258,1,1,1,1
mdl/weapons_r5/loot/_master/w_loot_wep_mods_mag_v1b.rmdl,21144,486,651,12804,300,393,1,1,2,1
mdl/weapons_r5/loot/_master/w_loot_wep_mods_mag_v2b.rmdl,17608,466,529,10768,306,319,1,1,2,1
mdl/weapons_r5/loot/_master/w_loot_wep_mods_mag_energy_v1.rmdl,10492,274,316,7168,196,214,1,1,2,1
mdl/weapons_r5/loot/_master/w_loot_wep_mods_mag_sniper_v1.rmdl,18170,485,545,12790,363,379,1,1,2,1
mdl/weapons_r5/loot/_master/w_loot_wep_mods_mag_v3b.rmdl,44212,1176,1327,33976,926,1015,1,1,2,1
mdl/weapons_r5/loot/w_loot_wep_iso_stock_folded_regular.rmdl,44564,1764,1699,23656,1006,881,1,1,4,1
mdl/weapons_r5/loot/w_loot_wep_iso_stock_folded_sniper.rmdl,44036,1816,1657,23624,1024,874,1,1,4,1
mdl/weapons_r5/loot/_master/w_loot_wep_mods_chip.rmdl,22264,598,667,14626,417,433,1,1,2,1
mdl/weapons_r5/loot/_master/w_loot_msc_keycard_v1.rmdl,13400,348,404,6700,174,202,1,1,2,3
mdl/props/death_box/death_box_01.rmdl,0,0,0,0,0,0,1,1,0,0
mdl/props/death_box/death_box_02.rmdl,2728,88,110,2728,88,110,1,1,1,1
mdl/props/health_injector/health_injector.rmdl,0,0,0,0,0,0,1,6,0,0
mdl/props/global_access_panel_button/global_access_panel_button_console_w_stand.rmdl,302634,9303,10284,144834,4839,4825,1,1,3,5
mdl/barriers/shooting_range_target_02_stand.rmdl,27624,744,1158,14664,404,612,1,1,3,1
mdl/vehicle/droppod_loot/droppod_loot_animated.rmdl,0,0,0,0,0,0,1,77,0,0
mdl/Creatures/flyer/flyer_kingscanyon_animated.rmdl,0,0,0,0,0,0,1,138,0,0
mdl/props/loot_drone/loot_drone.rmdl,0,0,0,0,0,0,1,3,0,0
mdl/levels_terrain/mp_lobby/mp_character_select_geo.rmdl,92,2,4,92,2,4,1,1,1,1
mdl/levels_terrain/mp_lobby/mp_character_select_smoke.rmdl,12864,512,306,12864,512,306,1,1,1,1
mdl/vehicles_r5/land/msc_suv_partum/veh_land_msc_suv_partum_static.rmdl,608372,21762,23890,296186,11621,11323,1,1,5,2
mdl/weapons/bullets/projectile_40mm.rmdl,2140,100,77,2140,100,77,1,1,1,1
mdl/props/loot_bin/loot_bin_01_animated.rmdl,1005186,29967,29478,447888,13776,13044,1,4,4,2
mdl/props/crypto_drone/crypto_drone.rmdl,0,0,0,0,0,0,1,14,0,0
mdl/robotics_r2/turret_plasma/plasma_turret_pc_1.rmdl,63380,2980,2275,63380,2980,2275,1,1,1,1
mdl/robotics_r2/turret_plasma/plasma_turret_pc_2.rmdl,15536,726,559,15536,726,559,1,1,1,1
mdl/robotics_r2/turret_plasma/plasma_turret_pc_3.rmdl,51336,2416,1842,51336,2416,1842,1,1,1,1
mdl/fx/ar_survival_cylinder.rmdl,50640,2400,1510,50640,2400,1510,1,1,1,2
mdl/fx/ar_radiusmarker.rmdl,37848,1540,894,37848,1540,894,1,1,1,1
mdl/props/global_access_panel_button/global_access_panel_button_wall.rmdl,42402,943,1531,33498,731,1213,1,1,3,3
mdl/fx/xo_shield_wall.rmdl,15984,296,592,15984,296,592,1,1,1,1
mdl/fx/turret_shield_wall.rmdl,26784,496,992,26784,496,992,1,1,1,1
mdl/test/roger_test/grapple_swtich_lever_dev.rmdl,0,0,0,0,0,0,1,1,0,0
mdl/test/roger_test/grapple_swtich_large_lever_dev.rmdl,0,0,0,0,0,0,1,1,0,0
mdl/fx/bb_shield.rmdl,141884,6878,3592,141884,6878,3592,1,1,1,2
mdl/weapons/data_knife/v_data_knife.rmdl,0,0,0,0,0,0,1,4,0,0
mdl/vehicle/hovership/hovership_platform_mp.rmdl,0,0,0,0,0,0,1,19,0,0
mdl/vehicle/hovership/hovership_turret.rmdl,0,0,0,0,0,0,1,6,0,0
mdl/creatures/bird/bird.rmdl,0,0,0,0,0,0,1,102,0,0
mdl/Weapons/bullets/projectile_rocket_launcher_sram.rmdl,0,0,0,0,0,0,1,5,0,0
mdl/industrial/gun_rack_arm_down.rmdl,19550,655,781,19550,655,781,1,1,1,1
mdl/rocks/victory_platform.rmdl,392376,14102,12647,392376,14102,12647,1,1,1,4
mdl/door/canyonlands_door_single_02.rmdl,157390,5915,6095,78386,3121,2983,1,1,5,3
mdl/robots/marvin/marvin_base_v2.rmdl,29284,874,1202,29284,874,1202,1,1,1,1
mdl/IMC_base/imc_fan_large_01_animated.rmdl,4960,178,139,4960,178,139,1,2,1,1
mdl/door/door_256x256x8_elevatorstyle02_animated.rmdl,672194,17201,20321,290412,7606,8742,1,3,4,2
mdl/Robots/mobile_hardpoint/mobile_hardpoint_static.rmdl,1170564,42854,45672,614152,23742,23585,1,1,5,2
mdl/test/cory_test/vehicle_skiff_proxytest.rmdl,29284,874,1202,29284,874,1202,1,1,1,1
mdl/olympus/olympus_vehicle_base.rmdl,112104,3176,3877,73758,2013,2570,1,1,3,8
mdl/beacon/beacon_construction_flag_animated.rmdl,3824,136,94,3824,136,94,1,33,1,1
mdl/beacon/beacon_construction_flag_large_animated.rmdl,3824,136,94,3824,136,94,1,33,1,1
mdl/props/pathfinder_beacon_radar/pathfinder_beacon_radar_animated.rmdl,463644,12510,13878,234540,6750,6930,1,18,4,1
mdl/props/crafting_siphon/crafting_siphon.rmdl,29284,874,1202,29284,874,1202,1,1,1,1
mdl/props/crafting_replicator/crafting_replicator.rmdl,29284,874,1202,29284,874,1202,1,1,1,1
mdl/levels_terrain/mp_rr_olympus/olympus_path_tt_jumbotron_screen_ad_01.rmdl,4032,128,136,4032,128,136,1,1,1,1
mdl/levels_terrain/mp_rr_olympus/olympus_path_tt_jumbotron_screen_ko_01.rmdl,4032,128,136,4032,128,136,1,1,1,1
mdl/signs/olympus_ad_sign_0333_dynamic.rmdl,556,18,16,556,18,16,1,1,1,1
mdl/vistas/olympus_mu1_spaceship.rmdl,2590260,86054,86414,2590260,86054,86414,1,1,1,4
mdl/IMC_base/door_lock_large_IMC_01.rmdl,29284,874,1202,29284,874,1202,1,1,1,1
mdl/signs/olympus_ad_sign_05.rmdl,1188,30,36,1188,30,36,1,1,1,1
mdl/signs/olympus_ad_sign_blockout_01.rmdl,226,5,7,226,5,7,1,1,1,1
mdl/eden/beacon_small_screen_02_off.rmdl,18572,442,796,18572,442,796,1,1,1,1
mdl/props/ultimate_accelerant_usb/ultimate_accelerant_usb_static.rmdl,50924,1854,1990,19052,762,724,1,1,4,1
mdl/props/grunt_ear/prop_grunt_ear_animated.rmdl,0,0,0,0,0,0,1,2,0,0
mdl/Weapons/p2011/p2011_static.rmdl,108204,3464,4371,45124,1474,1814,1,1,5,1
mdl/weapons_r2/longbow_dmr/longbow_dmr.rmdl,174340,4890,7250,98692,2932,4055,1,1,4,1
mdl/industrial/screwdriver_octane.rmdl,4528,208,164,4528,208,164,1,1,1,1
mdl/Weapons/drumstick/w_baton_lifeline.rmdl,0,0,0,0,0,0,1,5,0,0
mdl/props/lifeline_needle/lifeline_needle.rmdl,0,0,0,0,0,0,1,2,0,0
mdl/props/caustic_flask/caustic_flask.rmdl,11172,552,393,11172,552,393,1,1,1,1
mdl/Weapons/p2011/p2011_handgun_ab_01.rmdl,119132,3756,4825,119132,3756,4825,1,1,1,3
mdl/Weapons/p2011_auto/p2011_auto_static.rmdl,93968,2528,3940,31748,868,1327,1,1,5,1
mdl/Weapons/octane_epipen/w_octane_epipen.rmdl,0,0,0,0,0,0,1,5,0,0
mdl/Weapons/peacekeeper/w_peacekeeper_caustic.rmdl,0,0,0,0,0,0,16,17,0,0
mdl/props/skull/skull_gladcard.rmdl,145472,8772,4642,145472,8772,4642,1,1,1,1
mdl/props/octane_wrench/octane_wrench_menu_static.rmdl,23216,1256,784,23216,1256,784,1,1,1,1
mdl/weapons/maori_club/maori_club_glad_card.rmdl,132500,6030,4816,50940,2500,1797,1,1,4,1
mdl/Weapons/maori_club/w_maori_club.rmdl,0,0,0,0,0,0,1,1,0,0
mdl/Weapons/grenades/octane_frag_grenade.rmdl,0,0,0,0,0,0,1,24,0,0
mdl/weapons_r5/r301/r301.rmdl,229114,6169,9605,138412,4192,5663,1,1,4,2
mdl/Weapons/drumstick/w_drumstick.rmdl,0,0,0,0,0,0,1,2,0,0
mdl/props/wattson_electric_fence/wattson_electric_fence_fx.rmdl,0,0,0,0,0,0,1,11,0,0
mdl/props/wattson_trophy_system/wattson_trophy_system_gladcard.rmdl,0,0,0,0,0,0,1,28,0,0
mdl/props/death_box/death_box_01_gladcard.rmdl,61588,2188,2423,61588,2188,2423,1,1,1,1
mdl/props/ultimate_accelerant/ultimate_accelerant.rmdl,0,0,0,0,0,0,1,3,0,0
mdl/props/wattson_rock/wattson_rock.rmdl,0,0,0,0,0,0,1,3,0,0
mdl/Weapons/at_rifle/w_at_rifle_bloodhound.rmdl,0,0,0,0,0,0,19,17,0,0
mdl/weapons/wingman_elite/w_wingman_elite.rmdl,0,0,0,0,0,0,7,14,0,0
mdl/Weapons/crypto_puzzle_remote/ptpov_crypto_puzzle_remote_gladcards.rmdl,0,0,0,0,0,0,1,8,0,0
mdl/Weapons/crypto_puzzle_remote/ptpov_crypto_puzzle_remote_menu.rmdl,0,0,0,0,0,0,1,16,0,0
mdl/props/flask/prop_flask.rmdl,22708,918,860,22708,918,860,1,1,1,1
mdl/weapons/data_knife/data_knife.rmdl,0,0,0,0,0,0,1,2,0,0
mdl/props/shield_battery/shield_battery.rmdl,0,0,0,0,0,0,1,4,0,0
mdl/props/health_packs/health_pack_small.rmdl,0,0,0,0,0,0,1,2,0,0
mdl/props/health_packs/health_pack_large.rmdl,0,0,0,0,0,0,1,2,0,0
mdl/Weapons/kunai/w_kunai_wraith.rmdl,0,0,0,0,0,0,1,3,0,0
mdl/props/drumstick/drumstick.rmdl,0,0,0,0,0,0,1,3,0,0
mdl/Weapons/g2/v_g2a4_bangalore.rmdl,0,0,0,0,0,0,18,21,0,0
mdl/Weapons/bloodhound_axe/ptpov_bloodhound_axe.rmdl,0,0,0,0,0,0,1,93,0,0
mdl/humans/class/medium/pilot_medium_generic.rmdl,0,0,0,0,0,0,2,71,0,0
mdl/props/tablet/tablet_mini.rmdl,54384,2024,2112,22424,914,847,1,1,4,2
mdl/props/tree_green_forest_01_kingscanyon/tree_green_forest_01_kingscanyon.rmdl,0,0,0,0,0,0,1,15,0,0
mdl/Weapons/grenades/ptpov_frag_grenade_menu.rmdl,0,0,0,0,0,0,1,24,0,0
mdl/props/wattson_trophy_system/wattson_trophy_system_emote.rmdl,0,0,0,0,0,0,1,24,0,0
mdl/weapons/burn_card/w_burn_card.rmdl,0,0,0,0,0,0,1,4,0,0
mdl/props/kunai/kunai.rmdl,0,0,0,0,0,0,1,3,0,0
mdl/Weapons/drumstick/ptpov_baton_lifeline_gladcard.rmdl,0,0,0,0,0,0,1,142,0,0
mdl/robotics_r5/tick_loot/tick_loot_pcs_body_01.rmdl,36972,1212,1485,36972,1212,1485,1,1,1,1
mdl/robotics_r5/tick_loot/tick_loot_pcs_panel_01.rmdl,11776,456,452,11776,456,452,1,1,1,1
mdl/robotics_r5/tick_loot/tick_loot_pcs_leg_01.rmdl,24272,1032,904,24272,1032,904,1,1,1,1
mdl/fx/wat_rock_pc_1_glow.rmdl,28280,404,808,28280,404,808,1,1,1,1
mdl/weapons/shellejects/shelleject_pistol.rmdl,7088,268,274,4088,168,154,1,1,4,1
mdl/weapons/bullets/projectile_shotgun.rmdl,5652,272,201,2252,112,79,1,1,3,1
mdl/weapons/caber_shot/caber_shot_thrown.rmdl,0,0,0,0,0,0,1,4,0,0
mdl/weapons/shellejects/shelleject_large_rifle.rmdl,12104,524,448,6448,288,236,1,1,4,1
mdl/weapons/shellejects/shelleject_assault_rifle.rmdl,8980,380,335,4896,216,180,1,1,4,1
mdl/fx/peacekeeper_legendary_frost.rmdl,93456,4328,2812,93456,4328,2812,1,1,1,1
mdl/weapons/bullets/bullet_rifle.rmdl,6300,280,231,4600,220,164,1,1,2,1
mdl/fx/energy_proj_round.rmdl,7104,288,168,7104,288,168,1,1,1,1
mdl/weapons/shellejects/shelleject_shotshell.rmdl,7088,268,274,4088,168,154,1,1,4,1
mdl/weapons/bullets/projectile_rocket.rmdl,0,0,0,0,0,0,1,1,0,0
mdl/fx/fx_gadget_screen_bh.rmdl,3360,136,106,3360,136,106,1,1,1,1
mdl/fx/pilot_shield_wall.rmdl,25920,480,960,25920,480,960,1,1,1,1
mdl/fx/pilot_shield_wall_01.rmdl,34272,784,1232,34272,784,1232,1,1,1,2
mdl/fx/pilot_shield_wall_02.rmdl,41088,960,1472,41088,960,1472,1,1,1,2
mdl/fx/pilot_shield_wall_03.rmdl,79872,1856,2864,79872,1856,2864,1,1,1,2
mdl/fx/phase_gate_edge.rmdl,3016,76,80,3016,76,80,1,1,1,1
mdl/fx/xo_emp_field_inner_only.rmdl,12400,360,320,12400,360,320,1,1,1,1
mdl/fx/xo_emp_field_inner.rmdl,35920,1080,920,35920,1080,920,1,1,1,2
mdl/fx/wraith_holo_fx_01.rmdl,466036,26326,15404,466036,26326,15404,1,1,1,2
mdl/fx/ar_artillerypulse_scan.rmdl,876,18,24,876,18,24,1,1,1,1
mdl/fx/ar_artillerypulse.rmdl,9968,360,244,9968,360,244,1,1,1,1
mdl/fx/sonar_pulse_cone.rmdl,10920,560,315,10920,560,315,1,1,1,1
mdl/fx/phase_gate_edge_rnd.rmdl,3016,76,80,3016,76,80,1,1,1,1
mdl/fx/phase_tunnel_geo.rmdl,12552,640,363,12552,640,363,1,1,1,1
mdl/fx/core_energy.rmdl,13340,760,439,13340,760,439,1,1,1,1
mdl/fx/ar_holopulse.rmdl,37848,1540,894,37848,1540,894,1,1,1,1
mdl/fx/watt_fence_post.rmdl,1208,48,46,1208,48,46,1,1,1,1
mdl/fx/watt_fence_base.rmdl,7738,263,308,7738,263,308,1,1,1,1
mdl/fx/trophy_system_spin.rmdl,24228,750,822,24228,750,822,1,1,1,1
mdl/fx/vortex_shield_sm.rmdl,5856,224,141,5856,224,141,1,1,1,1
mdl/fx/trophy_system_imp.rmdl,11328,544,336,11328,544,336,1,1,1,1
mdl/fx/watt_trophy_des_body.rmdl,7852,262,314,7852,262,314,1,1,1,1
mdl/fx/watt_trophy_des_base.rmdl,162296,6266,6235,162296,6266,6235,1,1,1,1
mdl/fx/watt_trophy_des_panel_1.rmdl,760,20,32,760,20,32,1,1,1,1
mdl/fx/watt_trophy_des_panel_2.rmdl,1032,32,42,1032,32,42,1,1,1,1
mdl/fx/watt_trophy_des_coil.rmdl,7914,299,306,7914,299,306,1,1,1,1
mdl/fx/watt_coil_on_spin.rmdl,5100,234,154,5100,234,154,1,1,1,1
mdl/fx/watt_coil_on_menu.rmdl,5712,280,168,5712,280,168,1,1,1,1
mdl/humans/grunts/imc_grunt_lmg_helmet.rmdl,51796,2626,1802,51796,2626,1802,1,1,1,2
mdl/humans/imc_pilot/male_br/imc_pilot_male_br_helmet_dam1a.rmdl,8914,349,341,8914,349,341,1,1,1,1
mdl/humans/imc_pilot/male_br/imc_pilot_male_br_helmet_dam1b.rmdl,19820,770,760,19820,770,760,1,1,1,1
mdl/humans/imc_pilot/male_br/imc_pilot_male_br_helmet_dam1c.rmdl,18536,726,709,18536,726,709,1,1,1,1
mdl/humans/imc_pilot/male_br/imc_pilot_male_br_helmet_dam1d.rmdl,9170,375,346,9170,375,346,1,1,1,1
mdl/metal_scraps/scrap_metal04.rmdl,1512,52,60,1512,52,60,1,1,1,1
mdl/humans/pilots/pilot_light_ged_m_head_gib.rmdl,0,0,0,0,0,0,1,1,0,0
mdl/gibs/titan_gibs/at_gib8_l_thigh2.rmdl,896,36,34,896,36,34,1,1,1,1
mdl/vehicle/goblin_dropship/goblin_dropship_debris_01.rmdl,848,28,34,848,28,34,1,1,1,1
mdl/gibs/titan_gibs/og_gib_r_forarm_d.rmdl,3592,142,137,3592,142,137,1,1,1,1
mdl/weapons/shellejects/shelleject_20mm.rmdl,14460,600,543,7984,324,302,1,1,4,1
mdl/fx/ar_impact_pilot.rmdl,22488,980,519,22488,980,519,1,1,1,1
mdl/fx/sonar_pulse_wave.rmdl,33296,1400,778,33296,1400,778,1,1,1,1
mdl/fx/ar_sonar_pulse_ground.rmdl,1548,30,57,1548,30,57,1,1,1,1
mdl/fx/fx_mirage_holo_emitter.rmdl,1980,70,65,1980,70,65,1,1,1,1
mdl/fx/wat_rock_light_pc_1.rmdl,2448,108,90,2448,108,90,1,1,1,1
mdl/fx/crypto_visor.rmdl,139908,3446,3726,81108,1870,2184,1,1,3,4
mdl/weapons_r5/misc_crypto_drone/crypto_drone_holo.rmdl,71604,2894,2712,71604,2894,2712,1,1,1,1
mdl/fx/crypto_visor_boot_swipe.rmdl,888,36,28,888,36,28,1,1,1,1
mdl/fx/crypto_visor_boot_tri.rmdl,40320,576,1152,40320,576,1152,1,1,1,1
mdl/fx/crypto_visor_terrain.rmdl,6036,316,207,6036,316,207,1,1,1,1
mdl/fx/crypto_visor_ui_rotate.rmdl,6364,264,239,6364,264,239,1,1,1,1
mdl/fx/crypto_button_01.rmdl,1584,40,42,1584,40,42,1,1,1,1
mdl/fx/crypto_button_02.rmdl,1584,40,42,1584,40,42,1,1,1,1
mdl/fx/crypto_button_03.rmdl,1584,40,42,1584,40,42,1,1,1,1
mdl/weapons_r5/misc_crypto_drone/crypto_drone_exhaust_t.rmdl,6024,224,234,6024,224,234,1,1,1,1
mdl/weapons_r5/misc_crypto_drone/crypto_drone_exhaust_b.rmdl,6604,274,248,6604,274,248,1,1,1,1
mdl/weapons_r5/misc_crypto_drone/crypto_drone_exhaust_r.rmdl,6048,238,231,6048,238,231,1,1,1,1
mdl/weapons_r5/misc_crypto_drone/crypto_drone_exhaust_l.rmdl,6048,238,231,6048,238,231,1,1,1,1
mdl/weapons_r5/misc_crypto_drone/crypto_puzzle_led.rmdl,17660,362,484,17660,362,484,1,1,1,3
mdl/weapons_r5/misc_crypto_drone/crypto_logo_holo.rmdl,12140,430,478,12140,430,478,1,1,1,1
mdl/fx/energy_ar_ship_glow_01.rmdl,56652,1894,1887,56652,1894,1887,1,1,1,1
mdl/fx/energy_ar_ship_glow_02.rmdl,12150,477,387,12150,477,387,1,1,1,1
mdl/fx/energy_ar_ship_glow_01_3p.rmdl,17982,697,575,17982,697,575,1,1,1,1
mdl/door/canyonlands_door_vfx_bl.rmdl,10988,418,424,10988,418,424,1,1,1,1
mdl/door/canyonlands_door_vfx_br.rmdl,7772,322,292,7772,322,292,1,1,1,1
mdl/door/canyonlands_door_vfx_c.rmdl,38840,1480,1498,38840,1480,1498,1,1,1,1
mdl/door/canyonlands_door_vfx_uc.rmdl,12020,490,454,12020,490,454,1,1,1,1
mdl/door/canyonlands_door_vfx_ul.rmdl,4034,149,157,4034,149,157,1,1,1,1
mdl/door/canyonlands_door_vfx_ur.rmdl,3318,123,129,3318,123,129,1,1,1,1
mdl/s2s/s2s_bridge_glass_shard.rmdl,984,20,36,984,20,36,1,1,1,2
mdl/door/canyonlands_door_vfx_l.rmdl,9524,324,379,9524,324,379,1,1,1,1
mdl/vehicle/goblin_dropship/goblin_dropship_holo.rmdl,78218,1923,3334,78218,1923,3334,1,1,1,1
mdl/fx/ar_marker_arrow_down.rmdl,4464,200,136,4464,200,136,1,1,1,1
mdl/fx/ar_hazard_ring_1.rmdl,22608,840,549,22608,840,549,1,1,1,1
mdl/vehicle/droppod_loot/droppod_loot_ll_holo7.rmdl,3548,58,100,3548,58,100,1,1,1,1
mdl/vehicle/droppod_loot/droppod_loot_ll_holo6.rmdl,5774,141,154,5774,141,154,1,1,1,1
mdl/vehicle/droppod_loot/droppod_loot_ll_holo5.rmdl,6772,126,188,6772,126,188,1,1,1,1
mdl/vehicle/droppod_loot/droppod_loot_ll_holo4.rmdl,15424,288,428,15424,288,428,1,1,1,1
mdl/vehicle/droppod_loot/droppod_loot_ll_holo3.rmdl,7754,135,217,7754,135,217,1,1,1,1
mdl/vehicle/droppod_loot/droppod_loot_ll_holo2.rmdl,5974,105,167,5974,105,167,1,1,1,1
mdl/vehicle/droppod_loot/droppod_loot_ll_holo1.rmdl,4836,70,138,4836,70,138,1,1,1,1
mdl/props/crypto_drone/crypto_drone_destoyed_01.rmdl,11252,502,412,11252,502,412,1,1,1,2
mdl/props/crypto_drone/crypto_drone_destoyed_02.rmdl,65876,2696,2485,65876,2696,2485,1,1,1,1
mdl/props/crypto_drone/crypto_drone_destoyed_03.rmdl,35944,1564,1328,35944,1564,1328,1,1,1,3
mdl/props/crypto_drone/crypto_drone_destoyed_04.rmdl,17076,736,633,17076,736,633,1,1,1,1
mdl/weapons_r5/weapon_tesla_trap/mp_weapon_tesla_trap_ar_link_radius.rmdl,6720,96,192,6720,96,192,1,1,1,1
mdl/vehicle/droppod_loot/droppod_loot_afterburners.rmdl,4356,126,150,4356,126,150,1,1,1,1
mdl/fx/loot_drone_exhaust.rmdl,2820,100,111,2820,100,111,1,1,1,1
mdl/weapons_r5/loot/loot_drone_destruction_wing.rmdl,5376,176,216,5376,176,216,1,1,1,1
mdl/weapons_r5/loot/loot_drone_destruction_tail.rmdl,9704,404,364,9704,404,364,1,1,1,1
mdl/weapons_r5/loot/loot_drone_destruction_body.rmdl,13176,566,489,13176,566,489,1,1,1,1
mdl/rocks/rock_small_02.rmdl,5648,178,229,5648,178,229,1,1,1,1
mdl/fx/crypto_drone_shield.rmdl,4224,200,126,4224,200,126,1,1,1,1
mdl/fx/ar_holoplane.rmdl,140,2,4,140,2,4,1,1,1,1
mdl/fx/emp_flare_ring.rmdl,17424,696,552,17424,696,552,1,1,1,1
mdl/fx/crypto_boot_holo.rmdl,92,2,4,92,2,4,1,1,1,1
mdl/fx/ar_crypto_emp_radius.rmdl,28764,1210,672,28764,1210,672,1,1,1,1
mdl/robots/drone_air_attack/drone_attack_pc_4.rmdl,68300,2620,2629,68300,2620,2629,1,1,1,1
mdl/robots/drone_air_attack/drone_attack_pc_3.rmdl,110720,4330,4237,110720,4330,4237,1,1,1,1
mdl/fx/xo_shield_wall_01.rmdl,33600,720,1098,33600,720,1098,1,1,1,3
mdl/fx/xo_shield_wall_02.rmdl,46864,984,1536,46864,984,1536,1,1,1,3
mdl/fx/xo_shield_wall_03.rmdl,25872,552,846,25872,552,846,1,1,1,3
mdl/fx/turret_shield_wall_01.rmdl,72860,1542,2385,72860,1542,2385,1,1,1,3
mdl/fx/turret_shield_wall_02.rmdl,120012,2490,3940,120012,2490,3940,1,1,1,3
mdl/fx/turret_shield_wall_03.rmdl,102668,2178,3360,102668,2178,3360,1,1,1,3
mdl/fx/bb_shield_p1.rmdl,16968,864,491,16968,864,491,1,1,1,1
mdl/fx/bb_shield_p2.rmdl,13200,640,390,13200,640,390,1,1,1,1
mdl/fx/bb_shield_p3.rmdl,17856,896,520,17856,896,520,1,1,1,1
mdl/fx/bb_shield_p4.rmdl,10872,512,325,10872,512,325,1,1,1,1
mdl/fx/bb_shield_p5.rmdl,10872,512,325,10872,512,325,1,1,1,1
mdl/vehicle/hovership/hovership_afterburner_main.rmdl,1944,52,68,1944,52,68,1,1,1,1
mdl/fx/ar_survival_radius_1x1.rmdl,48376,2052,1442,48376,2052,1442,1,1,1,3
mdl/fx/ar_survival_radius_1x5.rmdl,48376,2052,1442,48376,2052,1442,1,1,1,3
mdl/fx/ring_dmg_geo.rmdl,10632,512,315,10632,512,315,1,1,1,1
mdl/fx/wraith_portal_edge_lg.rmdl,11608,420,284,11608,420,284,1,1,1,1
mdl/fx/wraith_portal_center_lg.rmdl,11608,420,284,11608,420,284,1,1,1,1
mdl/weapons_r5/misc_crypto_drone/crypto_puzzle_led_w.rmdl,16624,344,455,16344,340,447,1,1,2,3
mdl/fx/wat_rock_pc_1.rmdl,2448,108,90,2448,108,90,1,1,1,1
mdl/rubble/concrete_chunk_med_01_body.rmdl,17356,526,710,17356,526,710,1,1,1,1
mdl/backwater/rock_set_backwater_02.rmdl,2696,136,94,2696,136,94,1,1,1,1
mdl/rocks/fract_chunk_small_03.rmdl,13952,472,556,13952,472,556,1,1,1,1
mdl/gibs/wood_gib01_lg.rmdl,14448,264,536,14448,264,536,1,1,1,1
mdl/gibs/human_gibs/gib_small_01.rmdl,3752,172,136,1800,80,66,1,1,4,1
mdl/fx/ar_marker_big_arrow_down.rmdl,11400,360,385,11400,360,385,1,1,1,1
mdl/fx/shield_edge_charged_fx.rmdl,1416,56,45,1416,56,45,1,1,1,1
mdl/fx/frag_grenade_glow_fx.rmdl,8720,280,220,8720,280,220,1,1,1,1
mdl/fx/drone_frag_hex_glow_fx.rmdl,80268,3394,1872,80268,3394,1872,1,1,1,1
mdl/fx/shield_edge_fx.rmdl,1416,56,45,1416,56,45,1,1,1,1
mdl/vehicle/dropship/dropship_afterburner.rmdl,2040,52,72,2040,52,72,1,1,1,1
mdl/fx/lifeline_drone_eye_red.rmdl,3400,160,122,3400,160,122,1,1,1,1
