Model,DataSize,Tris,Verts,DataSize (LOD0),Tris (LOD0),Verts (LOD0),Parts,Bones,LODs,Meshes
mdl/error.rmdl,29284,874,1202,29284,874,1202,1,1,1,1
mdl/dev/empty_model.rmdl,78,1,3,78,1,3,1,1,1,1
mdl/foliage/desertlands_alien_tree_leaf_large_01.rmdl,45288,2332,1304,24432,1288,696,1,1,4,1
mdl/desertlands/indust_struct_gondola_wires_02.rmdl,51600,2348,1563,35640,1656,1071,1,1,2,1
mdl/desertlands/indust_struct_gondola_wires_04.rmdl,33696,1584,1008,33696,1584,1008,1,1,1,1
mdl/desertlands/indust_struct_gondola_wires_01.rmdl,46872,2160,1413,33696,1584,1008,1,1,2,1
mdl/desertlands/indust_struct_cooling_tower_exterior_04.rmdl,11040,240,480,11040,240,480,1,1,1,1
mdl/desertlands/industrial_struct_bldg_02e.rmdl,23932,522,1040,17440,380,758,1,1,2,1
mdl/desertlands/industrial_struct_bldg_05d.rmdl,63870,1505,2742,39878,963,1705,1,1,4,2
mdl/colony/antenna_05_colony.rmdl,504126,15491,20559,190094,6129,7666,1,1,5,1
mdl/desertlands/indust_struct_cooling_tower_support_01.rmdl,5536,176,224,5536,176,224,1,1,1,1
mdl/thunderdome/survival_modular_flexscreens_04.rmdl,216,4,8,216,4,8,1,1,1,1
mdl/desertlands/indust_struct_gondola_platform_support_01.rmdl,10104,244,432,5848,148,248,1,1,2,1
mdl/desertlands/industrial_cargo_container_small_02.rmdl,200966,5811,8305,100744,3204,4076,1,1,5,4
mdl/desertlands/desertlands_train_track_wires_02.rmdl,2280,120,78,2280,120,78,1,1,1,1
mdl/desertlands/desertlands_train_track_wires_01.rmdl,5880,320,198,5880,320,198,1,1,1,1
mdl/desertlands/industrial_window_frame_ceiling_curved_01.rmdl,9616,216,416,7040,160,304,1,1,2,1
mdl/containers/storage_bin_rollup_door_closed.rmdl,50000,1460,2062,50000,1460,2062,1,1,1,1
mdl/desertlands/industrial_metal_frame_256x144_02.rmdl,65528,1668,2776,36288,968,1524,1,1,3,2
mdl/desertlands/industrial_metal_frame_wall_256x144_06.rmdl,20432,532,862,7976,236,328,1,1,4,1
mdl/desertlands/industrial_metal_frame_256x144_01.rmdl,39284,994,1666,21124,554,890,1,1,3,2
mdl/desertlands/industrial_window_frame_ceiling_curved_02.rmdl,4624,104,200,3520,80,152,1,1,2,1
mdl/desertlands/industrial_metal_base_support_01.rmdl,2354,49,103,1380,30,60,1,1,2,1
mdl/desertlands/industrial_metal_base_support_02.rmdl,2354,49,103,1380,30,60,1,1,2,1
mdl/desertlands/indust_struct_cooling_tower_doorway_01.rmdl,24412,642,1028,24412,642,1028,1,1,1,1
mdl/desertlands/desertlands_cafeteria_buffet_01.rmdl,87730,2875,3524,55194,1939,2178,1,1,4,2
mdl/desertlands/industrial_window_frame_wall_curved_01.rmdl,4440,100,192,3152,72,136,1,1,2,1
mdl/desertlands/industrial_door_frame_trim_192_01.rmdl,1104,24,48,1104,24,48,1,1,1,1
mdl/desertlands/industrial_window_wall_192x128_cover24_01.rmdl,27090,665,1155,14228,378,598,1,1,4,1
mdl/desertlands/industrial_door_frame_trim_160_01.rmdl,1104,24,48,1104,24,48,1,1,1,1
mdl/desertlands/industrial_door_frame_160x128_01.rmdl,37384,914,1595,20380,520,863,1,1,4,1
mdl/sewers/sewer_wire_black_set_thin_04.rmdl,34512,1702,1215,21888,1128,756,1,1,3,1
mdl/ola/sewer_wires_02.rmdl,74088,3668,2604,46928,2448,1612,1,1,4,1
mdl/market/market_table_01.rmdl,15880,450,659,15880,450,659,1,1,1,4
mdl/desertlands/industrial_door_frame_trim_128_02.rmdl,1104,24,48,1104,24,48,1,1,1,1
mdl/desertlands/construction_bldg_wood_board_01.rmdl,552,12,24,552,12,24,1,1,1,1
mdl/desertlands/industrial_window_wall_128x128_cover24_01.rmdl,25010,605,1069,12684,334,534,1,1,4,1
mdl/desertlands/industrial_window_wall_128x128_cover40_01.rmdl,26310,635,1125,13616,356,574,1,1,4,1
mdl/desertlands/industrial_metal_arm_support_02.rmdl,28680,820,1188,14424,444,588,1,1,3,1
mdl/sewers/sewer_wire_black_set_thick_02.rmdl,33360,1530,1209,20324,984,721,1,1,3,1
mdl/desertlands/desertlands_cafeteria_table_01.rmdl,44704,1514,1781,26784,944,1056,1,1,3,1
mdl/furniture/couch_suede_brown_01.rmdl,20872,862,785,12388,558,452,1,1,3,1
mdl/sewers/sewer_wire_black_set_thick_04.rmdl,50312,2472,1774,31772,1632,1099,1,1,3,1
mdl/desertlands/desertlands_lobby_double_doorframe_01.rmdl,26688,848,1080,17320,560,698,1,1,3,1
mdl/desertlands/desertlands_lobby_double_doorframe_02.rmdl,26648,848,1078,17280,560,696,1,1,3,1
mdl/desertlands/industrial_window_frame_128x80x16.rmdl,38876,866,1684,20448,468,882,1,1,4,1
mdl/desertlands/desertlands_convenience_store_sign_01_rui.rmdl,92,2,4,92,2,4,1,1,1,1
mdl/desertlands/industrial_door_frame_trim_128_01.rmdl,1104,24,48,1104,24,48,1,1,1,1
mdl/garbage/garbage_debris_box_a.rmdl,62888,1608,2662,28784,804,1198,1,1,3,1
mdl/relic/relic_yellow_wire_256_03.rmdl,3216,176,108,3216,176,108,1,1,1,1
mdl/desertlands/industrial_door_frame_128x128_02.rmdl,36528,888,1560,19680,500,834,1,1,4,1
mdl/desertlands/desertlands_cafeteria_table_02.rmdl,19128,618,771,11804,404,469,1,1,3,1
mdl/desertlands/industrial_door_frame_128x128_01.rmdl,36996,906,1578,19680,500,834,1,1,4,1
mdl/desertlands/industrial_window_frame_128x80x16_int.rmdl,11220,250,486,4360,100,188,1,1,4,1
mdl/rise/rise_door_frame_01.rmdl,107176,5016,3854,57576,2816,2034,1,1,3,1
mdl/playback/playback_panel_window_frame_c.rmdl,12880,340,542,12880,340,542,1,1,1,1
mdl/colony/farmland_domicile_table_02.rmdl,7700,300,295,7700,300,295,1,1,1,1
mdl/IMC_base/imc_tech_tallpanel_48_02.rmdl,4664,124,196,3652,102,152,1,1,2,1
mdl/industrial/underbelly_support_beam_256_01.rmdl,10056,236,360,7272,156,264,1,1,3,3
mdl/levels_terrain/mp_corporate/corporate_sign_dsgnOfic.rmdl,31906,1021,1289,31906,1021,1289,1,1,1,1
mdl/relic/relic_yellow_wire_256_02.rmdl,4320,240,144,4320,240,144,1,1,1,1
mdl/benches/bench_single_modern_dirty.rmdl,32760,880,1374,18616,516,776,1,1,3,1
mdl/desertlands/desertlands_lobby_doorframe.rmdl,19544,604,796,12720,400,516,1,1,3,1
mdl/desertlands/desertlands_lobby_doorframe_02.rmdl,19524,604,795,12700,400,515,1,1,3,1
mdl/domestic/city_bench_dirty_blue.rmdl,33348,1238,1296,17488,728,656,1,1,4,1
mdl/domestic/slums_fish_market_table_128x32_wood_01.rmdl,47012,1652,1855,27848,1088,1066,1,1,3,2
mdl/desertlands/industrial_window_frame_64x80x16.rmdl,36156,806,1566,18648,428,804,1,1,4,1
mdl/electricalboxes/pipe_set_c.rmdl,22680,1200,774,16272,912,540,1,1,2,1
mdl/firstgen/firstgen_pipe_256_darkcloth_01.rmdl,3168,108,126,1744,64,68,1,1,3,1
mdl/firstgen/firstgen_pipe_256_goldfoil_01.rmdl,3168,108,126,1744,64,68,1,1,3,1
mdl/sewers/sewer_wire_black_set_thick_01.rmdl,31744,1404,1166,18760,900,668,1,1,3,1
mdl/firstgen/firstgen_pipe_256_cloth_01.rmdl,3168,108,126,1744,64,68,1,1,3,1
mdl/desertlands/industrial_window_frame_64x80x8.rmdl,36444,814,1578,18936,436,816,1,1,4,1
mdl/sewers/sewer_wire_black_set_thick_03.rmdl,32116,1446,1172,19596,936,699,1,1,3,1
mdl/ola/sewer_wires_01.rmdl,73756,3656,2591,46928,2448,1612,1,1,4,1
mdl/desertlands/industrial_metal_arm_support_01.rmdl,2954,69,127,2072,52,88,1,1,2,1
mdl/colony/antenna_05_colony_small.rmdl,483092,14942,19672,190094,6129,7666,1,1,4,1
mdl/industrial/air_unit_badlands_02_tall.rmdl,18804,514,786,18804,514,786,1,1,1,1
mdl/desertlands/industrial_window_frame_64x68x16.rmdl,36444,814,1578,18936,436,816,1,1,4,1
mdl/desertlands/industrial_window_frame_64x80x16_int.rmdl,10744,244,464,4120,100,176,1,1,4,1
mdl/playback/playback_panel_window_frame_a.rmdl,14984,364,640,11120,280,472,1,1,3,1
mdl/desertlands/industrial_window_frame_64x80x8_int.rmdl,10744,244,464,4120,100,176,1,1,4,1
mdl/desertlands/desertlands_standing_cafeteria_table_01.rmdl,18678,543,771,11368,338,467,1,1,3,3
mdl/desertlands/construction_bldg_wood_debris_01.rmdl,3422,87,145,3422,87,145,1,1,1,1
mdl/desertlands/desertlands_trash_bin_01.rmdl,58076,2626,2116,27408,1348,966,1,1,4,1
mdl/desertlands/desertlands_lobby_mailbox_02.rmdl,8856,296,354,7440,260,294,1,1,2,1
mdl/industrial/underbelly_support_beam_128_01.rmdl,6864,152,248,4608,96,168,1,1,3,3
mdl/domestic/floor_rug_red_folds.rmdl,4424,204,160,4424,204,160,1,1,1,1
mdl/domestic/floor_rug_red.rmdl,2192,92,82,2192,92,82,1,1,1,1
mdl/desertlands/industrial_window_frame_64x68x16_int.rmdl,10796,246,466,4120,100,176,1,1,4,1
mdl/desertlands/desertlands_standing_cafeteria_table_02.rmdl,19452,572,801,11368,338,467,1,1,3,3
mdl/IMC_base/imc_tech_panelsquare_48_05.rmdl,1704,44,72,1704,44,72,1,1,1,1
mdl/containers/pelican_case_large.rmdl,151616,4916,6106,67298,2233,2695,1,1,5,1
mdl/containers/pelican_case_large_drabgreen.rmdl,151616,4916,6106,67298,2233,2695,1,1,5,1
mdl/desertlands/industrial_frame_track_01.rmdl,4424,104,190,3504,84,150,1,1,2,1
mdl/sewers/sewer_wire_black_set_thin_01.rmdl,21952,992,800,13024,624,464,1,1,3,1
mdl/desertlands/desertlands_lobby_mailbox_01.rmdl,8456,296,334,7320,260,288,1,1,2,1
mdl/barriers/concrete/concrete_barrier_01.rmdl,32992,792,1412,18676,446,800,1,1,4,1
mdl/sewers/sewer_wire_black_set_thin_03.rmdl,21224,964,772,12984,624,462,1,1,3,1
mdl/relic/relic_yellow_wire_128_02.rmdl,4320,240,144,4320,240,144,1,1,1,1
mdl/haven/kitchen_set04_table01_sm.rmdl,8816,216,376,8816,216,376,1,1,1,1
mdl/domestic/slums_fish_market_table_64x32_wood_01.rmdl,47952,1472,1956,32712,1012,1332,1,1,3,2
mdl/desertlands/industrial_support_beam_16x144_vertical_corner.rmdl,20744,464,898,9736,216,422,1,1,5,1
mdl/props/med_pod/exoplanet_med_pod_holder.rmdl,29272,962,1175,15400,530,611,1,1,3,1
mdl/firstgen/firstgen_pipe_128_darkcloth_01.rmdl,3168,108,126,1744,64,68,1,1,3,1
mdl/firstgen/firstgen_pipe_128_goldfoil_01.rmdl,3168,108,126,1744,64,68,1,1,3,1
mdl/firstgen/firstgen_pipe_128_cloth_01.rmdl,3168,108,126,1744,64,68,1,1,3,1
mdl/desertlands/desertlands_lobby_wall_art_01.rmdl,12064,364,494,9180,280,375,1,1,4,2
mdl/commercial/store_shelf_wall_32.rmdl,23932,602,1016,12292,342,512,1,1,3,3
mdl/relic/relic_yellow_wire_256_01.rmdl,2940,160,99,2940,160,99,1,1,1,1
mdl/industrial/hazmat_suit_hanging.rmdl,102692,5042,3622,55152,2882,1893,1,1,3,1
mdl/domestic/hanging_kitchen_rack.rmdl,12668,408,511,8076,296,315,1,1,2,1
mdl/IMC_base/imc_tech_smallfan_32_06.rmdl,34264,1164,1364,15668,538,622,1,1,5,1
mdl/IMC_base/chair_IMC_02.rmdl,51224,1474,2119,29992,892,1232,1,1,2,1
mdl/desertlands/desertlands_lobby_mailbox_03.rmdl,8156,256,331,6740,220,271,1,1,2,1
mdl/levels_terrain/mp_black_water_canal/black_water_canal_wire_64.rmdl,17724,844,633,17724,844,633,1,1,1,1
mdl/colony/box_cardboard_flat_01.rmdl,3184,84,134,2632,72,110,1,1,2,1
mdl/angel_city/box_small_02.rmdl,5264,164,214,4712,152,190,1,1,2,1
mdl/domestic/ac_door_unit.rmdl,25304,964,976,12396,516,465,1,1,4,1
mdl/desertlands/construction_fold_sign_01.rmdl,56804,1994,2242,44372,1582,1744,1,1,2,1
mdl/domestic/restaurant_sink_32x40_dirty.rmdl,22962,797,909,13264,514,509,1,1,3,2
mdl/desertlands/desertlands_lobby_couch_03.rmdl,35442,1367,1362,19714,829,737,1,1,4,2
mdl/electricalboxes/pipe_set_b.rmdl,14012,732,481,10100,540,343,1,1,2,1
mdl/desertlands/industrial_support_beam_16x144_vertical.rmdl,13480,320,578,6040,140,260,1,1,5,1
mdl/domestic/toilet_regular_open.rmdl,9648,458,345,9648,458,345,1,1,1,1
mdl/desertlands/industrial_support_beam_16x144_filler.rmdl,2024,44,88,1472,32,64,1,1,2,1
mdl/industrial/underbelly_support_beam_bracket_corner_01.rmdl,6576,136,240,3864,84,140,1,1,3,1
mdl/IMC_base/imc_tech_panel_64_01.rmdl,20200,490,863,10688,268,454,1,1,5,1
mdl/angel_city/fire_hydrant_03.rmdl,49710,1795,1947,28858,1063,1124,1,1,3,1
mdl/domestic/restaurant_cupboard01_32x40_dirty_a.rmdl,3072,72,132,1784,44,76,1,1,2,1
mdl/domestic/restaurant_cupboard03_32x40_dirty_a.rmdl,15464,544,610,9480,360,366,1,1,3,1
mdl/domestic/restaurant_cupboard02_32x40_dirty_a.rmdl,24808,908,968,14896,576,572,1,1,3,1
mdl/domestic/restaurant_cupboard04_32x40_dirty_a.rmdl,18300,610,732,10644,374,420,1,1,3,1
mdl/industrial/air_unit_badlands_02_short.rmdl,12300,320,519,12300,320,519,1,1,1,1
mdl/angel_city/box_small_01.rmdl,3436,136,131,2780,120,103,1,1,2,1
mdl/industrial/air_unit_badlands_01.rmdl,14896,356,638,14896,356,638,1,1,1,1
mdl/domestic/pa_system.rmdl,32712,1052,1320,17344,604,686,1,1,3,1
mdl/domestic/restaurant_corner02_32x64_dirty.rmdl,920,20,40,920,20,40,1,1,1,1
mdl/outpost207/gondola_wires_01.rmdl,1328,48,52,1328,48,52,1,1,1,1
mdl/domestic/restaurant_cupboard05_32x40_dirty_b.rmdl,33668,1158,1336,22572,802,888,1,1,3,1
mdl/lamps/light_florescenet_modern_off.rmdl,38592,1082,1605,18060,570,732,1,1,3,1
mdl/domestic/restaurant_counter_32x40_dirty.rmdl,9928,308,404,7776,256,312,1,1,2,1
mdl/desertlands/railing_metal_dirty_64_panel_01.rmdl,33744,1124,1350,24808,848,986,1,1,3,1
mdl/sewers/sewer_wire_black_set_thin_02.rmdl,15504,644,582,8744,384,322,1,1,3,1
mdl/domestic/vent_rack_restaurant_02.rmdl,15388,468,629,8076,296,315,1,1,3,1
mdl/signs/coffee_menu_01.rmdl,2520,60,108,2520,60,108,1,1,1,1
mdl/electricalboxes/pipe_set_e.rmdl,7232,352,256,5648,288,196,1,1,2,1
mdl/angel_city/atm_small_02.rmdl,7136,246,283,7136,246,283,1,1,1,1
mdl/domestic/foldup_chair.rmdl,13960,440,566,8248,268,332,1,1,3,1
mdl/firstgen/firstgen_pipe_64_darkcloth_01.rmdl,4824,164,192,2616,96,102,1,1,3,1
mdl/firstgen/firstgen_pipe_64_goldfoil_01.rmdl,3168,108,126,1744,64,68,1,1,3,1
mdl/firstgen/firstgen_pipe_64_cloth_01.rmdl,3168,108,126,1744,64,68,1,1,3,1
mdl/desertlands/industrial_support_beam_16x64_vertical_corner.rmdl,7400,160,322,3456,76,150,1,1,4,1
mdl/containers/box_med_cardboard_03.rmdl,4916,136,205,2988,88,123,1,1,3,1
mdl/containers/box_med_cardboard_02.rmdl,4096,96,176,2440,60,104,1,1,3,1
mdl/desertlands/industrial_support_beam_8x144_filler.rmdl,552,12,24,552,12,24,1,1,1,1
mdl/relic/relic_yellow_wire_128_01.rmdl,2940,160,99,2940,160,99,1,1,1,1
mdl/utilities/halogen_lightbulb_case.rmdl,2856,76,120,2856,76,120,1,1,1,1
mdl/domestic/restaurant_corner01_32x40_dirty.rmdl,1288,28,56,1288,28,56,1,1,1,1
mdl/IMC_base/ladder_modular_64_IMC.rmdl,29464,1264,1094,29464,1264,1094,1,1,1,1
mdl/domestic/restaurant_cupboard06_16x40_dirty_a.rmdl,3072,72,132,1784,44,76,1,1,2,1
mdl/domestic/restaurant_cupboard02_32x40_dirty_b.rmdl,19016,676,748,13032,492,504,1,1,3,1
mdl/firstgen/firstgen_pipe_curve_darkcloth_01.rmdl,13840,660,494,8808,448,306,1,1,3,1
mdl/firstgen/firstgen_pipe_curve_goldfoil_01.rmdl,14000,660,502,8808,448,306,1,1,3,1
mdl/firstgen/firstgen_pipe_curve_cloth_01.rmdl,12384,604,438,7936,416,272,1,1,3,1
mdl/domestic/vent_rack_restaurant_01.rmdl,1500,30,66,1500,30,66,1,1,1,1
mdl/domestic/floor_mat_black_01.rmdl,828,18,36,828,18,36,1,1,1,1
mdl/desertlands/desertlands_lobby_couch_04.rmdl,24208,878,947,14104,554,539,1,1,3,2
mdl/containers/box_med_cardboard_01.rmdl,1648,48,68,1096,36,44,1,1,2,1
mdl/domestic/restaurant_counter_16x40_dirty.rmdl,8478,243,351,6326,191,259,1,1,2,1
mdl/desertlands/guard_rail_painted_metal_dirty_01.rmdl,56112,1772,2274,37256,1256,1486,1,1,3,1
mdl/desertlands/guard_rail_painted_metal_dirty_01_caution.rmdl,56272,1752,2288,35592,1192,1422,1,1,3,1
mdl/lights/industrial_interior_light_small_noant_off_01.rmdl,43028,1378,1738,34588,1148,1385,1,1,3,1
mdl/garbage/garbage_bag_plastic_a.rmdl,7900,310,302,4856,196,184,1,1,2,1
mdl/garbage/garbage_bag_plastic_b.rmdl,8392,332,320,4940,200,187,1,1,2,1
mdl/desertlands/railing_metal_dirty_64x24_panel_01.rmdl,22264,684,908,22264,684,908,1,1,1,1
mdl/desertlands/industrial_support_beam_16x64_vertical.rmdl,2944,64,128,1472,32,64,1,1,3,1
mdl/firstgen/firstgen_pipe_t_cloth_01.rmdl,4796,176,187,4796,176,187,1,1,1,1
mdl/firstgen/firstgen_pipe_t_darkcloth_01.rmdl,12204,414,486,6540,240,255,1,1,3,1
mdl/desertlands/desertlands_ceiling_tile_01.rmdl,1840,40,80,1288,28,56,1,1,2,1
mdl/utilities/ceiling_vent_metal.rmdl,4772,142,196,3484,114,140,1,1,3,1
mdl/playback/playback_barstool_02.rmdl,36160,1390,1391,17288,768,634,1,1,4,1
mdl/domestic/pot_restaurant_01.rmdl,46024,1734,1781,25120,960,968,1,1,3,1
mdl/firstgen/firstgen_pipe_32_darkcloth_01.rmdl,4824,164,192,2616,96,102,1,1,3,1
mdl/firstgen/firstgen_pipe_32_goldfoil_01.rmdl,3168,108,126,1744,64,68,1,1,3,1
mdl/domestic/restaurant_cupboard06_16x40_dirty_b.rmdl,3072,72,132,1784,44,76,1,1,2,1
mdl/firstgen/firstgen_pipe_32_cloth_01.rmdl,4824,164,192,2616,96,102,1,1,3,1
mdl/desertlands/industrial_support_beam_16x32_vertical_corner.rmdl,6584,144,286,3456,76,150,1,1,4,1
mdl/domestic/milk_cluster_01.rmdl,38988,1368,1539,38988,1368,1539,1,1,1,1
mdl/IMC_base/siren_wall_IMC_01.rmdl,8700,410,312,8700,410,312,1,1,1,1
mdl/desertlands/desertlands_lobby_wall_art_02.rmdl,11180,340,457,9180,280,375,1,1,3,1
mdl/industrial/jack_hammer_yellow.rmdl,16380,470,678,16380,470,678,1,1,1,1
mdl/domestic/farmland_bedding_pillow_01.rmdl,9864,574,321,9864,574,321,1,1,1,1
mdl/containers/box_metal.rmdl,38928,1268,1566,21800,760,862,1,1,4,1
mdl/domestic/towels_wrinkled_03.rmdl,8576,316,334,3864,164,144,1,1,3,1
mdl/domestic/pot_restaurant_11.rmdl,24264,944,930,14584,584,554,1,1,3,1
mdl/domestic/restaurant_shelf_64x8_dirty_b.rmdl,552,12,24,552,12,24,1,1,1,1
mdl/domestic/pizza_box_open_45.rmdl,13548,308,585,9120,210,393,1,1,2,1
mdl/domestic/whiteboard_restaurant_01.rmdl,552,12,24,552,12,24,1,1,1,1
mdl/signs/sign_caution_chemical.rmdl,2036,46,88,1128,28,48,1,1,3,1
mdl/domestic/pot_restaurant_05.rmdl,57340,2260,2189,31460,1280,1189,1,1,3,1
mdl/signs/sign_relic_warning_01.rmdl,1128,28,48,1128,28,48,1,1,1,1
mdl/domestic/propane_tank.rmdl,27452,1072,1051,14956,606,566,1,1,3,1
mdl/domestic/pot_restaurant_06.rmdl,47088,1828,1806,25808,1048,976,1,1,3,1
mdl/electricalboxes/fusebox.rmdl,7264,224,296,4592,152,184,1,1,3,1
mdl/desertlands/industrial_support_beam_16x32_vertical.rmdl,2944,64,128,1472,32,64,1,1,3,1
mdl/utilities/wall_Waterpipe.rmdl,86140,2860,3449,39976,1386,1583,1,1,4,1
mdl/domestic/pot_restaurant_09.rmdl,42940,1580,1673,23168,888,892,1,1,3,1
mdl/signs/sign_caution_pump_warning.rmdl,1380,30,60,840,20,36,1,1,2,1
mdl/desertlands/industrial_support_beam_16x16_vertical_corner.rmdl,6584,144,286,3456,76,150,1,1,4,1
mdl/IMC_base/garage_support_wall_IMC_02.rmdl,4726,171,185,4726,171,185,1,1,1,1
mdl/domestic/pizza_box_closed_01.rmdl,11144,254,481,8544,194,369,1,1,2,1
mdl/colony/dirty_plate_pile_02.rmdl,14688,588,558,7344,324,270,1,1,3,1
mdl/domestic/towels_wrinkled_04.rmdl,5384,204,208,2264,84,88,1,1,3,1
mdl/desertlands/industrial_support_beam_vertical_corner_cap.rmdl,944,24,40,944,24,40,1,1,1,1
mdl/signs/sign_service_shaft_01.rmdl,1896,46,81,1128,28,48,1,1,3,1
mdl/signs/sign_service_shaft_02.rmdl,1896,46,81,1128,28,48,1,1,3,1
mdl/containers/slums_plastic_crate_blue_01.rmdl,34360,1120,1382,21344,724,850,1,1,2,1
mdl/containers/slums_plastic_crate_orange_01.rmdl,34360,1120,1382,21344,724,850,1,1,2,1
mdl/containers/slums_plastic_crate_red_01.rmdl,34360,1120,1382,21344,724,850,1,1,2,1
mdl/imc_interior/imc_int_fusebox_01.rmdl,11632,342,479,9936,306,405,1,1,2,1
mdl/colony/dirty_bowl_pile_02.rmdl,28888,1098,1115,16976,716,634,1,1,3,1
mdl/colony/dirty_bowl_pile_03.rmdl,17316,606,684,11184,424,432,1,1,3,1
mdl/domestic/ladel_restaurant_01.rmdl,12012,652,405,8284,464,275,1,1,2,1
mdl/signs/Sign_no_tresspasing.rmdl,1128,28,48,1128,28,48,1,1,1,1
mdl/lamps/exterior_walkway_light_off.rmdl,28208,988,1114,16960,610,665,1,1,4,1
mdl/desertlands/industrial_support_beam_16x16_vertical.rmdl,2944,64,128,1472,32,64,1,1,3,1
mdl/containers/slums_plastic_crate_blue_02.rmdl,25728,788,1050,13376,436,538,1,1,3,1
mdl/containers/slums_plastic_crate_orange_02.rmdl,25728,788,1050,13376,436,538,1,1,3,1
mdl/furniture/office_laptop.rmdl,12064,284,518,6456,156,276,1,1,3,1
mdl/domestic/terracotta_pot_small.rmdl,6540,240,255,6540,240,255,1,1,1,1
mdl/domestic/dimsum_steamer_restaurant_01.rmdl,3512,92,148,3512,92,148,1,1,1,1
mdl/slum_city/slumcity_grow_room_rack_lift_motor_02.rmdl,28076,836,1153,21100,660,857,1,1,2,1
mdl/colony/dirty_bowl_pile_01.rmdl,22564,784,893,11028,448,417,1,1,3,1
mdl/desertlands/construction_stacker_cone_dirty_01.rmdl,21560,740,856,13260,470,522,1,1,3,1
mdl/signs/sign_caution_walkway_01.rmdl,1976,46,85,1128,28,48,1,1,3,1
mdl/IMC_base/handle_modular_IMC_LOD0.rmdl,15828,658,594,7914,329,297,1,1,2,1
mdl/desertlands/railing_post_metal_dirty_01.rmdl,10360,300,428,6496,196,266,1,1,2,1
mdl/electricalboxes/pipe_set_h.rmdl,1340,60,49,988,48,35,1,1,2,1
mdl/industrial/hammer_metal_02.rmdl,6080,210,241,6080,210,241,1,1,1,1
mdl/colony/dirty_bowl_single.rmdl,15676,806,542,9492,592,297,1,1,3,1
mdl/containers/box_mini_cardboard.rmdl,2160,60,90,1056,36,42,1,1,3,1
mdl/desertlands/desertlands_napkin_holder_01.rmdl,21698,723,868,13710,485,540,1,1,3,2
mdl/industrial/bottle_wine.rmdl,5200,190,203,5200,190,203,1,1,1,1
mdl/domestic/squid_skewers.rmdl,20518,853,770,13136,576,484,1,1,2,1
mdl/domestic/flower_pot_small_01.rmdl,17576,636,688,9660,360,375,1,1,4,1
mdl/imc_base/light_wall_imc_01.rmdl,5048,228,184,5048,228,184,1,1,1,1
mdl/domestic/bottle_sake_green_med_01.rmdl,4016,196,142,4016,196,142,1,1,1,1
mdl/domestic/bottle_sake_lt_blue_med_01.rmdl,4016,196,142,4016,196,142,1,1,1,1
mdl/desertlands/mobile_vehicle_01_handle_01.rmdl,3840,100,162,2422,67,101,1,1,2,1
mdl/IMC_base/ladder_modular_cap_IMC.rmdl,2768,108,106,2768,108,106,1,1,1,1
mdl/IMC_base/conduit_bracket_IMC_04.rmdl,1728,68,66,1728,68,66,1,1,1,1
mdl/domestic/spatula_restaurant_01.rmdl,4260,200,153,2884,144,101,1,1,2,1
mdl/domestic/plastic_cup_small_01.rmdl,2624,94,103,2624,94,103,1,1,1,1
mdl/hardware/paint_spraycan_closed.rmdl,3360,120,132,2524,94,98,1,1,2,1
mdl/IMC_base/conduit_bracket_IMC_02.rmdl,2488,108,92,2488,108,92,1,1,1,1
mdl/domestic/mug_coffee_white.rmdl,3824,154,145,3824,154,145,1,1,1,1
mdl/domestic/milk_bottle_red.rmdl,3124,124,119,3124,124,119,1,1,1,1
mdl/domestic/bottle_sake_blue_short_rt.rmdl,4088,188,148,4088,188,148,1,1,1,1
mdl/domestic/burrito_red.rmdl,796,26,32,796,26,32,1,1,1,1
mdl/domestic/burrito_teal.rmdl,796,26,32,796,26,32,1,1,1,1
mdl/domestic/burrito_yellow.rmdl,796,26,32,796,26,32,1,1,1,1
mdl/containers/can_blue_soda.rmdl,10744,354,431,4428,168,171,1,1,4,1
mdl/containers/can_red_soda.rmdl,10484,354,418,4428,168,171,1,1,4,1
mdl/containers/can_red_horizontal.rmdl,11988,418,474,5156,196,199,1,1,4,1
mdl/containers/can_blue_horizontal.rmdl,13908,418,570,5156,196,199,1,1,4,1
mdl/domestic/soda_can_purple.rmdl,1736,76,64,1736,76,64,1,1,1,1
mdl/domestic/food_items.rmdl,1736,76,64,1736,76,64,1,1,1,1
mdl/domestic/soda_can_blue.rmdl,1736,76,64,1736,76,64,1,1,1,1
mdl/desertlands/industrial_struct_bldg_05a.rmdl,69528,1308,2570,69528,1308,2570,1,1,1,3
mdl/colony/ventilation_unit_01_black.rmdl,62220,1842,2132,39096,1228,1322,1,1,3,2
mdl/domestic/ac_unit_dirty_32x64_03_b.rmdl,18660,538,643,12348,366,423,1,1,3,1
mdl/rocks/rock_sharp_lava_moss_desertlands_05.rmdl,813660,24534,27769,460188,13726,15743,1,1,5,2
mdl/rocks/rock_sharp_lava_moss_desertlands_04.rmdl,561036,18982,18631,312276,10646,10350,1,1,5,1
mdl/rocks/rock_sharp_lava_moss_desertlands_03.rmdl,605430,22221,19671,293238,11729,9286,1,1,6,1
mdl/rocks/rock_sharp_lava_moss_desertlands_06.rmdl,152316,5574,4953,79884,3082,2558,1,1,4,1
mdl/rocks/rock_sharp_lava_moss_desertlands_02.rmdl,38388,1534,1216,19740,882,602,1,1,3,1
mdl/rocks/rock_sharp_lava_moss_desertlands_01.rmdl,42480,1372,1427,15780,742,472,1,1,4,1
mdl/levels_terrain/mp_rr_desertlands/desertlands_terrain_section_04_spike_06_jakev.rmdl,30924,1438,929,15672,768,461,1,1,4,1
mdl/levels_terrain/mp_rr_desertlands/desertlands_terrain_section_04_spike_12_jakev.rmdl,47706,2091,1465,23784,1124,710,1,1,4,1
mdl/levels_terrain/mp_rr_desertlands/desertlands_terrain_section_04_spike_10_jakev.rmdl,77850,3647,2332,37848,1888,1105,1,1,5,1
mdl/desertlands/desrtlands_icicles_05.rmdl,76212,3330,2343,40320,1920,1200,1,1,3,1
mdl/desertlands/desrtlands_icicles_06.rmdl,60960,2664,1874,32256,1536,960,1,1,3,1
mdl/desertlands/desrtlands_icicles_01.rmdl,61056,2664,1878,32256,1536,960,1,1,3,1
mdl/desertlands/desrtlands_icicles_03.rmdl,91488,3996,2813,48384,2304,1440,1,1,3,1
mdl/desertlands/desrtlands_icicles_04.rmdl,60984,2664,1875,32256,1536,960,1,1,3,1
mdl/levels_terrain/mp_rr_desertlands/desertlands_terrain_section_04_spike_05_jakev.rmdl,175306,7121,4735,85428,3696,2259,1,1,5,1
mdl/levels_terrain/mp_rr_desertlands/desertlands_terrain_section_04_spike_15_jakev.rmdl,200200,8120,5410,96730,4203,2554,1,1,5,1
mdl/levels_terrain/mp_rr_desertlands/desertlands_terrain_section_04_spike_07_jakev.rmdl,128110,5275,3445,63422,2749,1676,1,1,5,1
mdl/levels_terrain/mp_rr_desertlands/desertlands_terrain_section_04_spike_09_jakev.rmdl,200714,7977,5459,95410,4123,2524,1,1,5,1
mdl/levels_terrain/mp_rr_desertlands/desertlands_terrain_section_04_spike_13_jakev.rmdl,165344,6716,4466,79874,3475,2108,1,1,5,1
mdl/levels_terrain/mp_rr_desertlands/desertlands_terrain_section_04_spike_01_jakev.rmdl,120844,4806,3286,75506,3279,1994,1,1,5,1
mdl/levels_terrain/mp_rr_desertlands/desertlands_terrain_section_04_spike_14_jakev.rmdl,156458,6285,4241,75054,3255,1983,1,1,5,1
mdl/levels_terrain/mp_rr_desertlands/desertlands_terrain_section_04_spike_11_jakev.rmdl,143202,5709,3891,68788,2962,1822,1,1,5,1
mdl/levels_terrain/mp_rr_desertlands/desertlands_terrain_section_04_spike_03_jakev.rmdl,84260,3436,2273,40524,1784,1065,1,1,5,1
mdl/levels_terrain/mp_rr_desertlands/desertlands_terrain_section_04_spike_02_jakev.rmdl,96408,4014,2583,47076,2092,1233,1,1,5,1
mdl/levels_terrain/mp_rr_desertlands/desertlands_terrain_section_04_spike_08_jakev.rmdl,41238,1693,1110,20668,906,544,1,1,4,1
mdl/levels_terrain/mp_rr_desertlands/desertlands_terrain_section_04_spike_04_jakev.rmdl,21694,881,586,10700,472,281,1,1,4,1
mdl/rocks/rock_lava_moss_desertlands_04.rmdl,572304,19364,16290,259896,9996,7140,1,1,5,1
mdl/rocks/rock_lava_moss_desertlands_03.rmdl,862676,30538,24266,426604,15782,11854,1,1,6,1
mdl/rocks/rock_lava_moss_desertlands_02.rmdl,352476,14650,11024,173868,7290,5422,1,1,6,1
mdl/rocks/rock_lava_moss_desertlands_01.rmdl,54984,2592,1643,28392,1440,823,1,1,4,1
mdl/foliage/desertlands_alien_tree_large_root_02.rmdl,28088,1200,746,15792,700,414,1,1,3,1
mdl/foliage/desertlands_alien_tree_large_root_01.rmdl,30514,1273,817,16792,736,442,1,1,3,1
mdl/foliage/roots_ground_desertlands_01.rmdl,10140,490,300,8016,400,234,1,1,2,1
mdl/rocks/sulfur_geyser_brown_02.rmdl,89820,4258,2678,43608,2204,1266,1,1,5,1
mdl/rocks/sulfur_geyser_yellow_02.rmdl,91944,4248,2769,43608,2204,1266,1,1,5,1
mdl/rocks/sulfur_geyser_brown_01.rmdl,153348,7490,4517,75420,3874,2174,1,1,5,1
mdl/rocks/sulfur_geyser_yellow_01.rmdl,155724,7430,4631,75492,3874,2177,1,1,5,1
mdl/rocks/sulfur_mound_yellow_02.rmdl,546252,26202,16210,405096,21092,11606,1,1,5,1
mdl/rocks/sulfur_mound_brown_02.rmdl,554544,27444,16245,405096,21092,11606,1,1,5,1
mdl/rocks/sulfur_mound_brown_03.rmdl,254136,12696,7415,145344,7576,4162,1,1,5,1
mdl/rocks/sulfur_mound_yellow_03.rmdl,254136,12696,7415,145344,7576,4162,1,1,5,1
mdl/rocks/sulfur_mound_brown_05.rmdl,207768,9080,6387,132552,5680,4103,1,1,5,1
mdl/rocks/sulfur_mound_brown_06.rmdl,110448,5488,3230,72672,3788,2081,1,1,5,1
mdl/rocks/sulfur_mound_yellow_06.rmdl,98952,3652,3210,59736,1892,2016,1,1,5,1
mdl/rocks/rock_lava_small_moss_desertlands_02.rmdl,63792,2388,2061,28992,1276,889,1,1,4,1
mdl/colony/farmland_bathroom_01.rmdl,36684,1094,1255,22998,765,767,1,1,3,1
mdl/domestic/farmland_bed_frame_01.rmdl,89442,2403,3126,51450,1511,1766,1,1,3,1
mdl/domestic/farmland_bed_frame_01_clean.rmdl,89442,2403,3126,51450,1511,1766,1,1,3,2
mdl/utilities/wires_hanging_64.rmdl,25224,1156,762,25224,1156,762,1,1,1,1
mdl/industrial/cafe_coffe_machine_dirty.rmdl,33720,828,1198,15984,392,568,1,1,3,1
mdl/colony/ventilation_duct_hatch_01b_black.rmdl,5760,172,197,5760,172,197,1,1,1,1
mdl/colony/farmland_crate_plastic_01_red.rmdl,27732,994,907,21948,846,703,1,1,2,1
mdl/colony/farmland_crate_plastic_yellow_01.rmdl,17508,674,561,14292,586,449,1,1,2,1
mdl/colony/ventilation_duct_hatch_02_black.rmdl,3096,100,104,3096,100,104,1,1,1,1
mdl/desertlands/desertlands_ceiling_vent_01.rmdl,21762,671,739,13488,456,448,1,1,3,1
mdl/containers/slums_plastic_container_blue_02.rmdl,20640,536,726,20640,536,726,1,1,1,1
mdl/containers/slums_plastic_container_green_02.rmdl,20640,536,726,20640,536,726,1,1,1,1
mdl/containers/slums_plastic_container_orange_02.rmdl,20640,536,726,20640,536,726,1,1,1,1
mdl/containers/slums_plastic_container_blue_01.rmdl,23184,600,816,23184,600,816,1,1,1,1
mdl/containers/slums_plastic_container_green_01.rmdl,23184,600,816,23184,600,816,1,1,1,1
mdl/containers/slums_plastic_container_blue_03.rmdl,20496,536,720,20496,536,720,1,1,1,1
mdl/containers/slums_plastic_container_green_03.rmdl,20496,536,720,20496,536,720,1,1,1,1
mdl/containers/slums_plastic_container_orange_03.rmdl,20496,536,720,20496,536,720,1,1,1,1
mdl/domestic/book_stack_01.rmdl,6024,140,216,6024,140,216,1,1,1,1
mdl/domestic/book_row_01.rmdl,6024,140,216,6024,140,216,1,1,1,1
mdl/containers/slums_plastic_fish_plate_blue_01.rmdl,7176,252,236,7176,252,236,1,1,1,1
mdl/colony/ventilation_unit_01b_black.rmdl,59844,1798,2044,38448,1216,1298,1,1,3,2
mdl/desertlands/construction_bldg_tarp_01.rmdl,6060,154,214,3864,100,136,1,1,2,1
mdl/desertlands/construction_bldg_tarp_02.rmdl,7140,198,248,4584,124,160,1,1,2,1
mdl/desertlands/city_pipe_frame_medium_128.rmdl,9936,184,368,9936,184,368,1,1,1,1
mdl/desertlands/city_pipe_grate_medium_128.rmdl,10104,188,374,10104,188,374,1,1,1,2
mdl/props/loot_bin_holder_inside.rmdl,12918,323,549,12918,323,549,1,1,1,1
mdl/foliage/plant_desert_yucca_01.rmdl,34106,1201,1345,19008,768,720,1,1,3,1
mdl/city_modern/citymodern_trashcan_a.rmdl,37584,1484,1434,16604,734,610,1,1,4,1
mdl/angel_city/sign_cleaning_wetfloor_01.rmdl,26578,673,1127,15936,436,666,1,1,2,1
mdl/domestic/cigarette_cluster.rmdl,19872,432,864,19872,432,864,1,1,1,1
mdl/domestic/ramen_cluster_02.rmdl,22176,756,882,22176,756,882,1,1,1,2
mdl/domestic/ramen_blue_open.rmdl,1462,47,59,1462,47,59,1,1,1,1
mdl/domestic/fruit_bar_02.rmdl,1080,30,45,1080,30,45,1,1,1,1
mdl/domestic/cigarettes_red.rmdl,552,12,24,552,12,24,1,1,1,1
mdl/desertlands/desertlands_city_slanted_building_01_wall_corner_Lshape.rmdl,56490,1711,1926,38016,1192,1286,1,1,2,2
mdl/containers/slumcity_oxygen_bag_large_01_b.rmdl,110586,4395,3509,51780,2078,1638,1,1,3,1
mdl/pipes/pipe_modular_painted_grey_256.rmdl,21312,704,712,12168,420,402,1,1,3,1
mdl/pipes/pipe_modular_painted_yellow_256.rmdl,25296,824,848,12168,420,402,1,1,4,1
mdl/pipes/pipe_modular_painted_red_256.rmdl,25296,824,848,12168,420,402,1,1,4,1
mdl/pipes/pipe_modular_painted_grey_128.rmdl,36528,1128,1240,24096,768,812,1,1,3,1
mdl/pipes/pipe_modular_painted_red_128.rmdl,36528,1128,1240,24096,768,812,1,1,3,1
mdl/pipes/pipe_modular_painted_yellow_128.rmdl,36528,1128,1240,24096,768,812,1,1,3,1
mdl/pipes/pipe_modular_painted_yellow_64.rmdl,17304,532,588,8640,272,292,1,1,4,1
mdl/pipes/pipe_modular_painted_grey_64.rmdl,14712,452,500,8640,272,292,1,1,3,1
mdl/pipes/pipe_modular_painted_red_64.rmdl,17304,532,588,8640,272,292,1,1,4,1
mdl/pipes/pipe_modular_painted_grey_32_valve.rmdl,93324,2878,3169,48840,1556,1646,1,1,4,1
mdl/pipes/pipe_modular_painted_red_32_valve.rmdl,93324,2878,3169,48840,1556,1646,1,1,4,1
mdl/pipes/pipe_modular_painted_yellow_32_valve.rmdl,93324,2878,3169,48840,1556,1646,1,1,4,1
mdl/pipes/pipe_modular_painted_grey_32_tjunk.rmdl,104112,3324,3507,52140,1702,1747,1,1,4,1
mdl/pipes/pipe_modular_painted_red_32_tjunk.rmdl,104112,3324,3507,52140,1702,1747,1,1,4,1
mdl/pipes/pipe_modular_painted_grey_corner.rmdl,39816,1560,1269,26304,1040,836,1,1,3,1
mdl/pipes/pipe_modular_painted_red_corner.rmdl,45528,1780,1452,26304,1040,836,1,1,4,1
mdl/pipes/pipe_modular_painted_yellow_corner.rmdl,45528,1780,1452,26304,1040,836,1,1,4,1
mdl/pipes/pipe_modular_painted_grey_32_03.rmdl,47364,1510,1596,22464,720,756,1,1,3,1
mdl/pipes/pipe_modular_painted_grey_32.rmdl,33624,1060,1136,22464,720,756,1,1,3,1
mdl/pipes/pipe_modular_painted_grey_32_04.rmdl,19056,600,644,12480,400,420,1,1,3,1
mdl/pipes/pipe_modular_painted_red_32.rmdl,37512,1180,1268,22464,720,756,1,1,4,1
mdl/pipes/pipe_modular_painted_red_32_04.rmdl,22944,720,776,12480,400,420,1,1,4,1
mdl/pipes/pipe_modular_painted_yellow_32.rmdl,37512,1180,1268,22464,720,756,1,1,4,1
mdl/pipes/pipe_modular_painted_yellow_32_04.rmdl,22944,720,776,12480,400,420,1,1,4,1
mdl/pipes/pipe_modular_painted_grey_45_angle.rmdl,33168,1200,1082,21840,800,710,1,1,3,1
mdl/pipes/pipe_modular_painted_grey_16.rmdl,34104,1084,1150,19632,632,660,1,1,3,1
mdl/pipes/pipe_modular_painted_red_16.rmdl,39168,1232,1324,19632,632,660,1,1,4,1
mdl/pipes/pipe_modular_painted_yellow_16.rmdl,39168,1232,1324,19632,632,660,1,1,4,1
mdl/pipes/pipe_modular_painted_yellow_8.rmdl,23208,740,782,12480,400,420,1,1,4,1
mdl/pipes/pipe_modular_painted_grey_8.rmdl,22440,716,756,12480,400,420,1,1,3,1
mdl/pipes/pipe_modular_painted_red_8.rmdl,23208,740,782,12480,400,420,1,1,4,1
mdl/industrial/zipline_arm.rmdl,156444,4278,5449,80028,2306,2758,1,1,4,1
mdl/domestic/wood_crate.rmdl,11928,332,414,11928,332,414,1,1,1,1
mdl/garbage/trash_can_metal_01_a.rmdl,60552,1608,2121,31374,929,1075,1,1,4,2
mdl/foliage/brute_ivy_01.rmdl,15090,545,591,15090,545,591,1,1,1,1
mdl/foliage/brute_ivy_02.rmdl,12032,422,475,12032,422,475,1,1,1,1
mdl/foliage/plant_tobacco_large_03.rmdl,24028,1048,887,24028,1048,887,1,1,1,1
mdl/foliage/plant_tobacco_large_01.rmdl,19516,846,722,19516,846,722,1,1,1,1
mdl/foliage/plant_tobacco_large_02.rmdl,12632,542,469,12632,542,469,1,1,1,1
mdl/foliage/plant_agave_01.rmdl,22000,920,824,11140,510,404,1,1,4,1
mdl/containers/plastic_pallet_01.rmdl,23136,776,924,16108,578,632,1,1,3,1
mdl/containers/plastic_pallet_02.rmdl,23136,776,924,16108,578,632,1,1,3,1
mdl/foliage/fern_ground_dark_03.rmdl,10100,440,373,10100,440,373,1,1,1,1
mdl/foliage/fern_ground_dark_01.rmdl,7896,336,294,7896,336,294,1,1,1,1
mdl/foliage/fern_ground_dark_02.rmdl,5632,242,209,5632,242,209,1,1,1,1
mdl/commercial/wall_mounted_fan.rmdl,19376,706,757,19376,706,757,1,1,1,1
mdl/domestic/working_floor_light.rmdl,12960,500,498,12960,500,498,1,1,1,1
mdl/domestic/fruit_banana.rmdl,8880,360,336,8880,360,336,1,1,1,1
mdl/utilities/wire_hanging_cluster_03.rmdl,12560,560,460,12560,560,460,1,1,1,2
mdl/domestic/ac_standing_unit_80x40_01_a.rmdl,47856,1656,1896,24672,872,972,1,1,4,1
mdl/domestic/ac_unit_dirty_32x64_01_a.rmdl,22988,828,901,13088,488,508,1,1,3,1
mdl/domestic/ac_unit_dirty_32x64_02_a.rmdl,69288,2328,2766,37380,1270,1488,1,1,4,1
mdl/colony/posted_papers_01.rmdl,124,4,5,124,4,5,1,1,1,1
mdl/kodai/white_board_postits_01.rmdl,1104,24,48,1104,24,48,1,1,1,1
mdl/domestic/ac_unit_dirty_32x64_fan_01.rmdl,6096,216,240,6096,216,240,1,1,1,1
mdl/foliage/desertlands_alien_tree_large_root_tendrils.rmdl,31584,1434,1149,17350,825,620,1,1,3,1
mdl/desertlands/desertlands_large_liquid_tank_ring_01.rmdl,4240,160,164,4240,160,164,1,1,1,2
mdl/desertlands/desertlands_corner_cafe_mod_int_frame.rmdl,4536,156,180,4536,156,180,1,1,1,1
mdl/thunderdome/thunderdome_cage_wall_512x352_02.rmdl,52618,1193,2273,29460,670,1272,1,1,3,2
mdl/thunderdome/thunderdome_cage_wall_512x352_01.rmdl,30736,696,1328,18336,416,792,1,1,3,2
mdl/thunderdome/thunderdome_cage_wall_256x352_02.rmdl,12198,263,531,6506,141,283,1,1,3,2
mdl/desertlands/city_store_front_insideframe_05.rmdl,4848,168,192,4848,168,192,1,1,1,1
mdl/thunderdome/thunderdome_cage_wall_256x352_01.rmdl,17936,376,784,10624,224,464,1,1,3,2
mdl/thunderdome/survival_modular_flexscreens_frame_01.rmdl,89624,2884,3616,42860,1490,1696,1,1,5,1
mdl/thunderdome/thunderdome_cage_ceiling_512x128_01.rmdl,22712,492,988,13352,292,580,1,1,3,2
mdl/thunderdome/thunderdome_cage_wall_256x256_01.rmdl,11644,274,500,6180,150,264,1,1,3,2
mdl/thunderdome/thunderdome_cage_ceiling_256x256_03.rmdl,30732,682,1332,19164,434,828,1,1,3,2
mdl/thunderdome/thunderdome_cage_ceiling_256x256_05.rmdl,14208,288,624,7472,152,328,1,1,3,1
mdl/thunderdome/thunderdome_cage_ceiling_256x256_02.rmdl,19592,412,856,11176,236,488,1,1,3,2
mdl/thunderdome/thunderdome_cage_wall_128x352_03.rmdl,9624,244,408,9624,244,408,1,1,1,2
mdl/thunderdome/thunderdome_cage_wall_128x352_04.rmdl,10808,228,472,6048,128,264,1,1,3,2
mdl/thunderdome/thunderdome_cage_wall_128x352_01.rmdl,21056,456,916,12040,260,524,1,1,3,2
mdl/thunderdome/thunderdome_cage_wall_128x352_02.rmdl,11912,252,520,6232,132,272,1,1,3,2
mdl/desertlands/city_store_front_insideframe_06.rmdl,3048,108,120,3048,108,120,1,1,1,1
mdl/thunderdome/thunderdome_cage_ceiling_256x128_03.rmdl,16832,352,736,10256,216,448,1,1,3,2
mdl/thunderdome/thunderdome_cage_ceiling_256x128_02.rmdl,14208,288,624,7472,152,328,1,1,3,1
mdl/thunderdome/thunderdome_cage_ceiling_256x128_04.rmdl,15424,324,674,8744,184,382,1,1,3,2
mdl/thunderdome/thunderdome_cage_ceiling_256x128_06.rmdl,4496,136,184,2952,92,120,1,1,2,2
mdl/thunderdome/thunderdome_cage_ceiling_256x64_02.rmdl,7472,152,328,7472,152,328,1,1,1,1
mdl/thunderdome/thunderdome_cage_ceiling_256x64_04.rmdl,8744,184,382,8744,184,382,1,1,1,2
mdl/thunderdome/thunderdome_cage_wall_256x128_02.rmdl,9800,220,424,5200,120,224,1,1,3,2
mdl/thunderdome/thunderdome_cage_wall_256x128_03.rmdl,7064,164,304,4488,108,192,1,1,3,2
mdl/desertlands/desertlands_corner_lrg_box_windframe_01.rmdl,1656,36,72,1656,36,72,1,1,1,1
mdl/desertlands/road_plate_metal_192_double_01.rmdl,30896,976,1252,22464,784,888,1,1,2,1
mdl/pipes/pipe_medium_256_01.rmdl,16840,640,650,9960,400,378,1,1,3,1
mdl/utilities/power_gen1.rmdl,298752,10952,11652,146864,5644,5650,1,1,5,1
mdl/industrial/rollup_door_04.rmdl,28644,1044,1119,14504,594,547,1,1,3,3
mdl/pipes/slum_pipe_large_blue_64_01.rmdl,43944,1584,1722,26576,976,1036,1,1,3,1
mdl/pipes/slum_pipe_large_yellow_64_01.rmdl,43944,1584,1722,26576,976,1036,1,1,3,1
mdl/IMC_base/imc_fan_large_case_01.rmdl,111786,5231,4020,65164,3304,2267,1,1,4,1
mdl/thunderdome/thunderdome_cage_frame_256_01.rmdl,2784,64,120,1864,44,80,1,1,2,1
mdl/thunderdome/thunderdome_cage_frame_128x32_01.rmdl,1864,44,80,1864,44,80,1,1,1,1
mdl/beacon/construction_scaff_128_64_64.rmdl,339376,9176,14216,184704,5144,7692,1,1,4,1
mdl/IMC_base/imc_fan_large_case_01_short.rmdl,93362,4377,3355,65164,3304,2267,1,1,4,1
mdl/pipes/slum_pipe_large_blue_32_01.rmdl,34444,1234,1352,21176,776,826,1,1,3,1
mdl/pipes/slum_pipe_large_yellow_32_01.rmdl,34444,1234,1352,21176,776,826,1,1,3,1
mdl/desertlands/desertlands_corner_smll_box_windframe_02.rmdl,1656,36,72,1656,36,72,1,1,1,1
mdl/desertlands/desertlands_corner_smll_box_windframe_01.rmdl,1656,36,72,1656,36,72,1,1,1,1
mdl/pipes/pipe_medium_128_01.rmdl,17680,700,674,10620,440,399,1,1,3,1
mdl/industrial/landing_mat_metal_02_large.rmdl,370040,13680,14398,297724,10994,11588,1,1,3,1
mdl/industrial/landing_mat_metal_03_large.rmdl,370040,13680,14398,297724,10994,11588,1,1,3,1
mdl/pipes/pipe_medium_tjunc_01.rmdl,49112,2222,1789,29128,1378,1043,1,1,3,1
mdl/pipes/pipe_medium_angle_01.rmdl,30380,1460,1081,17880,880,630,1,1,3,1
mdl/floating_village/lagoon_window_metal_shutters_open_80x128.rmdl,72520,1720,3110,45168,1088,1932,1,1,3,1
mdl/thunderdome/thunderdome_cage_frame_16x352_01.rmdl,3544,84,152,1704,44,72,1,1,3,2
mdl/ola/sewer_railing_01_corner_in.rmdl,148368,6108,5586,98076,4376,3591,1,1,3,1
mdl/thunderdome/thunderdome_cage_frame_128_01.rmdl,2784,64,120,1864,44,80,1,1,2,1
mdl/pipes/pipe_medium_64_01.rmdl,16680,640,642,9960,400,378,1,1,3,1
mdl/ola/sewer_railing_01_corner_out.rmdl,148368,6108,5586,98076,4376,3591,1,1,3,1
mdl/pipes/pipe_medium_45angle_01.rmdl,24760,1120,902,15240,720,546,1,1,3,1
mdl/beacon/construction_scaff_segment_128_64.rmdl,50100,1400,2085,50100,1400,2085,1,1,1,1
mdl/desertlands/road_plate_metal_128_single_01.rmdl,11772,372,477,8496,296,336,1,1,2,1
mdl/IMC_base/imc_fan_large_01.rmdl,3848,178,139,3848,178,139,1,1,1,1
mdl/timeshift/timeshift_bench_01.rmdl,16562,447,694,12958,353,542,1,1,2,1
mdl/thunderdome/thunderdome_spike_traps_small_256_01.rmdl,6064,104,272,6064,104,272,1,1,1,2
mdl/pipes/pipe_small_128_01.rmdl,45840,1720,1776,27240,1040,1050,1,1,3,1
mdl/ola/sewer_railing_01_128.rmdl,99592,3912,3806,65152,2752,2432,1,1,3,1
mdl/floating_village/lagoon_window_metal_shutters_open_80x64.rmdl,55544,1324,2380,34408,828,1472,1,1,3,1
mdl/ola/sewer_stair_railing_01.rmdl,73840,2940,2810,48152,2112,1774,1,1,3,1
mdl/ola/sewer_stair_railing_01_inv.rmdl,73840,2940,2810,48152,2112,1774,1,1,3,1
mdl/beacon/beacon_server_wall_mount_01_off.rmdl,94236,2866,3852,56388,1958,2232,1,1,3,2
mdl/homestead/homestead_floor_panel_01.rmdl,36144,1084,1482,29060,930,1174,1,1,2,1
mdl/industrial/landing_mat_metal_02.rmdl,66200,2280,2626,49796,1766,1960,1,1,3,1
mdl/industrial/landing_mat_metal_03.rmdl,65832,2272,2610,49796,1766,1960,1,1,3,1
mdl/slum_city/slumcity_girdering_256x16_dirty_d.rmdl,4992,112,216,4992,112,216,1,1,1,1
mdl/beacon/construction_scaff_128_32.rmdl,66488,1768,2794,66488,1768,2794,1,1,1,1
mdl/mendoko/mendoko_desk_01.rmdl,20008,528,842,14066,381,589,1,1,2,2
mdl/ola/sewer_railing_01_stairend.rmdl,85872,3412,3270,57328,2448,2132,1,1,3,1
mdl/slum_city/slumcity_wirebundle_128x32_hanging_a.rmdl,109240,5140,3920,53014,2579,1877,1,1,3,1
mdl/mendoko/mendoko_rubber_floor_04.rmdl,3912,92,168,3912,92,168,1,1,1,2
mdl/mendoko/mendoko_rubber_floor_01.rmdl,3912,92,168,3912,92,168,1,1,1,2
mdl/desertlands/road_plate_metal_64_single_01.rmdl,5824,184,236,4248,148,168,1,1,2,1
mdl/pipes/pipe_small_64_01.rmdl,17680,700,674,10620,440,399,1,1,3,1
mdl/pipes/pipe_small_tjunc_01.rmdl,49952,2222,1831,29968,1378,1085,1,1,3,1
mdl/ola/sewer_grate_01_16.rmdl,3824,104,160,3824,104,160,1,1,1,1
mdl/thunderdome/thunderdome_cage_frame_16x128_01.rmdl,3544,84,152,1704,44,72,1,1,3,2
mdl/beacon/kodai_metal_beam_02_256.rmdl,5280,160,216,5280,160,216,1,1,1,1
mdl/ola/sewer_railing_01_64.rmdl,79248,3168,3012,52320,2260,1938,1,1,3,1
mdl/mendoko/mendoko_sink_cabinet.rmdl,30972,1212,1185,23092,942,872,1,1,2,2
mdl/ola/sewer_railing_02_128.rmdl,86844,3434,3312,59076,2466,2214,1,1,3,1
mdl/thunderdome/thunderdome_cage_frame_16x32_01.rmdl,1760,40,76,1760,40,76,1,1,1,1
mdl/pipes/pipe_small_angle_01.rmdl,30380,1460,1081,17880,880,630,1,1,3,1
mdl/domestic/bar_sink.rmdl,41072,1452,1618,20096,726,787,1,1,2,1
mdl/containers/slumcity_oxygen_tank_blue.rmdl,78358,2713,3104,42208,1528,1652,1,1,3,1
mdl/containers/slumcity_oxygen_tank_red.rmdl,78358,2713,3104,42208,1528,1652,1,1,3,1
mdl/sewers/sewer_wire_bracket_set_thick_01.rmdl,20736,576,864,13480,380,560,1,1,2,1
mdl/mendoko/mendoko_cabinet_02.rmdl,7968,188,342,5356,126,230,1,1,2,2
mdl/ola/sewer_stair_railingsmall_01.rmdl,47404,2014,1766,32172,1502,1158,1,1,3,1
mdl/ola/sewer_stair_railingsmall_01_inv.rmdl,47404,2014,1766,32172,1502,1158,1,1,3,1
mdl/slum_city/slumcity_girdering_128x16_dirty_d.rmdl,3728,88,160,3728,88,160,1,1,1,1
mdl/beacon/construction_scaff_post_128_01.rmdl,24340,600,1037,24340,600,1037,1,1,1,1
mdl/thunderdome/thunderdome_stands_girder_brace_01.rmdl,17656,556,716,17656,556,716,1,1,1,2
mdl/pipes/pipe_small_32_01.rmdl,16680,640,642,9960,400,378,1,1,3,1
mdl/sewers/sewer_wire_bracket_set_thick_03.rmdl,9976,276,416,7224,204,300,1,1,2,1
mdl/slum_city/slumcity_wirebundle_64x32_hanging_a.rmdl,56282,2587,2038,26754,1279,954,1,1,3,1
mdl/sewers/sewer_wire_bracket_set_thin_03.rmdl,14376,436,588,11624,364,472,1,1,2,1
mdl/sewers/sewer_wire_bracket_set_thick_02.rmdl,18432,512,768,13400,380,556,1,1,2,1
mdl/mendoko/mendoko_monitor_03.rmdl,11488,328,476,11488,328,476,1,1,1,1
mdl/mendoko/mendoko_monitor_04.rmdl,40072,1272,1622,25432,832,1022,1,1,3,1
mdl/sewers/sewer_wire_bracket_set_thin_01.rmdl,18576,536,768,13240,380,548,1,1,2,1
mdl/ola/sewer_railing_01_32.rmdl,62656,2576,2360,41856,1876,1530,1,1,3,1
mdl/domestic/suspended_chair.rmdl,26784,874,1077,13016,476,508,1,1,3,1
mdl/slum_city/slumcity_pipeplastic_256_a.rmdl,18456,656,726,12320,440,484,1,1,2,1
mdl/slum_city/slumcity_pipemetal_256_b.rmdl,17656,616,698,10120,360,398,1,1,3,1
mdl/slum_city/slumcity_pipemetal_256_c.rmdl,144608,5138,5689,70328,2528,2758,1,1,4,1
mdl/beacon/kodai_metal_beam_02_128.rmdl,5280,160,216,5280,160,216,1,1,1,1
mdl/sewers/sewer_wire_bracket_set_thin_02.rmdl,10128,288,420,7184,204,298,1,1,2,1
mdl/signs/signage_plates_metal/sign_post_plate_c.rmdl,6448,208,260,3904,134,155,1,1,2,1
mdl/slum_city/slumcity_girdering_64x16_dirty_d.rmdl,3520,80,152,3520,80,152,1,1,1,1
mdl/beacon/kodai_metal_beam_02_96.rmdl,5280,160,216,5280,160,216,1,1,1,1
mdl/playback/playback_girdering_joint_2way_h_01_dirty.rmdl,6832,152,296,6832,152,296,1,1,1,1
mdl/ola/sewer_railing_01_16.rmdl,38680,1720,1418,27280,1320,968,1,1,3,1
mdl/slum_city/slumcity_pipe_bracket_corrugated_metal_a.rmdl,49344,1544,2004,49344,1544,2004,1,1,1,1
mdl/thunderdome/thunderdome_cage_frame_16x32_02.rmdl,3544,84,152,1704,44,72,1,1,3,2
mdl/slum_city/slumcity_pipeplastic_128_a.rmdl,18456,656,726,12320,440,484,1,1,2,1
mdl/beacon/kodai_metal_beam_02_64.rmdl,5280,160,216,5280,160,216,1,1,1,1
mdl/industrial/dart_board.rmdl,2180,80,85,2180,80,85,1,1,1,1
mdl/slum_city/slumcity_girdering_32x16_dirty_d.rmdl,2784,64,120,2784,64,120,1,1,1,1
mdl/slum_city/slumcity_wirebundle_32x32_hanging_a.rmdl,34220,1500,1261,16456,756,596,1,1,3,1
mdl/signs/signage_plates_metal/sign_plate_a.rmdl,640,20,26,424,14,17,1,1,2,1
mdl/slum_city/slumcity_wirebundle_16x16_90_a.rmdl,24528,1008,924,17200,740,638,1,1,2,1
mdl/signs/signage_plates_metal/sign_plate_c.rmdl,640,20,26,424,14,17,1,1,2,1
mdl/slum_city/slumcity_pipemetal_32_walljunc_a.rmdl,11412,472,429,6136,256,230,1,1,3,1
mdl/door/canyonlands_door_single_02_hinges.rmdl,14800,440,608,9040,280,368,1,1,3,1
mdl/slum_city/slumcity_pipemetal_64_b.rmdl,65316,2166,2616,33656,1136,1342,1,1,4,1
mdl/slum_city/slumcity_pipemetal_64_c.rmdl,8328,288,330,4480,160,176,1,1,3,1
mdl/slum_city/slumcity_pipemetal_64_a.rmdl,27936,996,1098,17216,616,676,1,1,3,1
mdl/slum_city/slumcity_pipeplastic_64_a.rmdl,2192,72,88,1760,60,70,1,1,2,1
mdl/slum_city/slumcity_girdering_16x16_dirty_d.rmdl,2784,64,120,2784,64,120,1,1,1,1
mdl/slum_city/slumcity_pipeplastic_16_90junc_a.rmdl,10924,444,413,6136,256,230,1,1,3,1
mdl/slum_city/slumcity_pipemetal_16_walljunc_a.rmdl,11136,456,420,6136,256,230,1,1,3,1
mdl/slum_city/slumcity_pipeplastic_32_a.rmdl,2192,72,88,1760,60,70,1,1,2,1
mdl/furniture/office_desk_accessories_papers.rmdl,328,8,14,328,8,14,1,1,1,1
mdl/lamps/industrial_wall_light.rmdl,4588,138,188,3564,114,144,1,1,2,1
mdl/lamps/industrial_wall_light_02.rmdl,4588,138,188,3564,114,144,1,1,2,1
mdl/furniture/office_desk_accessories_pen_holder.rmdl,28220,1070,1090,28220,1070,1090,1,1,1,1
mdl/slum_city/slumcity_pipemetal_8_walljunc_a.rmdl,11136,456,420,6136,256,230,1,1,3,1
mdl/slum_city/slumcity_pipemetal_8_junc_a.rmdl,30108,1048,1191,15576,586,603,1,1,3,1
mdl/slum_city/slumcity_pipeplastic_16_a.rmdl,2192,72,88,1760,60,70,1,1,2,1
mdl/furniture/office_desk_accessories_mug.rmdl,16060,560,635,9820,350,386,1,1,3,1
mdl/industrial/dart_green.rmdl,1696,46,71,1696,46,71,1,1,1,1
mdl/industrial/dart_red.rmdl,1696,46,71,1696,46,71,1,1,1,1
mdl/foliage/desertlands_alien_tree_02.rmdl,359994,13547,11613,171378,7151,5353,1,1,5,4
mdl/beacon/construction_scaff_tarp_floor_01.rmdl,43630,2535,1421,21426,1281,687,1,1,4,1
mdl/beacon/construction_scaff_128_64_128_02.rmdl,489288,15078,19941,261888,8218,10629,1,1,4,2
mdl/sewers/sewer_wire_black_bend_r_thin_01.rmdl,18816,696,732,11228,428,433,1,1,3,2
mdl/containers/box_shrinkwrapped.rmdl,33252,722,1205,17550,397,632,1,1,3,2
mdl/levels_terrain/mp_rr_desertlands/desertlands_space_elevator_pole_01.rmdl,2750,71,83,1800,48,54,1,1,2,1
mdl/foliage/desertlands_alien_tree_large_01.rmdl,292442,11113,8063,138532,5752,3715,1,1,5,5
mdl/levels_terrain/mp_rr_desertlands/desertlands_space_elevator_cable_01.rmdl,91752,4156,2784,89856,4096,2720,1,1,3,1
mdl/levels_terrain/mp_rr_desertlands/desertlands_space_elevator_cable_02.rmdl,2244,70,76,1248,40,42,1,1,3,1
mdl/lava_land/volcanic_rock_01a.rmdl,122568,6548,3470,65442,3563,1836,1,1,5,1
mdl/lava_land/volcanic_rock_02a.rmdl,61536,3208,1762,32376,1736,915,1,1,5,1
mdl/rocks/icelandic_moss_rock_01.rmdl,83838,4377,2399,43950,2365,1240,1,1,5,1
mdl/lamps/light_parking_post.rmdl,135112,3862,5597,77612,2372,3169,1,1,4,1
mdl/industrial/cafe_coffe_machine.rmdl,28928,828,1198,13712,392,568,1,1,3,1
mdl/furniture/office_keyboard_plastic.rmdl,920,20,40,920,20,40,1,1,1,1
mdl/desertlands/desertlands_ice_explosion_mod_04.rmdl,206784,9272,6298,107508,4946,3243,1,1,4,1
mdl/desertlands/desertlands_ice_mod_04.rmdl,10644,470,326,6648,312,199,1,1,2,1
mdl/desertlands/desertlands_ice_explosion_mod_02.rmdl,213012,9638,6466,106608,4976,3198,1,1,5,1
mdl/desertlands/desertlands_ice_explosion_mod_01.rmdl,111444,5130,3361,55308,2650,1642,1,1,5,1
mdl/desertlands/desertlands_ice_explosion_mod_03.rmdl,206172,9586,6194,102948,4950,3052,1,1,5,1
mdl/desertlands/desertlands_ice_mod_01.rmdl,12552,540,388,6528,312,194,1,1,3,1
mdl/desertlands/desertlands_ice_mod_03.rmdl,11976,512,371,6216,296,185,1,1,3,1
mdl/IMC_base/thumper_generator_set_b.rmdl,564230,18595,22633,279680,9660,11086,1,1,4,1
mdl/vehicles_r5/land/msc_forklift_imc_v2/veh_land_msc_forklift_imc_v2_static.rmdl,539690,18585,21409,278484,10144,10881,1,1,5,1
mdl/beacon/beacon_wire_ground_coils_04.rmdl,20636,1056,715,20636,1056,715,1,1,1,1
mdl/utilities/wire_ceiling_mounts_corner_l.rmdl,87008,3168,3400,50312,1872,1954,1,1,3,1
mdl/utilities/wire_ceiling_mounts_corner.rmdl,85988,3168,3349,50312,1872,1954,1,1,3,1
mdl/utilities/wires_ground_coils_01.rmdl,57152,2452,2122,33712,1572,1214,1,1,4,1
mdl/beacon/mendoko_wires_ground_coils_01.rmdl,33712,1572,1214,33712,1572,1214,1,1,1,1
mdl/utilities/wire_ceiling_mounts_straight.rmdl,70916,2196,2887,36656,1196,1474,1,1,3,1
mdl/utilities/wire_ground_coils_02.rmdl,28676,1396,1015,20212,1032,701,1,1,3,1
mdl/beacon/beacon_wire_ground_coils_02.rmdl,20212,1032,701,20212,1032,701,1,1,1,1
mdl/beacon/mendoko_wire_ground_coils_02.rmdl,20212,1032,701,20212,1032,701,1,1,1,1
mdl/mendoko/mendoko_wire_ground_coils_02.rmdl,20212,1032,701,20212,1032,701,1,1,1,1
mdl/beacon/beacon_wire_cluster_07.rmdl,17100,960,567,17100,960,567,1,1,1,1
mdl/beacon/mendoko_wire_cluster_07.rmdl,17100,960,567,17100,960,567,1,1,1,1
mdl/utilities/wire_ground_coils_03.rmdl,29056,1416,1028,20424,1044,708,1,1,3,1
mdl/beacon/beacon_wire_ground_coils_03.rmdl,20424,1044,708,20424,1044,708,1,1,1,1
mdl/beacon/mendoko_wire_ground_coils_03.rmdl,20424,1044,708,20424,1044,708,1,1,1,1
mdl/mendoko/mendoko_wire_ground_coils_03.rmdl,20424,1044,708,20424,1044,708,1,1,1,1
mdl/industrial/tool_chest.rmdl,113344,3844,4514,52944,1944,2064,1,1,3,1
mdl/beacon/modular_hose_yellow_128_bend_01.rmdl,11740,490,440,6460,280,239,1,1,3,1
mdl/industrial/tripod_cone_v1_high_on.rmdl,46476,1476,1881,21128,708,844,1,1,3,1
mdl/industrial/tool_chest_double.rmdl,58848,2108,2310,29904,1184,1140,1,1,3,1
mdl/beacon/modular_hose_yellow_128_01.rmdl,17600,840,628,9740,480,343,1,1,3,1
mdl/beacon/modular_hose_yellow_128_02.rmdl,12920,560,478,7120,320,260,1,1,3,1
mdl/beacon/beacon_wire_cluster_03.rmdl,13236,736,441,13236,736,441,1,1,1,1
mdl/beacon/mendoko_wire_cluster_03.rmdl,13236,736,441,13236,736,441,1,1,1,1
mdl/industrial/welding_push_unit.rmdl,90086,3321,3508,47764,1874,1826,1,1,3,1
mdl/beacon/beacon_wire_cluster_02.rmdl,23448,1328,774,23448,1328,774,1,1,1,1
mdl/beacon/mendoko_wire_cluster_02.rmdl,23448,1328,774,23448,1328,774,1,1,1,1
mdl/beacon/beacon_wire_cluster_01.rmdl,16548,928,549,16548,928,549,1,1,1,1
mdl/beacon/beacon_wire_cluster_04.rmdl,16272,912,540,16272,912,540,1,1,1,1
mdl/beacon/mendoko_wire_cluster_01.rmdl,16548,928,549,16548,928,549,1,1,1,1
mdl/industrial/fan_mounted.rmdl,61340,2130,2428,30508,1128,1187,1,1,3,1
mdl/props/tire_samson_v2_01/tire_samson_v2_01.rmdl,12532,502,476,6848,288,256,1,1,3,1
mdl/IMC_base/conduit_str_64_IMC_01.rmdl,5008,168,200,2656,96,104,1,1,3,1
mdl/beacon/modular_hose_yellow_32_01.rmdl,5840,140,250,3160,80,134,1,1,3,1
mdl/beacon/mendoko_wire_cluster_08.rmdl,24084,1154,858,24084,1154,858,1,1,1,1
mdl/beacon/mendoko_wire_cluster_08_l.rmdl,24064,1154,857,24064,1154,857,1,1,1,1
mdl/IMC_base/conduit_str_64_IMC_02.rmdl,2272,72,92,1328,48,52,1,1,3,1
mdl/IMC_base/conduit_str_32_IMC_01.rmdl,11568,528,420,7504,384,260,1,1,3,1
mdl/beacon/beacon_wire_cluster_06.rmdl,24064,1154,857,24064,1154,857,1,1,1,1
mdl/IMC_base/conduit_bend_16_IMC_01.rmdl,25482,1357,867,15584,864,520,1,1,3,1
mdl/IMC_base/conduit_str_16_IMC_01.rmdl,21168,1008,756,14608,768,500,1,1,3,1
mdl/IMC_base/conduit_str_32_IMC_02.rmdl,4880,240,172,3752,192,130,1,1,2,1
mdl/IMC_base/conduit_str_08_IMC_01.rmdl,21168,1008,756,14608,768,500,1,1,3,1
mdl/IMC_base/conduit_str_16_IMC_02.rmdl,8008,408,278,7304,384,250,1,1,2,1
mdl/IMC_base/conduit_bend_16_IMC_02.rmdl,6984,384,234,6984,384,234,1,1,1,1
mdl/IMC_base/conduit_str_08_IMC_02.rmdl,8008,408,278,7304,384,250,1,1,2,1
mdl/IMC_base/conduit_start_IMC_02.rmdl,6920,360,238,5368,288,182,1,1,2,1
mdl/IMC_base/conduit_cap_IMC_02.rmdl,1064,44,40,1064,44,40,1,1,1,1
mdl/industrial/fan_mounted_w_cage.rmdl,63912,2232,2526,31380,1160,1221,1,1,3,2
mdl/slum_city/slumcity_pipe_256_corrugated_metal_a.rmdl,29664,1004,1182,22064,764,874,1,1,2,1
mdl/slum_city/slumcity_pipe_128_corrugated_metal_a.rmdl,16760,520,682,12400,400,500,1,1,2,1
mdl/slum_city/slumcity_pipe_64_corrugated_metal_b.rmdl,62384,2994,2221,37792,1852,1334,1,1,3,1
mdl/slum_city/slumcity_pipe_64_corrugated_metal_a.rmdl,5080,180,200,3320,120,130,1,1,2,1
mdl/slum_city/slumcity_pipe_90junc_corrugated_metal_a.rmdl,15200,740,538,10420,520,365,1,1,2,1
mdl/slum_city/slumcity_pipe_32_corrugated_metal_b.rmdl,32508,1458,1188,21532,982,782,1,1,3,1
mdl/slum_city/slumcity_pipe_32_corrugated_metal_a.rmdl,48552,2352,1722,29960,1520,1042,1,1,3,1
mdl/slum_city/slumcity_pipe_16_corrugated_metal_a.rmdl,28164,1374,996,18022,927,623,1,1,3,1
mdl/foliage/plant_fern_small_02.rmdl,2108,88,79,2108,88,79,1,1,1,1
mdl/domestic/magazine_pile_05.rmdl,4864,144,200,4864,144,200,1,1,1,1
mdl/signs/market/angel_city_market_signs2.rmdl,276,6,12,276,6,12,1,1,1,1
mdl/signs/market/angel_city_market_signs1.rmdl,552,12,24,552,12,24,1,1,1,1
mdl/signs/market/angel_city_market_sign4.rmdl,92,2,4,92,2,4,1,1,1,1
mdl/signs/market/angel_city_market_signs4.rmdl,276,6,12,276,6,12,1,1,1,1
mdl/signs/market/angel_city_market_sign16.rmdl,92,2,4,92,2,4,1,1,1,1
mdl/signs/market/angel_city_market_sign17.rmdl,92,2,4,92,2,4,1,1,1,1
mdl/signs/market/angel_city_market_sign2.rmdl,92,2,4,92,2,4,1,1,1,1
mdl/signs/market/angel_city_market_sign9.rmdl,92,2,4,92,2,4,1,1,1,1
mdl/signs/market/angel_city_market_sign6.rmdl,92,2,4,92,2,4,1,1,1,1
mdl/desertlands/desertlands_plantroom_rack_01_no_lights.rmdl,62360,1520,2662,26804,674,1138,1,1,4,1
mdl/desertlands/desertlands_plantroom_floor_piece_01.rmdl,92,2,4,92,2,4,1,1,1,1
mdl/lava_land/volcanic_dry_flow_01.rmdl,58146,3421,1881,33442,2017,1067,1,1,5,1
mdl/angel_city/toy_dispenser_01.rmdl,82512,3152,3180,39496,1596,1496,1,1,3,1
mdl/slum_city/slumcity_fencewall_128x72_dirty.rmdl,10052,222,436,6464,144,280,1,1,3,2
mdl/ola/sewer_grate_02.rmdl,11704,344,482,11704,344,482,1,1,1,2
mdl/lava_land/volcanic_dry_flow_01_illum.rmdl,58146,3421,1881,33442,2017,1067,1,1,5,1
mdl/industrial/light_pole_bforce_02.rmdl,147756,4716,5973,87772,3032,3479,1,1,4,1
mdl/industrial/security_fence_post.rmdl,12768,418,513,12768,418,513,1,1,1,1
mdl/IMC_base/monitor_command_imc_01.rmdl,19496,476,832,19496,476,832,1,1,1,1
mdl/eden/beacon_small_screen_02_off.rmdl,18572,442,796,18572,442,796,1,1,1,1
mdl/industrial/vending_machine_05.rmdl,37286,1351,1459,21108,808,813,1,1,3,1
mdl/industrial/electrical_box_green.rmdl,9360,220,402,9360,220,402,1,1,1,1
mdl/IMC_base/monitor_command_small_imc_01.rmdl,19496,476,832,19496,476,832,1,1,1,1
mdl/lamps/halogen_light_ceiling_blueish.rmdl,19528,648,782,9048,348,348,1,1,3,1
mdl/lamps/halogen_light_ceiling.rmdl,19528,648,782,9048,348,348,1,1,3,1
mdl/mendoko/mendoko_research_microscope.rmdl,80120,2620,3220,42608,1528,1672,1,1,3,1
mdl/lamps/industrial_wall_light_02_on.rmdl,4588,138,188,3564,114,144,1,1,2,1
mdl/lamps/industrial_wall_light_02_on_blue.rmdl,4588,138,188,3564,114,144,1,1,2,1
mdl/lamps/industrial_wall_light_on_blue.rmdl,4588,138,188,3564,114,144,1,1,2,1
mdl/lamps/industrial_wall_light_on.rmdl,4588,138,188,3564,114,144,1,1,2,1
mdl/signs/sign_market_01_on.rmdl,12200,300,520,6456,156,276,1,1,3,2
mdl/desertlands/desertlands_apartments_planter_02.rmdl,6396,130,234,6396,130,234,1,1,1,4
mdl/beacon/generator_fan_house_cap_01.rmdl,31032,792,1095,19614,521,687,1,1,3,1
mdl/levels_terrain/mp_rr_desertlands/desertlands_themine_cylinder_01.rmdl,204426,6091,6995,134250,4103,4568,1,1,3,5
mdl/colony/antenna_03_colony.rmdl,562462,16437,23192,250616,7816,10186,1,1,3,2
mdl/rocks/desertlands_sulfur_rock_06.rmdl,88404,3894,2710,40284,1982,1183,1,1,5,1
mdl/rocks/desertlands_sulfur_rock_cluster_03.rmdl,70536,3008,2187,35256,1672,1051,1,1,4,1
mdl/rocks/desertlands_sulfur_rock_05.rmdl,90312,4012,2760,40212,1982,1180,1,1,5,1
mdl/vehicles_r5/land_med/msc_freight_tortus_mod/veh_land_msc_freight_tortus_mod_cargo_holder_v1_static.rmdl,182702,6607,7153,95260,3830,3614,1,1,5,1
mdl/vehicles_r5/land_med/msc_freight_tortus_mod/veh_land_msc_freight_tortus_mod_wheeled_v1_static.rmdl,291256,11106,11231,145452,6112,5439,1,1,5,1
mdl/colony/farmland_crate_md_80x64x72_01.rmdl,15244,644,569,9592,452,344,1,1,3,1
mdl/colony/farmland_crate_md_80x64x72_02.rmdl,19988,918,724,13472,682,469,1,1,3,1
mdl/colony/farmland_crate_md_80x64x72_03.rmdl,29488,1348,1070,17496,916,600,1,1,4,1
mdl/furniture/chair_beanbag_01.rmdl,47092,2492,1607,34204,1934,1130,1,1,3,1
mdl/domestic/farmland_mattress_sheet_01b.rmdl,40424,2304,1330,29288,1688,958,1,1,2,1
mdl/domestic/farmland_mattress_sheet_01.rmdl,40424,2304,1330,29288,1688,958,1,1,2,1
mdl/domestic/farmland_mattress_01.rmdl,35120,2030,1147,30332,1782,982,1,1,2,1
mdl/colony/farmland_ac_unit_64x16x80_01.rmdl,15688,508,632,10406,341,418,1,1,3,1
mdl/firstgen/firstgen_barrel_01.rmdl,56484,2564,2055,33588,1578,1206,1,1,4,1
mdl/vehicles_r5/land_med/msc_freight_tortus_mod/veh_land_msc_freight_tortus_mod_attach_nav_v1_static.rmdl,32096,1186,1249,14432,632,532,1,1,5,1
mdl/vehicles_r5/land_med/msc_freight_tortus_mod/veh_land_msc_freight_tortus_mod_attach_hitch_v1_static.rmdl,28856,896,1174,12322,427,488,1,1,5,1
mdl/desertlands/desertlands_train_station_turnstile_01.rmdl,74716,3166,2786,35408,1648,1276,1,1,4,1
mdl/angel_city/vending_machine.rmdl,34380,1210,1356,23388,858,912,1,1,3,1
mdl/industrial/city_light.rmdl,7752,292,300,7752,292,300,1,1,1,1
mdl/domestic/restaurant_vent_64x40_dirty.rmdl,10472,312,430,7456,236,302,1,1,2,1
mdl/fixtures/stasis_light_01_warm.rmdl,80136,3156,3060,49308,2058,1848,1,1,3,2
mdl/fixtures/stasis_light_01.rmdl,80136,3156,3060,49308,2058,1848,1,1,3,1
mdl/fixtures/stasis_light_01_red.rmdl,80136,3156,3060,49308,2058,1848,1,1,3,1
mdl/lamps/light_florescenet_modern.rmdl,38592,1082,1605,18060,570,732,1,1,3,1
mdl/lights/industrial_interior_light_small_01.rmdl,9852,292,405,8774,259,361,1,1,2,1
mdl/lamps/floor_standing_ambient_light.rmdl,11468,258,496,11468,258,496,1,1,1,1
mdl/communication/phone_video_street.rmdl,64256,1906,2641,27834,849,1137,1,1,5,1
mdl/domestic/cash_register_touchscreen.rmdl,32588,1088,1303,15608,548,616,1,1,4,1
mdl/utilities/halogen_lightbulbs.rmdl,27064,984,1058,14272,552,548,1,1,3,1
mdl/lamps/office_desk_lamp.rmdl,30400,980,1226,15712,512,632,1,1,3,1
mdl/industrial/hand_rail_glass_light_24.rmdl,19084,604,773,11972,392,481,1,1,3,1
mdl/desertlands/desertlands_train_station_interior_light_03.rmdl,8852,282,358,5044,174,200,1,1,3,2
mdl/foliage/tree_acacia_small_02.rmdl,82068,3150,2632,45996,1890,1444,1,1,3,2
mdl/foliage/ivy_green_large_hanging_02.rmdl,26408,938,1039,14478,583,549,1,1,3,1
mdl/haven/haven_bamboo_tree_02.rmdl,19172,652,763,12496,446,491,1,1,2,1
mdl/foliage/icelandic_ground_plant_01.rmdl,85662,3257,3306,49006,1981,1856,1,1,3,1
mdl/foliage/ground_plant_desertlands_01_group_01.rmdl,34412,1002,1420,17488,528,716,1,1,4,1
mdl/foliage/ground_plant_desertlands_01.rmdl,5670,165,234,2882,87,118,1,1,4,1
mdl/foliage/ground_plant_large.rmdl,5670,165,234,2882,87,118,1,1,4,1
mdl/foliage/plant_tropical_ground_leafy_01.rmdl,85602,3457,3243,43436,1896,1603,1,1,4,1
mdl/utilities/wire_bundle_01.rmdl,4922,187,190,4922,187,190,1,1,1,1
mdl/foliage/brute_small_tiger_plant.rmdl,7994,289,313,5616,216,216,1,1,2,1
mdl/foliage/brute_small_tiger_plant_02.rmdl,2928,108,114,1872,72,72,1,1,2,1
mdl/foliage/grass_luscious_clump_02_flower.rmdl,12556,426,500,12556,426,500,1,1,1,2
mdl/foliage/icelandic_ground_plant_02.rmdl,368,8,16,368,8,16,1,1,1,1
mdl/foliage/holy_e_ear_plant.rmdl,14660,360,625,10392,252,444,1,1,2,1
mdl/foliage/foliage_ground_plants.rmdl,5538,163,228,2882,87,118,1,1,3,1
mdl/foliage/foliage_ground_plants_desertlands.rmdl,5538,163,228,2882,87,118,1,1,3,1
mdl/domestic/reciept_cluster_restaurant_01.rmdl,2316,96,87,2316,96,87,1,1,1,1
mdl/domestic/atm_city_interior_02.rmdl,22196,836,859,11600,490,433,1,1,4,1
mdl/desertlands/desertlands_serving_counter_01.rmdl,59776,1896,2420,30504,1024,1218,1,1,4,3
mdl/foliage/tree_brush_yellow_large_03.rmdl,74940,3190,2790,44424,2024,1614,1,1,3,2
mdl/desertlands/desertlands_city_slanted_building_01_wall_corner_Lshape_end.rmdl,63900,1986,2166,41700,1338,1403,1,1,2,2
mdl/desertlands/industrial_crane_yellow_donut_01.rmdl,324540,8846,11311,161316,4658,5557,1,1,4,5
mdl/foliage/tree_acacia_small_03.rmdl,46998,1793,1510,22248,872,709,1,1,3,2
mdl/desertlands/desertlands_city_slanted_building_01_wall_128.rmdl,27888,744,976,18384,512,638,1,1,2,2
mdl/desertlands/desertlands_hr_small_apt_a_03.rmdl,111636,2086,3896,66424,1252,2352,1,1,3,9
mdl/imc_interior/wrapped_pipe_256.rmdl,106698,5353,3729,66000,3270,2319,1,1,4,2
mdl/desertlands/desertlands_city_slanted_building_01_wall_64.rmdl,23964,602,848,14664,372,518,1,1,2,2
mdl/desertlands/desertlands_hr_small_apt_a_01.rmdl,91920,1708,3182,53296,1000,1874,1,1,3,9
mdl/foliage/tree_acacia_small_01.rmdl,26832,1000,868,15396,606,490,1,1,3,2
mdl/desertlands/desertlands_city_slanted_building_01_wall_64_end_l.rmdl,33882,959,1172,19992,580,688,1,1,2,2
mdl/desertlands/highrise_square_top_point.rmdl,307464,6060,11296,219960,4276,8096,1,1,3,6
mdl/desertlands/desertlands_apartments_planter_03.rmdl,6492,130,238,6492,130,238,1,1,1,3
mdl/desertlands/highrise_rectangle_base.rmdl,4440,84,164,4440,84,164,1,1,1,2
mdl/desertlands/industrial_struct_bldg_03.rmdl,93252,1914,3407,93252,1914,3407,1,1,1,9
mdl/desertlands/industrial_struct_bldg_05.rmdl,159768,3572,5764,159768,3572,5764,1,1,1,10
mdl/rocks/rock_lava_small_moss_desertlands_01.rmdl,60804,2774,1840,30336,1500,889,1,1,4,1
mdl/rocks/rock_lava_small_moss_desertlands_03.rmdl,59292,2774,1777,29760,1500,865,1,1,4,1
mdl/rocks/rock_lava_small_desertlands_02.rmdl,54468,2788,1887,26880,1500,894,1,1,4,1
mdl/rocks/rock_lava_small_desertlands_01.rmdl,53444,2774,1840,26780,1500,889,1,1,4,1
mdl/rocks/rock_lava_cluster_desertlands_01.rmdl,109728,3488,4440,54976,1976,2156,1,1,4,1
mdl/rocks/rock_lava_cluster_desertlands_02.rmdl,35680,980,1490,15900,550,630,1,1,4,1
mdl/rocks/rock_lava_small_desertlands_03.rmdl,52184,2774,1777,26300,1500,865,1,1,4,1
mdl/rocks/rock_lava_cluster_desertlands_03.rmdl,85632,2352,3576,38160,1320,1512,1,1,4,1
mdl/desertlands/desertlands_plantroom_rack_03.rmdl,112268,3058,4696,65484,1954,2688,1,1,3,1
mdl/IMC_base/generator_IMC_01.rmdl,259816,8646,10397,115154,4259,4480,1,1,5,1
mdl/IMC_base/imc_antenna_large.rmdl,81090,2885,3189,48196,1876,1847,1,1,3,1
mdl/industrial/UTG_spire.rmdl,136124,4924,5329,71788,2848,2735,1,1,3,1
mdl/angel_city/jersey_barrier_large_02.rmdl,7028,298,262,7028,298,262,1,1,1,1
mdl/domestic/market_counter_step.rmdl,5460,126,196,5460,126,196,1,1,1,1
mdl/furniture/office_desk_shelved.rmdl,24396,546,1056,11160,260,480,1,1,3,1
mdl/desertlands/desertlands_barrier_concrete_128_01.rmdl,65984,1584,2824,37352,892,1600,1,1,4,1
mdl/domestic/market_counter_flat.rmdl,8808,228,310,8808,228,310,1,1,1,1
mdl/foliage/plant_chinese_evergreen_small_nexus_02.rmdl,75598,3383,2765,36776,1726,1321,1,1,4,1
mdl/angel_city/recyclebin_large_01.rmdl,43040,1540,1690,26092,1012,1001,1,1,2,1
mdl/domestic/market_counter_curve.rmdl,9426,251,330,9426,251,330,1,1,1,1
mdl/colony/antenna_01_colony_arm.rmdl,168134,4919,6931,105692,3302,4294,1,1,4,1
mdl/IMC_base/imc_antenna_01.rmdl,10068,288,417,10068,288,417,1,1,1,1
mdl/furniture/office_chair_leather.rmdl,48028,1718,1886,19800,760,762,1,1,3,1
mdl/IMC_base/imc_antenna_02.rmdl,11240,330,463,11240,330,463,1,1,1,1
mdl/IMC_base/monitor_imc_02.rmdl,36432,1352,1416,36432,1352,1416,1,1,1,1
mdl/IMC_base/imc_antenna_03.rmdl,10340,410,394,10340,410,394,1,1,1,1
mdl/IMC_base/monitor_arm_01_oldsand.rmdl,10172,322,412,10172,322,412,1,1,1,1
mdl/signs/runoff_signs/recycle_sign.rmdl,2160,80,84,2160,80,84,1,1,1,1
mdl/domestic/flower_pot_med_01.rmdl,17576,636,688,9660,360,375,1,1,4,1
mdl/signs/street_sign_arrow.rmdl,1128,28,48,1128,28,48,1,1,1,1
mdl/signs/street_sign_rail_distance_02.rmdl,552,12,24,552,12,24,1,1,1,1
mdl/signs/thumper_signs_03.rmdl,1128,28,48,1128,28,48,1,1,1,1
mdl/furniture/books_shelved.rmdl,6560,160,280,3800,100,160,1,1,2,1
mdl/domestic/chip_bag_03.rmdl,456,16,18,456,16,18,1,1,1,1
mdl/domestic/chip_bag_01.rmdl,456,16,18,456,16,18,1,1,1,1
mdl/signs/runoff_signs/pump_distance_sign.rmdl,848,28,34,848,28,34,1,1,1,1
mdl/desertlands/desertlands_train_track_sign_01.rmdl,52460,1450,2188,27236,806,1120,1,1,3,2
mdl/foliage/tree_brush_yellow_large_01.rmdl,31258,1323,1166,18296,836,664,1,1,3,2
mdl/beacon/construction_plastic_mat_black_01.rmdl,27220,1360,953,16164,844,555,1,1,3,2
mdl/desertlands/lightpole_desertlands_city_01.rmdl,25612,812,1037,14976,516,594,1,1,2,2
mdl/desertlands/industrial_metal_frame_wall_128x144_01.rmdl,27476,666,1174,11024,284,466,1,1,4,3
mdl/domestic/farmland_lockers_01.rmdl,15060,486,506,15060,486,506,1,1,1,2
mdl/desertlands/highrise_rectangle_slice_01.rmdl,88824,1652,3288,60720,1128,2248,1,1,3,7
mdl/desertlands/highrise_rectangle_top_01.rmdl,3612,86,129,3612,86,129,1,1,1,3
mdl/colony/farmland_domicile_hanging_net_01.rmdl,88260,3250,2865,58536,2316,1860,1,1,4,3
mdl/foliage/moss_green_hanging_large_01_dark.rmdl,16860,510,575,11976,372,406,1,1,3,1
mdl/foliage/moss_green_hanging_large_02_dark.rmdl,5754,167,198,3480,104,119,1,1,3,1
mdl/foliage/moss_green_hanging_large_04_dark.rmdl,3108,86,108,2352,68,81,1,1,2,1
mdl/foliage/leaves_ground_spread_01.rmdl,9390,209,339,4752,120,168,1,1,3,1
mdl/angel_city/ground_pile_trash_02.rmdl,1986,51,70,1986,51,70,1,1,1,1
mdl/angel_city/ground_pile_trash_03.rmdl,1140,26,41,1140,26,41,1,1,1,1
mdl/foliage/plant_bush_thorny_leaf_small.rmdl,5088,144,176,3576,100,124,1,1,2,1
mdl/desertlands/highrise_square_slice_05.rmdl,6912,136,254,4836,94,178,1,1,2,2
mdl/desertlands/highrise_square_top_02.rmdl,8016,208,282,4752,128,166,1,1,2,2
mdl/garbage/trash_bin_single_wtrash.rmdl,100116,3556,3939,44870,1675,1741,1,1,3,4
mdl/beacon/construction_plastic_mat_white_01.rmdl,27756,1376,975,16164,844,555,1,1,4,2
mdl/rocks/desertlands_sulfur_rock_cluster_01.rmdl,70536,3008,2187,35256,1672,1051,1,1,4,1
mdl/rocks/desertlands_sulfur_ground_cluster_01.rmdl,127872,4240,4268,43272,1980,1308,1,1,5,1
mdl/barriers/guard_rail_01_256.rmdl,40616,1676,1528,19556,926,700,1,1,4,1
mdl/barriers/guard_rail_01_128.rmdl,38176,1616,1424,18496,896,656,1,1,4,1
mdl/canyonlands/canyonlands_zone_sign_01.rmdl,84724,2594,3458,33932,1122,1360,1,1,5,4
mdl/desertlands/indust_struct_cooling_tower_curv_ramp_01.rmdl,26156,826,1060,26156,826,1060,1,1,1,2
mdl/colony/solar_panel_angled_01.rmdl,69184,1694,2951,45784,1154,1943,1,1,3,1
mdl/foliage/lilypad_clusters_05_flowing.rmdl,92,2,4,92,2,4,1,1,1,1
mdl/rocks/icelandic_rockcluster_02.rmdl,156840,6788,4838,85896,4032,2571,1,1,4,1
mdl/rocks/icelandic_rockcluster_03.rmdl,173796,7290,5419,97728,4424,2966,1,1,4,1
mdl/rocks/icelandic_rockcluster_01.rmdl,78552,3388,2426,42624,1988,1279,1,1,4,1
mdl/desertlands/industrial_window_shutter_128x80.rmdl,15790,395,671,7232,192,304,1,1,4,1
mdl/desertlands/industrial_window_shutter_64x80.rmdl,11724,294,498,5424,144,228,1,1,4,1
mdl/desertlands/industrial_window_shutter_64x68.rmdl,11724,294,498,5424,144,228,1,1,4,1
mdl/desertlands/industrial_cargo_container_large_01.rmdl,137960,3880,5734,56272,1622,2327,1,1,5,3
mdl/garbage/trash_bin_single_wtrash_Blue.rmdl,88588,3138,3488,44870,1675,1741,1,1,3,4
mdl/foliage/plant_grass_dead_tall_01.rmdl,11424,304,400,11424,304,400,1,1,1,2
mdl/desertlands/highrise_square_slice_11.rmdl,8568,212,304,6372,158,226,1,1,2,2
mdl/levels_terrain/mp_rr_canyonlands/canyonland_pipe_ring.rmdl,9420,242,332,6120,156,216,1,1,2,3
mdl/levels_terrain/mp_rr_desertlands/desertlands_z12_outer_circle_platform_01.rmdl,298464,7936,10452,180468,5046,6258,1,1,4,12
mdl/IMC_base/imc_tech_pipepanel_92_04.rmdl,20544,764,798,20544,764,798,1,1,1,1
mdl/domestic/papers_ground02.rmdl,2678,93,106,2678,93,106,1,1,1,1
mdl/domestic/papers_ground01.rmdl,2256,76,90,2256,76,90,1,1,1,1
mdl/signs/restaurant_sign.rmdl,11352,332,468,11352,332,468,1,1,1,1
mdl/domestic/painting_set_large.rmdl,1664,44,70,1664,44,70,1,1,1,2
mdl/foliage/tree_brush_yellow_large_02.rmdl,23804,994,892,14284,654,518,1,1,3,2
mdl/playback/playback_fish_net_01.rmdl,40544,1814,1483,25124,1164,907,1,1,2,2
mdl/domestic/luggage_big_open_01.rmdl,125724,4734,4866,58692,2252,2259,1,1,3,3
mdl/rocks/desertlands_sulfur_rock_07.rmdl,297618,14773,10449,168842,9107,5710,1,1,4,1
mdl/rocks/desertlands_sulfur_rock_08.rmdl,310078,15313,10910,168842,9107,5710,1,1,4,1
mdl/desertlands/icelandic_moss_mod_01.rmdl,51936,2720,1484,38424,2048,1089,1,1,4,1
mdl/desertlands/icelandic_moss_mod_04.rmdl,24576,864,808,16920,640,545,1,1,3,1
mdl/desertlands/icelandic_moss_mod_02.rmdl,13512,672,395,10008,512,289,1,1,3,1
mdl/rocks/desertlands_sulfur_lake_crust_01.rmdl,529500,22034,16554,250656,11424,7588,1,1,5,2
mdl/colony/farmland_fridge_01.rmdl,11786,471,448,7980,340,297,1,1,2,1
mdl/containers/barrel.rmdl,142476,4686,5718,62952,2172,2496,1,1,4,1
mdl/lamps/security_light_01_on.rmdl,69100,2470,2714,36296,1406,1393,1,1,3,1
mdl/containers/container_medium_tanks_blue.rmdl,152082,5617,5919,83340,3270,3186,1,1,4,1
mdl/pipes/airduct_l_128.rmdl,2208,48,96,1656,36,72,1,1,2,1
mdl/pipes/airduct_l_4junc.rmdl,6280,140,272,5176,116,224,1,1,2,1
mdl/pipes/airduct_l_80.rmdl,2208,48,96,1656,36,72,1,1,2,1
mdl/pipes/airduct_s_128.rmdl,2168,48,94,1616,36,70,1,1,2,1
mdl/pipes/airduct_l_turn_side.rmdl,4072,112,170,2904,84,120,1,1,2,1
mdl/pipes/airduct_l_turn_long_side.rmdl,4976,136,208,3480,100,144,1,1,2,1
mdl/pipes/airduct_l_slant.rmdl,4088,108,172,2904,84,120,1,1,2,1
mdl/pipes/airduct_s_tjunc.rmdl,4556,106,196,3544,84,152,1,1,2,1
mdl/pipes/airduct_s_turn_side.rmdl,4768,128,200,3232,92,134,1,1,2,1
mdl/pipes/airduct_l_turn_vert.rmdl,4712,132,196,3400,100,140,1,1,2,1
mdl/pipes/airduct_l_48.rmdl,2208,48,96,1656,36,72,1,1,2,1
mdl/pipes/airduct_s_80.rmdl,2168,48,94,1616,36,70,1,1,2,1
mdl/pipes/airduct_s_turn_vert.rmdl,4456,116,188,3352,92,140,1,1,2,1
mdl/pipes/airduct_s_48.rmdl,2168,48,94,1616,36,70,1,1,2,1
mdl/pipes/airduct_trans_m_to_s.rmdl,4416,96,192,3864,84,168,1,1,2,1
mdl/pipes/airduct_l_vent.rmdl,460,10,20,460,10,20,1,1,1,1
mdl/playback/playback_railing_slope_01a_4step.rmdl,19736,666,787,19736,666,787,1,1,1,1
mdl/playback/playback_railing_slope_01b_4step.rmdl,19736,666,787,19736,666,787,1,1,1,1
mdl/playback/playback_railing_01_064.rmdl,35260,1120,1427,20224,684,806,1,1,3,1
mdl/playback/playback_bridge_panel_128x064_01.rmdl,26484,854,890,26484,854,890,1,1,1,2
mdl/desertlands/highrise_square_slice_01.rmdl,137610,2651,5071,101088,1936,3728,1,1,3,7
mdl/desertlands/highrise_square_slice_10.rmdl,131376,3004,4723,75984,1740,2731,1,1,3,6
mdl/desertlands/highrise_square_slice_09.rmdl,131298,2999,4721,76104,1768,2729,1,1,3,6
mdl/desertlands/highrise_square_top_01.rmdl,5100,122,182,3780,94,134,1,1,2,3
mdl/imc_interior/ripped_pipe_128.rmdl,76164,3254,2832,48510,2095,1797,1,1,4,2
mdl/domestic/luggage_big_01.rmdl,60908,2278,2362,26644,1014,1028,1,1,3,2
mdl/desertlands/mobile_vehicle_01_wheel_01.rmdl,109400,2992,3266,55748,1582,1652,1,1,3,2
mdl/desertlands/mobile_vehicle_01_wheel_02.rmdl,109400,2992,3266,55748,1582,1652,1,1,3,2
mdl/industrial/traffic_barrel_02.rmdl,32008,1078,1277,17516,616,691,1,1,3,1
mdl/industrial/traffic_barrel_01.rmdl,28668,988,1137,15684,564,615,1,1,4,1
mdl/industrial/traffic_tube_01.rmdl,12762,457,501,9520,350,371,1,1,2,1
mdl/industrial/traffic_cone_01.rmdl,4718,143,193,3056,96,124,1,1,2,1
mdl/signs/market_sign_yellow_milk.rmdl,6008,188,244,6008,188,244,1,1,1,1
mdl/domestic/tv_LED_med_panel.rmdl,5044,144,209,5044,144,209,1,1,1,1
mdl/desertlands/research_station_roof_rail_01.rmdl,5584,184,224,3184,104,128,1,1,3,1
mdl/desertlands/research_station_dome_building_floor_01.rmdl,383758,11983,15593,162670,5455,6497,1,1,4,8
mdl/industrial/gas_generator.rmdl,34480,1320,1328,34480,1320,1328,1,1,1,1
mdl/electricalboxes/fusebox_rusty.rmdl,2184,44,96,2184,44,96,1,1,1,1
mdl/electricalboxes/fusebox_small_a.rmdl,3032,92,124,3032,92,124,1,1,1,1
mdl/electricalboxes/fusebox_small_b.rmdl,2832,72,120,2280,60,96,1,1,3,1
mdl/rise/catwalk_hanging_wires_01.rmdl,23712,1272,804,23712,1272,804,1,1,1,3
mdl/domestic/magazine_pile_04.rmdl,3480,100,144,3480,100,144,1,1,1,1
mdl/domestic/magazine_pile_01.rmdl,4864,144,200,4864,144,200,1,1,1,1
mdl/imc_base/light_wall_imc_01_on.rmdl,11172,462,420,5048,228,184,1,1,4,1
mdl/lamps/warning_light_ON_red.rmdl,14196,486,564,14196,486,564,1,1,1,1
mdl/desertlands/research_station_dome_building_floor_02.rmdl,407686,12091,16757,166262,5347,6709,1,1,4,7
mdl/desertlands/research_station_big_building_floor_01.rmdl,359078,11043,14641,154030,5055,6185,1,1,4,8
mdl/desertlands/highrise_square_shell_box_top.rmdl,19968,480,712,11616,296,410,1,1,3,2
mdl/desertlands/indust_struct_gondola_wheel_01.rmdl,180088,4828,7556,104472,2932,4344,1,1,4,2
mdl/canyonlands/canyonlands_zone_sign_03b.rmdl,6432,212,258,5048,168,202,1,1,2,3
mdl/desertlands/desertlands_train_station_sign_02.rmdl,2292,82,90,2292,82,90,1,1,1,2
mdl/imc_interior/wrapped_pipe_128.rmdl,76542,3537,2766,46630,2085,1706,1,1,4,2
mdl/domestic/picture_dog_yuki_memorial_04.rmdl,3036,66,132,3036,66,132,1,1,1,2
mdl/desertlands/construction_bldg_trash_shoot_01.rmdl,11736,420,384,7728,280,252,1,1,2,2
mdl/desertlands/highrise_square_shell_box_bottom.rmdl,34248,832,1219,20088,532,704,1,1,3,2
mdl/desertlands/indust_struct_gondola_wheel_02.rmdl,187656,4956,7896,104312,2932,4336,1,1,4,2
mdl/levels_terrain/mp_rr_desertlands/desertlands_zone_11_thermal_pillar_01.rmdl,28328,838,1165,28328,838,1165,1,1,1,9
mdl/desertlands/fence_metal_dirty_64_01.rmdl,27832,872,1130,27832,872,1130,1,1,1,2
mdl/domestic/picture_dog_yuki_memorial_02.rmdl,3036,66,132,3036,66,132,1,1,1,2
mdl/imc_interior/wrapped_pipe_bent.rmdl,54660,2260,2055,34982,1387,1333,1,1,4,2
mdl/domestic/picture_dog_yuki_memorial_03.rmdl,3036,66,132,3036,66,132,1,1,1,2
mdl/imc_interior/ripped_pipe_64.rmdl,65884,2714,2480,41606,1691,1573,1,1,4,2
mdl/desertlands/research_station_building_building_floor_03.rmdl,253314,7769,10335,108826,3621,4355,1,1,4,7
mdl/thunderdome/thunderdome_screen_tower_01.rmdl,199552,6012,8174,82328,2588,3340,1,1,5,4
mdl/canyonlands/canyonlands_zone_sign_03.rmdl,122016,2560,4444,48252,1050,1748,1,1,4,5
mdl/levels_terrain/mp_rr_desertlands/desertlands_z12_wedge_platform_01.rmdl,54168,1012,2004,29844,558,1104,1,1,3,5
mdl/desertlands/research_station_small_building_floor_01.rmdl,224846,6871,9181,98250,3245,3939,1,1,4,7
mdl/desertlands/desertlands_city_train_station_01_arch.rmdl,24006,651,1005,14530,405,605,1,1,2,2
mdl/desertlands/railing_stairs_metal_dirty_48_01.rmdl,18444,534,762,10784,324,442,1,1,3,2
mdl/desertlands/city_store_front_awning.rmdl,6696,216,270,6696,216,270,1,1,1,3
mdl/desertlands/desertlands_trainyard_sign_01.rmdl,26120,660,1108,26120,660,1108,1,1,1,3
mdl/imc_interior/wrapped_pipe_64.rmdl,53152,2162,2009,34266,1341,1311,1,1,4,2
mdl/thunderdome/thunderdome_hanging_wire_rings_04.rmdl,44492,1902,1654,29848,1328,1094,1,1,3,2
mdl/domestic/restaurant_fryer_32x40_dirty.rmdl,38396,1136,1579,24224,774,979,1,1,3,3
mdl/desertlands/construction_bldg_platform_05_corner.rmdl,7882,187,338,7882,187,338,1,1,1,3
mdl/desertlands/railing_metal_dirty_64_01.rmdl,29932,962,1208,22424,744,898,1,1,3,2
mdl/desertlands/research_station_small_building_floor_01b.rmdl,163918,5323,6599,83610,2845,3327,1,1,3,7
mdl/canyonlands/canyonlands_zone_sign_02.rmdl,100680,2116,3666,30240,680,1090,1,1,5,4
mdl/desertlands/industrial_struct_bldg_01.rmdl,67524,1526,2432,67524,1526,2432,1,1,1,7
mdl/runoff/runoff_railing_64_yellow.rmdl,23724,804,945,13116,476,513,1,1,3,2
mdl/desertlands/research_station_big_building_railing_01.rmdl,47184,1264,1980,27008,728,1132,1,1,3,2
mdl/refinery/light_tower.rmdl,443602,14097,17951,283872,9512,11340,1,1,4,8
mdl/desertlands/industrial_struct_bldg_02b.rmdl,90824,2024,3934,39132,902,1686,1,1,4,2
mdl/desertlands/railing_metal_dirty_64x24_01.rmdl,16472,512,670,16472,512,670,1,1,1,2
mdl/thunderdome/thunderdome_screen_tower_arm_01.rmdl,32380,890,1352,14492,422,598,1,1,4,3
mdl/thunderdome/thunderdome_stands_awning_01.rmdl,17512,472,734,17512,472,734,1,1,1,3
mdl/thunderdome/thunderdome_gantry_pulley_02.rmdl,137310,4615,5481,96092,3442,3772,1,1,3,3
mdl/desertlands/railing_stairs_metal_dirty_24_01.rmdl,17388,498,720,9728,288,400,1,1,3,2
mdl/thunderdome/thunderdome_gantry_pulley_01.rmdl,137598,4623,5493,96092,3442,3772,1,1,3,3
mdl/runoff/runoff_railing_32_yellow.rmdl,21828,748,867,10756,416,413,1,1,3,2
mdl/pipes/slum_pipe_large_blue_512_01.rmdl,59064,1860,1996,34944,1120,1176,1,1,3,2
mdl/desertlands/desertlands_train_track_straight_512.rmdl,314418,7171,11308,163182,4049,5787,1,1,5,5
mdl/desertlands/construction_bldg_platform_01.rmdl,8832,200,318,8832,200,318,1,1,1,7
mdl/desertlands/highrise_square_shell_box_top_a.rmdl,14760,332,532,8232,196,294,1,1,3,2
mdl/pipes/slum_pipe_large_yellow_512_01.rmdl,57120,1800,1930,34944,1120,1176,1,1,3,2
mdl/desertlands/highrise_square_shell_box_top_b.rmdl,15060,338,543,8232,196,294,1,1,3,2
mdl/traffic/traffic_empty_light_pole_extended_01_a.rmdl,140240,4990,5515,83848,3168,3242,1,1,4,4
mdl/desertlands/industrial_cargo_container_320_01.rmdl,114828,2998,4842,65272,1752,2738,1,1,4,3
mdl/desertlands/industrial_cargo_container_320_01_open.rmdl,58336,1636,2426,33648,988,1386,1,1,4,2
mdl/desertlands/desertlands_train_station_interior_light_01.rmdl,26444,844,1069,15248,508,610,1,1,3,2
mdl/desertlands/desertlands_train_station_interior_light_02.rmdl,26784,864,1080,15208,508,608,1,1,3,2
mdl/desertlands/highrise_corner_tall_c.rmdl,6528,168,276,4168,108,176,1,1,2,3
mdl/desertlands/industrial_cargo_container_small_01.rmdl,189304,5104,7934,67216,1836,2810,1,1,5,3
mdl/desertlands/indust_struct_circular_building_02_support.rmdl,18946,881,683,9810,305,399,1,1,2,2
mdl/thunderdome/thunderdome_barrier_01.rmdl,75680,2140,3142,45144,1404,1836,1,1,3,3
mdl/desertlands/desertlands_city_slanted_building_01_wall_wedge.rmdl,42072,1052,1490,28680,736,1011,1,1,2,3
mdl/levels_terrain/mp_rr_desertlands/desertlands_z12_outer_circle_platform_02.rmdl,36906,955,1299,22884,606,802,1,1,3,7
mdl/ola/sewer_staircase_01.rmdl,39520,840,1724,39520,840,1724,1,1,1,2
mdl/desertlands/highrise_square_shell_box_bottom_b.rmdl,23232,528,836,12936,324,458,1,1,3,2
mdl/desertlands/desertlands_city_slanted_building_01_wall_pillar_64.rmdl,82896,1880,2984,62922,1451,2259,1,1,2,3
mdl/desertlands/highrise_square_shell_box_bottom_a.rmdl,23232,536,834,12936,324,458,1,1,3,2
mdl/pipes/slum_pipe_large_blue_256_01.rmdl,38808,1220,1312,22464,720,756,1,1,3,2
mdl/desertlands/construction_bldg_platform_04_corner.rmdl,7926,161,290,7926,161,290,1,1,1,5
mdl/thunderdome/thunderdome_cage_ceiling_512x128_04.rmdl,24556,526,1070,13592,292,592,1,1,3,3
mdl/pipes/slum_pipe_large_blue_256_02.rmdl,63840,2000,2160,38784,1240,1306,1,1,3,2
mdl/desertlands/construction_bldg_platform_02.rmdl,8388,186,303,8388,186,303,1,1,1,7
mdl/desertlands/desertlands_train_track_straight_256.rmdl,136176,3044,4913,62532,1534,2222,1,1,5,5
mdl/levels_terrain/mp_rr_desertlands/desertlands_z12_mid_platform_01.rmdl,44856,836,1660,32760,612,1212,1,1,2,4
mdl/thunderdome/thunderdome_cage_ceiling_256x256_06.rmdl,13264,324,566,7072,172,302,1,1,3,3
mdl/pipes/slum_pipe_large_yellow_256_01.rmdl,38808,1220,1312,22464,720,756,1,1,3,2
mdl/levels_terrain/mp_rr_desertlands/desertlands_space_elevator_platform_01.rmdl,20220,434,734,14112,304,512,1,1,2,8
mdl/pipes/slum_pipe_large_yellow_256_02.rmdl,63840,2000,2160,38784,1240,1306,1,1,3,2
mdl/levels_terrain/mp_rr_desertlands/desertlands_z12_mid_pillar_01.rmdl,44364,1018,1594,29076,674,1043,1,1,2,4
mdl/desertlands/desertlands_city_slanted_building_01_slice_01.rmdl,13692,278,501,9084,182,333,1,1,2,8
mdl/pipes/slum_pipe_large_blue_tjunc_01.rmdl,55860,2098,1803,34860,1374,1109,1,1,3,2
mdl/desertlands/desertlands_city_slanted_building_01_slice_02.rmdl,2532,54,92,2532,54,92,1,1,1,3
mdl/pipes/slum_pipe_large_yellow_tjunc_01.rmdl,55860,2098,1803,34860,1374,1109,1,1,3,2
mdl/desertlands/highrise_square_block_02.rmdl,51708,1050,1892,29436,614,1073,1,1,3,8
mdl/thunderdome/thunderdome_hanging_pilot_helmets_04.rmdl,10688,448,400,10688,448,400,1,1,1,2
mdl/levels_terrain/mp_rr_canyonlands/clands_roof_bars_01_fglass_blue.rmdl,22536,504,813,13476,326,480,1,1,3,2
mdl/desertlands/highrise_corner_tall_a.rmdl,5328,120,192,3504,80,126,1,1,2,3
mdl/props/loot_bin_holder.rmdl,3756,86,162,3756,86,162,1,1,1,3
mdl/pipes/slum_pipe_large_blue_angle_01.rmdl,32532,1270,1038,21408,880,672,1,1,3,2
mdl/desertlands/highrise_corner_tall_b.rmdl,5328,120,192,3504,80,126,1,1,2,3
mdl/pipes/slum_pipe_large_yellow_angle_01.rmdl,32532,1270,1038,21408,880,672,1,1,3,2
mdl/desertlands/desertlands_train_track_straight_120.rmdl,64728,1344,2361,25512,596,914,1,1,5,5
mdl/desertlands/desertlands_train_track_straight_96.rmdl,56412,1150,2063,20736,472,746,1,1,5,4
mdl/desertlands/highrise_square_block_01.rmdl,33984,692,1243,23832,496,869,1,1,3,8
mdl/desertlands/research_station_shelf_02.rmdl,71388,2070,2457,33024,1004,1125,1,1,3,5
mdl/desertlands/highrise_square_block_03.rmdl,7098,155,257,4410,99,159,1,1,2,4
mdl/pipes/slum_pipe_large_blue_128_01.rmdl,21696,680,734,12480,400,420,1,1,3,2
mdl/desertlands/highrise_panel_air_unit_02.rmdl,58206,1673,2007,38124,1138,1304,1,1,3,4
mdl/desertlands/highrise_panel_air_unit_01.rmdl,10104,236,362,6672,160,238,1,1,2,2
mdl/desertlands/construction_bldg_platform_03.rmdl,4524,98,164,4524,98,164,1,1,1,4
mdl/pipes/slum_pipe_large_yellow_128_01.rmdl,21696,680,734,12480,400,420,1,1,3,2
mdl/desertlands/construction_bldg_wall_01.rmdl,1332,30,48,1332,30,48,1,1,1,2
mdl/desertlands/desertlands_train_station_interior_light_05.rmdl,20956,746,824,13440,500,522,1,1,3,2
mdl/desertlands/desertlands_train_station_interior_light_04.rmdl,26996,1006,1048,17620,670,680,1,1,3,2
mdl/desertlands/industrial_metal_frame_wall_256x144_02.rmdl,49772,1242,2116,21136,556,890,1,1,4,3
mdl/desertlands/industrial_metal_frame_wall_256x144_01.rmdl,37264,944,1580,15700,430,656,1,1,4,3
mdl/desertlands/industrial_metal_frame_wall_256x144_04.rmdl,19352,512,814,8264,244,340,1,1,4,2
mdl/thunderdome/thunderdome_cage_ceiling_256x64_05.rmdl,9584,204,418,9584,204,418,1,1,1,3
mdl/pipes/slum_pipe_large_yellow_angle45_01.rmdl,26220,930,860,16944,640,546,1,1,3,2
mdl/desertlands/desertlands_train_track_straight_16.rmdl,51972,1026,1909,17748,374,646,1,1,5,4
mdl/desertlands/highrise_square_shell_box_128_c.rmdl,3024,64,110,1872,40,68,1,1,2,2
mdl/sewers/sewer_wire_black_bend_l_thin_01.rmdl,18816,696,732,11228,428,433,1,1,3,2
mdl/desertlands/industrial_cargo_container_small_03.rmdl,188056,4976,7910,66904,1804,2804,1,1,5,3
mdl/city_modern/citymodern_planter_128x128_72_squared_a.rmdl,3816,92,136,2364,58,84,1,1,2,3
mdl/desertlands/highrise_square_shell_box_128_b.rmdl,3528,72,129,2184,44,80,1,1,2,2
mdl/sewers/sewer_wire_black_bend_l_thick_01.rmdl,28934,1149,1102,16728,698,627,1,1,3,2
mdl/desertlands/desertlands_apartments_rug_02.rmdl,26716,1366,926,18008,968,610,1,1,3,2
mdl/IMC_base/outer_wall_imc_column_02.rmdl,19360,520,812,19360,520,812,1,1,1,3
mdl/desertlands/industrial_metal_frame_wall_192x144_03.rmdl,27988,678,1196,11432,292,484,1,1,4,3
mdl/desertlands/industrial_metal_frame_wall_192x144_01.rmdl,14832,372,630,5156,146,214,1,1,4,2
mdl/desertlands/desertlands_lobby_couch_05.rmdl,58694,2109,2302,35916,1476,1353,1,1,3,2
mdl/sewers/sewer_wire_black_bend_r_thick_01.rmdl,28934,1149,1102,16728,698,627,1,1,3,2
mdl/desertlands/wall_city_barred_concrete_192_01.rmdl,42756,1126,1500,28296,828,972,1,1,3,2
mdl/desertlands/highrise_square_shell_box_128_a.rmdl,2856,60,104,1872,40,68,1,1,2,3
mdl/eden/eden_electrical_pole_01.rmdl,137476,5066,5354,80264,2934,3133,1,1,3,2
mdl/desertlands/wall_city_panel_concrete_192_01.rmdl,43620,1094,1544,29808,808,1040,1,1,3,2
mdl/desertlands/construction_bldg_column_stack_01.rmdl,14928,296,548,14928,296,548,1,1,1,2
mdl/desertlands/desertlands_lobby_desk_01.rmdl,42400,1490,1673,22728,858,879,1,1,4,4
mdl/barriers/concrete/concrete_barrier_fence_128.rmdl,127530,2855,4600,101658,2279,3666,1,1,3,4
mdl/barriers/concrete/concrete_barrier_fence_tarp_128.rmdl,104502,2337,3770,88818,1995,3202,1,1,3,5
mdl/desertlands/wall_city_corner_concrete_64_02.rmdl,48324,1262,1698,31548,890,1092,1,1,3,2
mdl/levels_terrain/mp_rr_desertlands/desertlands_space_elevator_gate_01.rmdl,2664,60,96,2664,60,96,1,1,1,2
mdl/desertlands/research_station_support_beam_01.rmdl,43836,1506,1740,20880,780,810,1,1,5,3
mdl/desertlands/wall_city_corner_concrete_64_01.rmdl,52002,1335,1833,34866,959,1213,1,1,3,2
mdl/desertlands/fence_large_concrete_metal_dirty_192_01.rmdl,125340,3122,4442,74292,1918,2616,1,1,4,4
mdl/desertlands/industrial_metal_frame_wall_128x144_04.rmdl,12180,310,516,5172,142,216,1,1,3,2
mdl/ola/sewer_grate_01.rmdl,33824,984,1396,17064,544,690,1,1,4,2
mdl/desertlands/wall_city_panel_concrete_128_01.rmdl,43956,1102,1556,29808,808,1040,1,1,3,2
mdl/desertlands/construction_bldg_column_01.rmdl,5448,108,200,5448,108,200,1,1,1,2
mdl/desertlands/indust_struct_gondola_platform_fence_01.rmdl,26936,676,1144,16028,418,676,1,1,2,2
mdl/thunderdome/thunderdome_hanging_pilot_helmets_06.rmdl,4080,120,168,4080,120,168,1,1,1,2
mdl/ola/sewer_staircase_quad.rmdl,10624,224,464,10624,224,464,1,1,1,2
mdl/thunderdome/thunderdome_cage_frame_03.rmdl,10500,210,385,4968,104,181,1,1,3,2
mdl/desertlands/fence_large_concrete_metal_dirty_128_01.rmdl,118236,2962,4186,67800,1772,2382,1,1,4,4
mdl/desertlands/desertlands_cafeteria_light_01.rmdl,27196,896,1091,15524,544,613,1,1,3,2
mdl/ola/sewer_staircase_96_quad.rmdl,11728,248,512,11728,248,512,1,1,1,2
mdl/barriers/concrete/concrete_barrier_fence.rmdl,117546,2663,4232,96282,2183,3466,1,1,3,3
mdl/desertlands/desertlands_apartments_rug_01.rmdl,23892,1222,828,15972,852,543,1,1,3,2
mdl/foliage/mendoko_bulb_plant_low.rmdl,38086,1431,1475,23102,857,898,1,1,3,2
mdl/desertlands/desertlands_apartments_planter_01.rmdl,6492,130,238,6492,130,238,1,1,1,4
mdl/desertlands/highrise_corner_128_a.rmdl,1416,28,52,1416,28,52,1,1,1,2
mdl/ola/sewer_staircase_end_02.rmdl,5624,124,244,5624,124,244,1,1,1,2
mdl/desertlands/desertlands_train_station_sign_01.rmdl,3384,124,132,3384,124,132,1,1,1,2
mdl/desertlands/desertlands_sign_01.rmdl,1748,38,76,1748,38,76,1,1,1,4
mdl/desertlands/industrial_metal_frame_wall_64x144_01.rmdl,2116,46,92,2116,46,92,1,1,1,2
mdl/desertlands/industrial_metal_frame_wall_64x144_02.rmdl,2116,46,92,2116,46,92,1,1,1,2
mdl/desertlands/wall_city_panel_concrete_64_01.rmdl,46956,1226,1650,29616,840,1024,1,1,3,2
mdl/desertlands/fence_large_concrete_metal_dirty_64_01.rmdl,100980,2406,3606,53472,1328,1896,1,1,4,4
mdl/desertlands/desertlands_lobby_sign_01.rmdl,108186,3521,4353,53986,1851,2144,1,1,4,2
mdl/ola/sewer_staircase_double.rmdl,6048,128,264,6048,128,264,1,1,1,2
mdl/ola/sewer_staircase_short_quad.rmdl,11728,248,512,11728,248,512,1,1,1,2
mdl/playback/playback_staircase_128_top_double_01_a.rmdl,42276,894,1538,27588,622,994,1,1,3,2
mdl/desertlands/city_steps_metal_grate_double_128_01.rmdl,24576,592,876,24576,592,876,1,1,1,2
mdl/ola/sewer_staircase_96_double.rmdl,6048,128,264,6048,128,264,1,1,1,2
mdl/desertlands/research_station_support_beam_02.rmdl,8694,279,351,7060,230,284,1,1,2,2
mdl/playback/playback_staircase_96_base_double_01_a.rmdl,43164,914,1570,27804,626,1002,1,1,3,2
mdl/desertlands/city_step_up_grate_128_01.rmdl,31464,684,1140,25920,576,936,1,1,2,2
mdl/pipes/pipe_medium_32_01.rmdl,47464,1764,1844,27896,1056,1078,1,1,3,2
mdl/beacon/beacon_server_wall_mount_01.rmdl,109284,3094,4536,71436,2186,2916,1,1,3,3
mdl/ola/sewer_staircase_single.rmdl,3760,80,164,3760,80,164,1,1,1,2
mdl/ola/sewer_grate_01_32.rmdl,5064,144,210,5064,144,210,1,1,1,2
mdl/industrial/indoor_console_server.rmdl,37940,1510,1444,14600,600,550,1,1,3,3
mdl/desertlands/desertlands_lobby_water_dispenser_01.rmdl,45336,1356,1860,25016,816,1006,1,1,3,2
mdl/foliage/desertlands_alien_tree_leaf_small_01.rmdl,53730,2395,1968,26960,1310,955,1,1,4,2
mdl/domestic/slums_fish_sink_table_64x32_wood_01.rmdl,136912,4892,5378,96244,3594,3734,1,1,4,4
mdl/desertlands/industrial_metal_frame_wall_32x144_01.rmdl,2116,46,92,2116,46,92,1,1,1,2
mdl/thunderdome/thunderdome_cage_frame_01.rmdl,6528,144,236,4344,100,156,1,1,2,2
mdl/desertlands/city_steps_metal_grate_single_128_01.rmdl,12288,296,438,12288,296,438,1,1,1,2
mdl/desertlands/wall_city_pillar_45_concrete_01.rmdl,15708,390,557,9708,282,334,1,1,3,2
mdl/desertlands/city_steps_metal_grate_double_64_01.rmdl,24576,592,876,24576,592,876,1,1,1,2
mdl/ola/sewer_staircase_short_double.rmdl,6048,128,264,6048,128,264,1,1,1,2
mdl/ola/sewer_staircase_96_single.rmdl,3760,80,164,3760,80,164,1,1,1,2
mdl/pipes/pipe_medium_16_01.rmdl,39344,1464,1528,22496,856,868,1,1,3,2
mdl/desertlands/wall_city_pillar_concrete_01.rmdl,11100,302,387,7104,228,239,1,1,3,2
mdl/desertlands/curb_parking_concrete_destroyed_01.rmdl,13032,244,482,13032,244,482,1,1,1,2
mdl/desertlands/research_station_bench_01.rmdl,4992,112,216,4992,112,216,1,1,1,3
mdl/foliage/icelandic_ground_plant_03.rmdl,205612,9632,7391,116612,5972,4039,1,1,3,2
mdl/foliage/desertlands_alien_tree_leaf_small_02.rmdl,54276,2296,2025,28192,1212,1046,1,1,3,2
mdl/desertlands/railing_metal_dirty_64_02.rmdl,52728,1444,1836,32256,944,1108,1,1,3,5
mdl/desertlands/desertlands_cafeteria_buffet_light_01.rmdl,18120,740,684,10104,434,375,1,1,4,3
mdl/desertlands/desertlands_lobby_side_table_01.rmdl,17256,596,684,10336,376,404,1,1,3,3
mdl/IMC_base/imc_tech_smallpanel_48_03.rmdl,12120,300,516,6448,168,272,1,1,4,2
mdl/pipes/pipe_small_16_01.rmdl,47464,1764,1844,27896,1056,1078,1,1,3,2
mdl/lamps/halogen_light_ceiling_subtle.rmdl,19528,648,782,9048,348,348,1,1,3,2
mdl/desertlands/desertlands_lobby_light_01.rmdl,2872,72,122,2124,54,90,1,1,2,2
mdl/industrial/exit_sign_03.rmdl,1712,52,70,1096,36,44,1,1,2,2
mdl/angel_city/keypad_01.rmdl,13964,394,580,11392,332,470,1,1,2,2
mdl/signs/scrolling_sign_scan.rmdl,2088,48,90,2088,48,90,1,1,1,1
mdl/harmony_mines/mine_flag_plastic_02.rmdl,9500,410,352,6992,322,253,1,1,2,2
mdl/desertlands/indust_struct_gondola_platform_sign_01.rmdl,10452,290,363,6480,180,225,1,1,2,3
mdl/garbage/trash_can_metal_02_a.rmdl,63654,1761,2212,35946,1115,1219,1,1,4,2
mdl/foliage/icelandic_moss_grass_02.rmdl,28188,522,1044,16200,300,600,1,1,3,1
mdl/foliage/icelandic_moss_grass_01.rmdl,7084,154,308,4692,102,204,1,1,2,1
mdl/desertlands/desertlands_train_station_turnstile_02.rmdl,13936,416,572,13936,416,572,1,1,1,3
mdl/signs/desertlands_city_streetsign_01.rmdl,140596,4296,5741,97884,3044,3981,1,1,3,3
mdl/desertlands/desertlands_train_station_sign_04.rmdl,5576,176,226,5576,176,226,1,1,1,3
mdl/desertlands/desertlands_train_station_sign_03.rmdl,4288,148,170,4288,148,170,1,1,1,2
mdl/lamps/desertlands_lootbin_light_01.rmdl,17638,673,680,11160,440,426,1,1,3,2
mdl/levels_terrain/mp_lobby/mp_setting_menu.rmdl,17988,828,465,17988,828,465,1,1,1,2
mdl/desertlands/desertlands_city_slanted_building_01_exterior.rmdl,1045332,22518,32508,464358,9773,14490,1,1,5,7
mdl/desertlands/desertlands_train_track_split_01.rmdl,1048646,27149,31634,477596,12474,14384,1,1,5,5
mdl/desertlands/desertlands_train_track_split_03.rmdl,957994,24631,28936,429108,11150,12936,1,1,5,5
mdl/desertlands/desertlands_train_track_ytrack_r2904.rmdl,1402364,36878,42182,606972,15986,18252,1,1,5,5
mdl/desertlands/desertlands_train_track_split_02.rmdl,1442534,36153,43772,625678,16159,18883,1,1,5,5
mdl/desertlands/desertlands_train_track_curve_r6680.rmdl,1060410,27355,32010,480020,12570,14450,1,1,5,5
mdl/desertlands/desertlands_train_track_curve_r6392.rmdl,540838,14031,16309,247512,6476,7452,1,1,5,5
mdl/desertlands/desertlands_train_track_curve_r4472.rmdl,636274,16413,19207,288180,7542,8676,1,1,5,5
mdl/desertlands/desertlands_train_track_curve_r4456.rmdl,411526,10637,12418,185868,4854,5598,1,1,5,5
mdl/desertlands/desertlands_train_track_curve_r4440.rmdl,636274,16413,19207,288180,7542,8676,1,1,5,5
mdl/desertlands/desertlands_hr_small_apt_a_05.rmdl,166360,2854,5331,102880,1754,3299,1,1,3,9
mdl/desertlands/desertlands_hr_small_apt_a_06.rmdl,156108,2886,4958,96768,1860,3058,1,1,3,9
mdl/desertlands/desertlands_hr_small_apt_a_04.rmdl,120428,2068,3859,72208,1234,2315,1,1,3,9
mdl/desertlands/desertlands_train_track_curve_r4048.rmdl,636364,16414,19210,288180,7542,8676,1,1,5,5
mdl/desertlands/desertlands_train_track_curve_r4457.rmdl,409720,10616,12358,185644,4854,5590,1,1,5,5
mdl/desertlands/desertlands_hr_small_apt_roof.rmdl,14366,257,458,14366,257,458,1,1,1,2
mdl/desertlands/desertlands_train_track_curve_r3032.rmdl,277936,7160,8392,126704,3300,3818,1,1,5,5
mdl/desertlands/desertlands_train_track_curve_r2992.rmdl,424988,10944,12833,192176,5028,5786,1,1,5,5
mdl/desertlands/desertlands_train_track_curve_r2976.rmdl,424752,10942,12825,192176,5028,5786,1,1,5,5
mdl/desertlands/desertlands_train_track_curve_r2968.rmdl,438350,11323,13229,191952,5028,5778,1,1,5,5
mdl/desertlands/desertlands_train_track_curve_r2904.rmdl,424712,10940,12824,192176,5028,5786,1,1,5,5
mdl/desertlands/desertlands_train_track_curve_r2824.rmdl,424864,10942,12829,192176,5028,5786,1,1,5,5
mdl/desertlands/desertlands_train_track_straight_512_open.rmdl,546228,13846,19298,289332,7622,10150,1,1,5,6
mdl/desertlands/city_step_up_grate_64_01.rmdl,15732,342,570,12960,288,468,1,1,2,2
mdl/slum_city/slumcity_industrial_scaffolding_128x128_tarp_c.rmdl,9462,417,290,6018,279,181,1,1,3,1
mdl/slum_city/slumcity_industrial_scaffolding_32x128_tarp_c.rmdl,3960,164,124,2484,110,76,1,1,3,1
mdl/angel_city/tarp_02.rmdl,23718,1089,716,10722,507,320,1,1,3,1
mdl/foliage/grass_burnt_yellow_03.rmdl,2688,64,96,2688,64,96,1,1,1,1
mdl/foliage/grass_burnt_long_02.rmdl,1344,32,48,1344,32,48,1,1,1,1
mdl/foliage/grass_icelandic_02.rmdl,30528,840,1062,17424,528,594,1,1,3,1
mdl/foliage/grass_icelandic_03.rmdl,157824,3364,5735,76272,1904,2702,1,1,5,1
mdl/foliage/grass_icelandic_04.rmdl,157824,3364,5735,76272,1904,2702,1,1,5,1
mdl/foliage/grass_icelandic_01.rmdl,10872,300,378,6336,192,216,1,1,3,1
mdl/foliage/ground_plant_beacon_01.rmdl,2634,83,89,2634,83,89,1,1,1,1
mdl/foliage/ground_plant_beacon_03.rmdl,4326,137,146,4326,137,146,1,1,1,1
mdl/foliage/plant_icelandic_02.rmdl,3888,72,144,2160,40,80,1,1,3,1
mdl/rocks/desertlands_sulfur_lake_crust_02.rmdl,512028,19578,16440,239832,10236,7434,1,1,5,2
mdl/levels_terrain/mp_rr_desertlands/desertlands_space_elevator_01_top.rmdl,227676,4184,7251,115010,2125,3657,1,1,4,16
mdl/desertlands/desertlands_big_drill_intact_01.rmdl,1412624,34122,43139,727516,19678,21766,1,1,4,7
mdl/desertlands/desertlands_big_drill_intact_top_01.rmdl,570700,11896,17833,308796,7408,9441,1,1,3,7
mdl/desertlands/desertland_big_drill_intact_leg_01.rmdl,685704,18958,20427,310082,9237,9095,1,1,4,13
mdl/desertlands/desertland_big_drill_intact_leg_02.rmdl,685620,18958,20424,310110,9237,9096,1,1,4,13
mdl/desertlands/desertlands_train_track_bridge_01.rmdl,667734,14255,20793,353636,7718,10976,1,1,5,5
mdl/levels_terrain/mp_rr_desertlands/desertlands_space_elevator_01_roof.rmdl,187798,3263,4686,100806,1885,2493,1,1,3,10
mdl/levels_terrain/mp_rr_desertlands/desertlands_space_elevator_01_floor.rmdl,187286,3611,5915,106242,2139,3336,1,1,3,13
mdl/desertlands/desertlands_lobby_couch_01.rmdl,81688,3188,3128,41184,1824,1512,1,1,4,3
mdl/desertlands/indust_struct_circular_building_02.rmdl,289104,9004,9795,150708,4714,5101,1,1,4,7
mdl/desertlands/fissure_catwalk_support.rmdl,70948,1608,2256,41476,970,1304,1,1,3,7
mdl/desertlands/desertland_big_drill_capsule_large_01.rmdl,192396,6742,6331,102120,3732,3322,1,1,3,7
mdl/desertlands/indust_struct_circular_building.rmdl,795042,23435,27268,434532,13574,14712,1,1,5,15
mdl/levels_terrain/mp_rr_desertlands/desertlands_space_elevator_column_01.rmdl,306504,7452,10908,167628,4242,5924,1,1,4,13
mdl/desertlands/industrial_crane_yellow_01_c.rmdl,401544,10604,14080,209520,6000,7230,1,1,4,7
mdl/levels_terrain/mp_rr_desertlands/desertlands_space_elevator_ramp_01.rmdl,316812,5924,8385,162432,3066,4357,1,1,4,18
mdl/desertlands/desertland_big_drill_capsule_large_burst_01.rmdl,31506,1205,867,31506,1205,867,1,1,1,4
mdl/thunderdome/thunderdome_gantry_01.rmdl,179520,4200,6434,100600,2516,3564,1,1,4,4
mdl/desertlands/desertland_big_drill_capsule_small_01.rmdl,110022,3561,3694,61530,2187,2017,1,1,4,6
mdl/desertlands/desertlands_train_track_support_01.rmdl,366264,8792,13063,178326,4493,6307,1,1,5,4
mdl/desertlands/desertlands_large_liquid_tank_01.rmdl,347112,10412,11860,217944,7040,7321,1,1,4,5
mdl/desertlands/research_station_stairs_corner_02.rmdl,140568,3264,5041,74238,1769,2651,1,1,3,8
mdl/desertlands/desertlands_big_drill_frame_01.rmdl,99652,2596,3044,48440,1364,1452,1,1,4,4
mdl/levels_terrain/mp_rr_desertlands/desertlands_lava_drill_mover_01.rmdl,47586,1567,1591,47586,1567,1591,1,1,1,7
mdl/desertlands/research_station_corner_connector_01_ext.rmdl,62148,2102,2064,57756,1986,1910,1,1,2,5
mdl/desertlands/industrial_crane_yellow_02_a.rmdl,117240,3164,4094,70032,1984,2422,1,1,4,5
mdl/desertlands/industrial_crane_yellow_01_a.rmdl,111408,2972,3899,66696,1864,2313,1,1,4,5
mdl/desertlands/industrial_crane_yellow_01_b.rmdl,131790,3377,4647,59112,1592,2065,1,1,4,6
mdl/desertlands/desertlands_train_flatbed_01.rmdl,831842,16315,22936,396488,8428,10810,1,1,5,17
mdl/desertlands/island_refinery_01_tank.rmdl,233094,6969,7970,161448,4832,5519,1,1,3,5
mdl/desertlands/industrial_assembly_smoke_stack_01.rmdl,52488,1624,1781,31044,998,1044,1,1,3,7
mdl/containers/lagoon_roof_tanks_02.rmdl,208842,5979,7207,118692,3614,4042,1,1,4,3
mdl/containers/underbelly_cargo_container_128_red_02.rmdl,47724,994,1740,46428,970,1692,1,1,2,2
mdl/desertlands/research_station_corner_connector_01c_ext.rmdl,40464,1292,1363,37020,1202,1242,1,1,2,5
mdl/containers/underbelly_cargo_container_128_blue_02.rmdl,48060,1002,1752,46764,978,1704,1,1,2,2
mdl/desertlands/research_station_corner_connector_01b_ext.rmdl,40500,1294,1364,37176,1204,1248,1,1,2,5
mdl/containers/underbelly_cargo_container_128_green_02.rmdl,47832,996,1744,46536,972,1696,1,1,2,2
mdl/desertlands/research_station_container_dome_01.rmdl,218376,7320,7269,110688,4132,3579,1,1,4,9
mdl/desertlands/desertlands_train_track_magnetic_beam_01.rmdl,161466,3843,5767,88740,2130,3165,1,1,4,8
mdl/desertlands/industrial_drill_01_support_sm_01.rmdl,23814,629,835,19644,538,684,1,1,2,5
mdl/slum_city/slum_city_apt_building_tanks_a.rmdl,137952,4156,4709,81084,2762,2688,1,1,3,3
mdl/slum_city/slumcity_column_40x64_dirty_c.rmdl,7800,164,284,7800,164,284,1,1,1,3
mdl/desertlands/desertlands_plantroom_ceiling_rack_01.rmdl,17096,396,736,9652,222,416,1,1,2,2
mdl/desertlands/research_station_server_01.rmdl,197094,5889,6740,179658,5455,6122,1,1,3,2
mdl/garbage/trash_can_metal_02_b.rmdl,68052,1930,2353,39450,1251,1331,1,1,4,3
mdl/desertlands/desertlands_train_passenger_cab_02.rmdl,864910,16269,23978,400572,8298,10962,1,1,5,23
mdl/desertlands/research_station_stairs_bend_01.rmdl,74514,1843,2644,74514,1843,2644,1,1,1,8
mdl/desertlands/research_station_server_wire_canopy_01.rmdl,169920,6392,5482,89892,3654,2832,1,1,3,7
mdl/desertlands/research_station_stairs_big_building_01.rmdl,123402,2959,4402,73362,1819,2602,1,1,3,8
mdl/desertlands/desertlands_lobby_couch_02.rmdl,148416,5886,5655,79268,3678,2860,1,1,4,3
mdl/desertlands/mobile_vehicle_01_seat_01.rmdl,96644,2246,2599,57718,1481,1526,1,1,3,4
mdl/desertlands/research_station_straight_connector_01_ext.rmdl,19560,524,684,17472,464,612,1,1,2,5
mdl/desertlands/research_station_server_wire_rack_01.rmdl,58560,2280,1870,29880,1300,920,1,1,3,4
mdl/desertlands/research_station_container_big_01.rmdl,49068,1790,1597,27888,1096,888,1,1,4,5
mdl/desertlands/industrial_drill_01_support_02.rmdl,38928,1048,1360,23592,628,826,1,1,3,3
mdl/containers/cargo_container_white_separate.rmdl,137072,4702,5443,80024,2914,3127,1,1,4,2
mdl/desertlands/research_station_stairs_straight_02.rmdl,27264,544,1000,27264,544,1000,1,1,1,7
mdl/beacon/beacon_fence_sign_01.rmdl,2504,64,106,2504,64,106,1,1,1,3
mdl/IMC_base/cargo_container_imc_01_blue.rmdl,346736,11886,13771,228956,8496,8899,1,1,4,2
mdl/IMC_base/cargo_container_imc_01_white_open.rmdl,291656,9886,11617,169544,6544,6514,1,1,5,2
mdl/IMC_base/cargo_container_imc_01_red.rmdl,347564,11904,13807,229232,8502,8911,1,1,4,2
mdl/IMC_base/cargo_container_imc_01_white.rmdl,344532,11832,13677,226968,8438,8817,1,1,4,2
mdl/desertlands/research_station_storage_shelf_01.rmdl,19008,464,676,19008,464,676,1,1,1,5
mdl/desertlands/mobile_vehicle_01_console_01.rmdl,213500,4650,5800,117768,2668,3180,1,1,3,7
mdl/garbage/dumpster_dirty_open_a_02.rmdl,206580,6070,7090,120522,3743,4086,1,1,4,6
mdl/desertlands/desertlands_city_train_station_panel_01.rmdl,2392,52,104,2392,52,104,1,1,1,3
mdl/ola/sewer_grate_clamp_01_128.rmdl,7680,160,280,7680,160,280,1,1,1,2
mdl/desertlands/desertlands_plantroom_rack_01.rmdl,164956,4966,6758,72416,2306,2929,1,1,4,3
mdl/desertlands/research_station_container_small_01.rmdl,44676,1646,1450,27888,1096,888,1,1,4,5
mdl/slum_city/slumcity_column01_40x128_dirty_a.rmdl,20484,406,752,12372,254,452,1,1,3,4
mdl/eden/eden_electrical_transformer_01.rmdl,179928,5064,6231,109920,3136,3796,1,1,3,2
mdl/desertlands/desertlands_plantroom_rack_02.rmdl,37604,1644,1387,19812,912,717,1,1,4,2
mdl/industrial/vending_machine_02.rmdl,11208,284,396,11208,284,396,1,1,1,5
mdl/industrial/vending_machine_04.rmdl,14508,370,512,14508,370,512,1,1,1,5
mdl/industrial/vending_machine_01.rmdl,35112,860,1248,16860,442,592,1,1,3,5
mdl/industrial/vending_machine_03.rmdl,16548,430,582,16548,430,582,1,1,1,5
mdl/desertlands/desertlands_vending_machine_01.rmdl,68440,2550,2657,34972,1392,1331,1,1,5,2
mdl/domestic/display_stand_restaurant_04.rmdl,1284,34,54,1284,34,54,1,1,1,2
mdl/domestic/display_stand_restaurant_01.rmdl,1076,26,46,1076,26,46,1,1,1,2
mdl/desertlands/research_station_storage_shelf_02.rmdl,7944,220,276,7944,220,276,1,1,1,4
mdl/slum_city/slumcity_fencewall_64x72_dirty.rmdl,11664,264,504,6880,160,296,1,1,3,3
mdl/slum_city/slumcity_fencewall_32x72_dirty.rmdl,11664,264,504,6880,160,296,1,1,3,3
mdl/domestic/restaurant_stove_32x40_dirty.rmdl,10248,256,363,7596,202,266,1,1,2,3
mdl/desertlands/arctic_path_marker_01.rmdl,50136,1556,1700,27804,922,928,1,1,4,3
mdl/domestic/display_stand_restaurant_02.rmdl,1076,26,46,1076,26,46,1,1,1,2
mdl/signs/numbers/sign_number_lit_2.rmdl,3884,94,166,3884,94,166,1,1,1,2
mdl/signs/numbers/sign_number_lit_3.rmdl,4500,110,192,4500,110,192,1,1,1,2
mdl/signs/numbers/sign_number_lit_1.rmdl,1812,42,78,1812,42,78,1,1,1,2
mdl/decals/grime_dirty_floor_decal_01.rmdl,1998,93,60,1998,93,60,1,1,1,1
mdl/decals/grime_dirty_floor_decal_02.rmdl,1224,56,37,1224,56,37,1,1,1,1
mdl/decals/grime_dirty_floor_decal_03.rmdl,1122,47,35,1122,47,35,1,1,1,1
mdl/decals/puddle_floor_decal_flat_01.rmdl,92,2,4,92,2,4,1,1,1,1
mdl/decals/puddle_floor_decal_flat_02.rmdl,144,4,6,144,4,6,1,1,1,1
mdl/decals/puddle_floor_decal_flat_03.rmdl,92,2,4,92,2,4,1,1,1,1
mdl/decals/puddle_floor_decal_flat_04.rmdl,196,6,8,196,6,8,1,1,1,1
mdl/desertlands/desertland_big_drill_intact_leg_01_frozen.rmdl,128086,3325,3862,48556,1354,1444,1,1,4,1
mdl/desertlands/desertland_big_drill_intact_leg_02_frozen.rmdl,128086,3325,3862,48556,1354,1444,1,1,4,1
mdl/desertlands/desertlands_big_drill_intact_decal_frost_01.rmdl,127480,3112,3886,53976,1352,1638,1,1,3,1
mdl/desertlands/desertlands_big_drill_intact_decal_grime_01.rmdl,33192,972,1140,5280,128,188,1,1,3,1
mdl/desertlands/desertlands_city_slanted_building_01_signage_01.rmdl,432,8,16,432,8,16,1,1,1,1
mdl/desertlands/desertlands_city_train_station_01_decals.rmdl,46184,744,1490,46184,744,1490,1,1,1,4
mdl/desertlands/desertlands_lobby_decals_01.rmdl,92,2,4,92,2,4,1,1,1,1
mdl/desertlands/highrise_small_apt_signage_02.rmdl,840,20,36,840,20,36,1,1,1,1
mdl/desertlands/highrise_small_apt_signage_03.rmdl,472,12,20,472,12,20,1,1,1,1
mdl/desertlands/indust_struct_circular_building_01_decal_45.rmdl,144,4,6,144,4,6,1,1,1,1
mdl/desertlands/mobile_vehicle_01_numbers_01.rmdl,2052,38,76,2052,38,76,1,1,1,1
mdl/desertlands/mobile_vehicle_01_numbers_02.rmdl,2484,46,92,2484,46,92,1,1,1,1
mdl/military_base/militaryfort_wall_corner_decal_number_01.rmdl,184,4,8,184,4,8,1,1,1,1
mdl/military_base/militaryfort_wall_corner_decal_number_02.rmdl,184,4,8,184,4,8,1,1,1,1
mdl/military_base/militaryfort_wall_decal_orange_arrow_01.rmdl,108,2,4,108,2,4,1,1,1,1
mdl/rocks/rock_sharp_lava_moss_desertlands_06_lavender.rmdl,34944,1156,1167,16566,593,542,1,1,4,1
mdl/test/virginia_test/desertlands_construction_site_01_ice_jakev.rmdl,21956,640,647,21956,640,647,1,1,1,1
mdl/water/water_puddle_decal_01.rmdl,92,2,4,92,2,4,1,1,1,1
mdl/beacon/beacon_server_half_stand_01.rmdl,131820,3280,5607,89924,2194,3838,1,1,3,5
mdl/beacon/beacon_server_stand_01.rmdl,323754,8409,13665,228744,5924,9660,1,1,3,5
mdl/beacon/construction_plastic_mat_clear_01.rmdl,27756,1376,975,16164,844,555,1,1,4,2
mdl/colony/colony_bigrigrepairs_sign_03.rmdl,11894,419,469,11894,419,469,1,1,1,2
mdl/desertlands/construction_bldg_elevator_01_bott.rmdl,46400,1284,1444,30924,874,957,1,1,2,7
mdl/desertlands/construction_bldg_elevator_01_mid.rmdl,44824,1256,1390,30108,856,929,1,1,2,5
mdl/desertlands/construction_bldg_elevator_01_top.rmdl,60656,1600,1880,39920,1076,1231,1,1,2,7
mdl/desertlands/desertlands_city_train_station_01_roof.rmdl,105360,3780,4134,54928,2008,2144,1,1,3,2
mdl/desertlands/desertlands_city_train_station_railing_01.rmdl,2392,52,104,2392,52,104,1,1,1,2
mdl/desertlands/desertlands_city_train_station_railing_02.rmdl,1656,36,72,1656,36,72,1,1,1,2
mdl/desertlands/desertlands_train_track_straight_arrows_512.rmdl,391596,8966,14075,192570,4979,6779,1,1,5,6
mdl/desertlands/indust_struct_gondola_cart_01.rmdl,778242,19695,27503,400800,10312,14122,1,1,4,12
mdl/domestic/display_fridge.rmdl,53902,2087,2069,29610,1245,1107,1,1,3,2
mdl/domestic/glass_coffee_table.rmdl,30076,806,1262,13680,400,564,1,1,3,2
mdl/furniture/office_desk_accessories_clipboard.rmdl,16000,420,674,8272,232,344,1,1,3,2
mdl/industrial/glass_white_board_wall.rmdl,16040,380,688,16040,380,688,1,1,1,2
mdl/industrial/store_fridge_64.rmdl,37514,989,1579,23418,643,978,1,1,2,3
mdl/industrial/vending_machine_06.rmdl,39130,1385,1541,21648,818,837,1,1,3,2
mdl/levels_terrain/mp_rr_desertlands/desertlands_terrain_section_08_water.rmdl,41746,1773,1111,20918,887,557,1,1,2,2
mdl/levels_terrain/mp_rr_desertlands/desertlands_terrain_section_08_water_2.rmdl,42394,1881,1111,21242,941,557,1,1,2,2
mdl/levels_terrain/mp_rr_desertlands/desertlands_terrain_section_09_water_3.rmdl,22722,945,609,11406,473,306,1,1,2,2
mdl/levels_terrain/mp_rr_desertlands/desertlands_terrain_section_10_water.rmdl,31794,1337,849,15942,669,426,1,1,2,2
mdl/levels_terrain/mp_rr_desertlands/desertlands_terrain_section_10_water_2.rmdl,73526,3215,1937,36808,1608,970,1,1,2,2
mdl/levels_terrain/mp_rr_desertlands/desertlands_terrain_section_12_water.rmdl,63024,2692,1674,31574,1347,839,1,1,2,2
mdl/levels_terrain/mp_rr_desertlands/desertlands_terrain_section_14_water.rmdl,27564,1150,738,13844,576,371,1,1,2,2
mdl/levels_terrain/mp_rr_desertlands/desertlands_terrain_section_14_water_2.rmdl,32228,1358,860,16176,680,432,1,1,2,2
mdl/mendoko/mendoko_handscanner_01.rmdl,14646,441,600,10712,342,433,1,1,2,2
mdl/mendoko/mendoko_handscanner_01_dmg.rmdl,14718,409,511,11628,338,400,1,1,2,2
mdl/mendoko/mendoko_research_centrifuge.rmdl,83910,2425,2890,46284,1446,1567,1,1,3,2
mdl/mendoko/mendoko_research_equipment_01.rmdl,91056,2704,3118,48870,1565,1645,1,1,3,2
mdl/mendoko/mendoko_research_equipment_02.rmdl,74304,2256,2532,50796,1594,1718,1,1,3,2
mdl/mendoko/mendoko_research_equipment_03.rmdl,95856,2704,3318,50160,1488,1718,1,1,3,2
mdl/mendoko/mendoko_research_storage.rmdl,8364,234,290,8364,234,290,1,1,1,2
mdl/props/med_pod/exoplanet_med_pod_01.rmdl,352380,10066,12166,185172,5394,6367,1,1,3,5
mdl/props/med_pod/exoplanet_med_pod_02.rmdl,369600,10544,12764,175032,5160,6003,1,1,3,6
mdl/signs/building_sign_lit_standing_02.rmdl,187864,5284,7808,108728,3228,4468,1,1,3,2
mdl/signs/coffee_menu_04.rmdl,6340,200,257,6340,200,257,1,1,1,3
mdl/traffic/traffic_light_02_a.rmdl,40952,1212,1684,20304,644,822,1,1,4,2
mdl/traffic/traffic_light_02_b.rmdl,40952,1212,1684,20304,644,822,1,1,4,2
mdl/vehicles_r5/land/msc_suv_partum/veh_land_msc_suv_partum_static.rmdl,608372,21762,23890,296186,11621,11323,1,1,5,2
mdl/vehicles_r5/land/msc_truck_mod_lrg/veh_land_msc_truck_mod_police_lrg_01_closed_static.rmdl,543422,20077,21148,269906,10401,10375,1,1,4,3
mdl/vehicles_r5/land/msc_truck_samson_v2/veh_land_msc_truck_samson_v2.rmdl,605512,19802,24335,339650,11605,13501,1,1,5,3
mdl/desertlands/desertlands_train_front_01.rmdl,1070272,22560,29216,513348,11638,13860,1,1,5,24
mdl/desertlands/desertlands_train_passenger_cab_01.rmdl,925082,17487,25630,427178,8839,11692,1,1,5,22
mdl/desertlands/industrial_drill_01.rmdl,1407956,33742,37672,749842,19139,19844,1,1,4,16
mdl/desertlands/industrial_drill_01_support_01.rmdl,169082,3407,4645,86124,1794,2355,1,1,4,10
mdl/desertlands/mobile_vehicle_01.rmdl,1484654,31069,40570,747934,16117,20351,1,1,4,10
mdl/desertlands/research_station_big_building_01.rmdl,441750,12169,15364,199116,5738,6862,1,1,4,7
mdl/desertlands/research_station_big_building_02.rmdl,399600,11408,13798,172272,5192,5880,1,1,4,8
mdl/desertlands/research_station_big_building_03.rmdl,215178,5535,7582,94506,2519,3308,1,1,4,8
mdl/desertlands/research_station_connector_building_01b_open_window.rmdl,156606,3921,5545,69270,1833,2428,1,1,4,7
mdl/desertlands/research_station_connector_building_open_wndow_01.rmdl,187914,4655,6666,84234,2207,2958,1,1,4,7
mdl/desertlands/research_station_dome_building_windows_01.rmdl,743238,20861,25753,340860,10134,11669,1,1,4,8
mdl/desertlands/research_station_incubator_01.rmdl,11232,216,414,11232,216,414,1,1,1,7
mdl/desertlands/research_station_shelf_03.rmdl,30024,804,1050,30024,804,1050,1,1,1,13
mdl/desertlands/research_station_small_building_01.rmdl,91488,2456,3198,41682,1207,1435,1,1,4,6
mdl/desertlands/research_station_small_building_01b.rmdl,101574,2813,3529,43566,1265,1499,1,1,4,6
mdl/levels_terrain/mp_rr_desertlands/desertlands_space_elevator_01.rmdl,102176,2558,3103,59350,1571,1784,1,1,3,6
mdl/desertlands/dland_train_cab_energy.rmdl,2904,112,93,2904,112,93,1,1,1,1
mdl/desertlands/dland_train_front_energy.rmdl,3024,120,96,3024,120,96,1,1,1,1
mdl/desertlands/indust_struct_circular_building_glass_ext.rmdl,1080,40,42,1080,40,42,1,1,1,1
mdl/desertlands/indust_struct_circular_building_glass_int.rmdl,1080,40,42,1080,40,42,1,1,1,1
mdl/desertlands/indust_struct_circular_building_lower_glass_int.rmdl,612,22,24,612,22,24,1,1,1,1
mdl/desertlands/indust_struct_cooling_tower_godrays_01.rmdl,85704,2496,2947,85704,2496,2947,1,1,1,2
mdl/desertlands/industrial_struct_bldg_01a.rmdl,1440,48,48,1440,48,48,1,1,1,1
mdl/desertlands/industrial_struct_bldg_01b.rmdl,1440,48,48,1440,48,48,1,1,1,1
mdl/desertlands/industrial_struct_bldg_02c.rmdl,432,8,16,432,8,16,1,1,1,1
mdl/desertlands/industrial_struct_bldg_02d.rmdl,432,8,16,432,8,16,1,1,1,1
mdl/desertlands/industrial_struct_bldg_03b.rmdl,1440,48,48,1440,48,48,1,1,1,1
mdl/desertlands/industrial_struct_bldg_03c.rmdl,1440,48,48,1440,48,48,1,1,1,1
mdl/desertlands/industrial_struct_bldg_04b.rmdl,2160,72,72,2160,72,72,1,1,1,1
mdl/desertlands/industrial_struct_bldg_04c.rmdl,1584,48,54,1584,48,54,1,1,1,1
mdl/desertlands/industrial_struct_bldg_05b.rmdl,216,4,8,216,4,8,1,1,1,1
mdl/desertlands/industrial_struct_bldg_05c.rmdl,576,16,20,576,16,20,1,1,1,1
mdl/desertlands/industrial_struct_bldg_06b.rmdl,1080,20,40,1080,20,40,1,1,1,1
mdl/desertlands/industrial_struct_bldg_06c.rmdl,1080,20,40,1080,20,40,1,1,1,1
mdl/desertlands/mobile_vehicle_01_windshield_ext_01.rmdl,4980,186,161,4980,186,161,1,1,1,1
mdl/desertlands/mobile_vehicle_01_windshield_ext_02.rmdl,864,24,30,864,24,30,1,1,1,1
mdl/fx/energy_ring_core_fx.rmdl,14080,480,350,14080,480,350,1,1,1,1
mdl/haven/kitchen_set04_table01_top_sm.rmdl,552,12,24,552,12,24,1,1,1,1
mdl/industrial/dive_bar_beer_glass_01_a.rmdl,10872,412,350,8232,340,258,1,1,2,1
mdl/industrial/dive_bar_beer_glass_01_b.rmdl,8472,340,268,6696,292,206,1,1,2,1
mdl/industrial/lab_beaker_01.rmdl,3316,156,119,3316,156,119,1,1,1,1
mdl/industrial/lab_beaker_02.rmdl,5740,300,197,5740,300,197,1,1,1,1
mdl/levels_terrain/mp_rr_desertlands/desertlands_halogen_light_godray_blue_01.rmdl,11760,520,360,11760,520,360,1,1,1,2
mdl/levels_terrain/mp_rr_desertlands/desertlands_halogen_light_godray_orange_01.rmdl,5784,260,176,5784,260,176,1,1,1,2
mdl/mendoko/mendoko_monitor_ui_02.rmdl,1380,30,60,1380,30,60,1,1,1,1
mdl/weapons/projectiles/projectile_grapple_hook_anchor_bolt.rmdl,18252,662,714,18252,662,714,1,1,1,1
mdl/Gibs/wood_gib01e.rmdl,2744,64,118,2744,64,118,1,1,1,1
mdl/Gibs/wood_gib01d.rmdl,5892,142,252,5892,142,252,1,1,1,1
mdl/Gibs/wood_gib01c.rmdl,3276,66,144,3276,66,144,1,1,1,1
mdl/Gibs/wood_gib01b.rmdl,2868,58,126,2868,58,126,1,1,1,1
mdl/Gibs/wood_gib01a.rmdl,4412,112,187,4412,112,187,1,1,1,1
mdl/Gibs/Glass_shard01.rmdl,2864,84,118,2864,84,118,1,1,1,1
mdl/Gibs/Glass_shard02.rmdl,1400,40,58,1400,40,58,1,1,1,1
mdl/Gibs/Glass_shard03.rmdl,1688,48,70,1688,48,70,1,1,1,1
mdl/Gibs/Glass_shard04.rmdl,3088,88,128,3088,88,128,1,1,1,1
mdl/Gibs/Glass_shard05.rmdl,2120,60,88,2120,60,88,1,1,1,1
mdl/Gibs/Glass_shard06.rmdl,1212,32,51,1212,32,51,1,1,1,1
mdl/props_debris/concrete_chunk08a.rmdl,6040,340,200,6040,340,200,1,1,1,1
mdl/props_debris/concrete_chunk09a.rmdl,1492,72,53,1492,72,53,1,1,1,1
mdl/props_debris/concrete_chunk03a.rmdl,1044,34,42,1044,34,42,1,1,1,1
mdl/props_debris/concrete_chunk07a.rmdl,784,34,29,784,34,29,1,1,1,1
mdl/props_debris/concrete_chunk02a.rmdl,2996,116,115,1724,84,61,1,1,2,1
mdl/Gibs/metal_gib1.rmdl,1912,52,80,1912,52,80,1,1,1,1
mdl/Gibs/metal_gib2.rmdl,1128,28,48,1128,28,48,1,1,1,1
mdl/Gibs/metal_gib3.rmdl,1352,32,58,1352,32,58,1,1,1,1
mdl/Gibs/metal_gib4.rmdl,1464,44,60,1464,44,60,1,1,1,1
mdl/Gibs/metal_gib5.rmdl,1384,44,56,1384,44,56,1,1,1,1
mdl/Humans/grunts/imc_grunt_lmg_corpse.rmdl,1329922,52627,36220,671166,28099,17949,1,149,4,5
mdl/creatures/prowler/prowler_apex.rmdl,916038,37033,24780,510972,21938,13548,1,78,5,2
mdl/creatures/spider/spider.rmdl,202220,8326,5438,202220,8326,5438,1,60,1,1
mdl/robots/marvin/marvin.rmdl,0,0,0,0,0,0,4,56,0,0
mdl/weapons/sentry_turret/sentry_turret.rmdl,751528,16134,23383,397898,9061,12269,1,24,4,4
mdl/Humans/class/medium/combat_dummie_medium.rmdl,638066,26829,17039,638066,26829,17039,2,71,1,3
mdl/vehicle/olympus_hovercraft/olympus_hovercraft_v2.rmdl,1364740,36786,40858,726068,20958,21440,2,75,5,9
mdl/communication/terminal_usable_imc_01.rmdl,471600,9880,12887,381324,8306,10360,1,32,2,4
mdl/titans/buddy/titan_buddy.rmdl,0,0,0,0,0,0,10,198,0,0
mdl/weapons/beam_ar/ptpov_beam_ar.rmdl,2116020,52064,50101,2116020,52064,50101,16,109,1,20
mdl/weapons/beam_ar/w_beam_ar.rmdl,965304,17502,23897,547596,10362,13484,14,12,4,15
mdl/weapons/bullets/projectile_rocket.rmdl,6712,232,266,3140,120,121,1,1,4,1
mdl/weapons/empty_handed/ptpov_boxinghand.rmdl,104232,3596,2952,104232,3596,2952,1,99,1,2
mdl/weapons/empty_handed/w_empty_handed_human.rmdl,90,1,3,90,1,3,1,10,1,1
mdl/weapons/data_knife/ptpov_data_knife.rmdl,104232,3596,2952,104232,3596,2952,1,79,1,2
mdl/weapons/at_satchel_charge/at_satchel_charge.rmdl,156240,4242,4671,121110,3399,3597,1,5,4,1
mdl/weapons/clacker_detonator/ptpov_clacker_detonator.rmdl,543080,18740,15380,543080,18740,15380,2,84,1,2
mdl/weapons/shuriken/w_shuriken.rmdl,23524,598,712,16832,444,506,1,3,4,1
mdl/weapons/shuriken/ptpov_shuriken_held.rmdl,43780,1482,1246,43780,1482,1246,1,108,1,1
mdl/weapons/sentry_shield/sentry_shield_proj.rmdl,286232,10064,8066,286232,10064,8066,1,4,1,1
mdl/weapons/grenades/w_gibraltar_beacon_projectile.rmdl,38460,1360,1515,23056,866,893,1,1,4,1
mdl/weapons/grenades/ptpov_gibraltar_beacon.rmdl,45160,1334,1327,45160,1334,1327,1,79,1,1
mdl/weapons/grenades/w_gibraltar_beacon.rmdl,63244,1646,1906,34020,952,1011,1,4,4,1
mdl/weapons/empty_handed/ptpov_bloodhound_huntmode.rmdl,90,1,3,90,1,3,1,107,1,1
mdl/weapons/empty_handed/ptpov_wraith_phasewalk.rmdl,90,1,3,90,1,3,1,100,1,1
mdl/weapons/lstar/w_lstar.rmdl,910014,17689,22330,493842,10151,12026,15,15,4,16
mdl/weapons/m1a1_hemlok/ptpov_hemlok.rmdl,2075550,53065,48810,2075550,53065,48810,16,107,1,19
mdl/weapons/m1a1_hemlok/w_hemlok.rmdl,980874,18147,24222,515394,10053,12641,15,12,4,16
mdl/weapons/peacekeeper/w_peacekeeper.rmdl,1049574,21419,25585,538860,11708,13017,16,14,4,18
mdl/weapons/p2011_auto/ptpov_p2011_auto.rmdl,1625418,39999,38484,1625418,39999,38484,17,109,1,20
mdl/weapons/p2011_auto/w_p2011_auto.rmdl,753288,14722,18471,408852,8484,9943,16,13,4,16
mdl/weapons/rampart_turret/ptpov_rampart_turret.rmdl,926482,28031,27082,926482,28031,27082,2,162,1,14
mdl/weapons/rampart_turret/w_rampart_turret.rmdl,269372,6428,8243,168616,4144,5134,1,14,4,1
mdl/weapons/rampart_turret/ptpov_rampart_turret_held.rmdl,907042,27311,26542,907042,27311,26542,1,161,1,5
mdl/weapons/wattson_trophy_system/w_wattson_trophy_system.rmdl,997992,29454,29331,535344,17292,15414,1,9,4,1
mdl/weapons/wattson_trophy_system/ptpov_wattson_trophy_system.rmdl,636388,21486,18124,636388,21486,18124,1,101,1,1
mdl/weapons/gibraltar_bubbleshield/w_gibraltar_bubbleshield.rmdl,126172,2628,3943,108712,2266,3397,1,6,4,1
mdl/weapons/gibraltar_bubbleshield/ptpov_gibraltar_bubbleshield_held.rmdl,230192,6044,6926,230192,6044,6926,1,141,1,1
mdl/weapons/empty_handed/ptpov_timeshift_device_stasis.rmdl,90,1,3,90,1,3,1,82,1,1
mdl/weapons/grenades/smoke_grenade_projectile.rmdl,39180,1390,1542,23288,878,901,1,1,4,1
mdl/weapons/grenades/ptpov_smoke_grenade.rmdl,45160,1334,1327,45160,1334,1327,1,79,1,1
mdl/weapons/grenades/smoke_grenade.rmdl,64580,1696,1943,34316,964,1019,1,4,4,1
mdl/weapons/empty_handed/ptpov_wraith_phasetunnel.rmdl,90,1,3,90,1,3,1,100,1,1
mdl/weapons/empty_handed/ptpov_nomad_loot_compass.rmdl,90,1,3,90,1,3,1,82,1,1
mdl/weapons/empty_handed/ptpov_mirage_holopilot.rmdl,90,1,3,90,1,3,1,88,1,1
mdl/weapons/empty_handed/w_empty_handed_mirage.rmdl,90,1,3,90,1,3,1,33,1,1
mdl/Weapons/octane_knife/ptpov_macks_knife.rmdl,767186,20181,23075,767186,20181,23075,1,129,1,2
mdl/Weapons/octane_knife/w_macks_knife.rmdl,0,0,0,0,0,0,1,3,0,0
mdl/weapons/arms/buddypov.rmdl,0,0,0,0,0,0,1,76,0,0
mdl/weapons/arms/pov_titan_medium_cockpit.rmdl,0,0,0,0,0,0,1,96,0,0
mdl/titans/medium/titan_medium_rodeo_battery.rmdl,0,0,0,0,0,0,1,10,0,0
mdl/weapons/bullets/projectile_rocket_launcher_sram.rmdl,0,0,0,0,0,0,1,5,0,0
mdl/weapons/titan_raptor_rocket_pod/atpov_titan_raptor_rocket_pod_core.rmdl,0,0,0,0,0,0,2,73,0,0
mdl/dev/editor_ref.rmdl,1104,24,48,1104,24,48,1,1,1,1
mdl/weapons/arms/human_pov_cockpit.rmdl,78,1,3,78,1,3,1,2,1,1
mdl/weapons/rspn101/ptpov_rspn101.rmdl,0,0,0,0,0,0,16,112,0,0
mdl/weapons/rspn101/w_rspn101.rmdl,888396,17326,21790,505824,10516,12298,14,18,4,14
mdl/fx/fire_cylinder_sm1.rmdl,2184,100,66,2184,100,66,1,1,1,1
mdl/fx/r301_leg07_fire_horns.rmdl,43308,1978,1310,43308,1978,1310,1,1,1,2
mdl/fx/r301_leg07_fire_body.rmdl,23052,954,722,23052,954,722,1,1,1,1
mdl/fx/peacekeeper_legendary_ice_stock.rmdl,720,16,26,720,16,26,1,1,1,1
mdl/fx/peacekeeper_legendary_ice_lvl2_add.rmdl,286756,13226,10370,286756,13226,10370,1,1,1,1
mdl/fx/peacekeeper_legendary_ice_lvl2_add_b.rmdl,144214,6579,5237,144214,6579,5237,1,1,1,1
mdl/fx/peacekeeper_legendary_ice_lvl3_add.rmdl,221334,10139,8025,221334,10139,8025,1,1,1,1
mdl/fx/peacekeeper_legendary_ice_lvl3_add_b.rmdl,112172,5162,4060,112172,5162,4060,1,1,1,1
mdl/currency/crafting/currency_crafting_epic.rmdl,113224,2684,4856,113224,2684,4856,1,1,1,1
mdl/fx/ar_marker_ringwobble.rmdl,30720,1024,1024,30720,1024,1024,1,1,1,1
mdl/IMC_base/scaffold_tech_horz_rail_c.rmdl,8784,244,366,8784,244,366,1,1,1,1
mdl/props/pathfinder_zipline/pathfinder_zipline.rmdl,0,0,0,0,0,0,1,23,0,0
mdl/fx/medic_shield_wall.rmdl,50860,1822,1158,50860,1822,1158,1,1,1,3
mdl/weapons/empty_handed/ptpov_gibraltar_shield.rmdl,0,0,0,0,0,0,1,113,0,0
mdl/fx/gibralter_gun_shield.rmdl,25854,901,639,25854,901,639,1,1,1,2
mdl/props/gibraltar_bubbleshield/gibraltar_bubbleshield.rmdl,0,0,0,0,0,0,1,35,0,0
mdl/props/caustic_gas_tank/caustic_gas_tank.rmdl,0,0,0,0,0,0,1,18,0,0
mdl/props/lifeline_drone/lifeline_drone.rmdl,0,0,0,0,0,0,1,46,0,0
mdl/fx/down_shield_01.rmdl,56812,1950,1263,56812,1950,1263,1,1,1,3
mdl/weapons/grenades/w_bangalore_canister_gas_projectile.rmdl,0,0,0,0,0,0,1,4,0,0
mdl/weapons_r5/misc_bangalore_rockets/bangalore_rockets_projectile.rmdl,0,0,0,0,0,0,1,1,0,0
mdl/props/wattson_electric_fence/wattson_electric_fence.rmdl,0,0,0,0,0,0,1,10,0,0
mdl/weapons_r5/weapon_tesla_trap/mp_weapon_tesla_trap_ar_trigger_radius.rmdl,6720,96,192,6720,96,192,1,1,1,1
mdl/props/wattson_trophy_system/wattson_trophy_system.rmdl,0,0,0,0,0,0,1,28,0,0
mdl/fx/jericho_gun_shield.rmdl,21864,644,900,21864,644,900,1,1,1,1
mdl/fx/ar_marker_big_arrow_down.rmdl,11400,360,385,11400,360,385,1,1,1,1
mdl/test/grif_test/proto_spike_ball.rmdl,13400,760,442,13400,760,442,1,1,1,1
mdl/props/debris_trap/debris_trap.rmdl,52240,1980,2018,52240,1980,2018,1,1,1,1
mdl/barriers/sandbags_large_01.rmdl,47388,2468,1629,29624,1624,994,1,1,4,1
mdl/fx/plasma_sphere_01.rmdl,14568,760,417,14568,760,417,1,1,1,1
mdl/fx/ar_edge_sphere_512.rmdl,125848,5460,2909,125848,5460,2909,1,1,1,1
mdl/test/davis_test/charge_pylong_ping_proxy.rmdl,23756,546,1024,23756,546,1024,1,1,1,1
mdl/Robots/mobile_hardpoint/mobile_hardpoint_static.rmdl,1170564,42854,45672,614152,23742,23585,1,1,5,2
mdl/gibs/human_gibs.rmdl,0,0,0,0,0,0,1,5,0,0
mdl/hud/grenade_indicator/grenade_indicator_arrow.rmdl,0,0,0,0,0,0,1,1,0,0
mdl/hud/grenade_indicator/grenade_indicator_frag.rmdl,0,0,0,0,0,0,1,4,0,0
mdl/hud/grenade_indicator/grenade_indicator_sonar.rmdl,0,0,0,0,0,0,1,2,0,0
mdl/hud/grenade_indicator/grenade_indicator_frag_sentry.rmdl,0,0,0,0,0,0,1,1,0,0
mdl/hud/grenade_indicator/grenade_indicator_bomb.rmdl,0,0,0,0,0,0,1,1,0,0
mdl/hud/grenade_indicator/bang_indicator.rmdl,5136,276,174,5136,276,174,1,1,1,1
mdl/hud/grenade_indicator/grenade_indicator_shuriken.rmdl,0,0,0,0,0,0,1,1,0,0
mdl/weapons/bullets/damage_arrow.rmdl,0,0,0,0,0,0,1,2,0,0
mdl/weapons/bullets/mgl_grenade.rmdl,8720,420,310,4944,264,168,1,1,4,1
mdl/weapons/grenades/m20_f_grenade.rmdl,0,0,0,0,0,0,1,4,0,0
mdl/Humans/class/medium/pilot_medium_empty.rmdl,0,0,0,0,0,0,1,33,0,0
mdl/weapons/defender/ptpov_defender.rmdl,0,0,0,0,0,0,21,135,0,0
mdl/weapons/defender/w_defender.rmdl,0,0,0,0,0,0,19,28,0,0
mdl/Weapons/empty_handed/ptpov_shadowhand.rmdl,0,0,0,0,0,0,1,99,0,0
mdl/weapons/bullets/temp_triple_threat_projectile_large.rmdl,0,0,0,0,0,0,1,5,0,0
mdl/dev/empty_physics.rmdl,0,0,0,0,0,0,1,3,0,0
mdl/Weapons/shellejects/shelleject_40mm.rmdl,0,0,0,0,0,0,1,1,0,0
mdl/weapons/empty_handed/w_laser_cannon.rmdl,0,0,0,0,0,0,1,16,0,0
mdl/weapons/empty_handed/ptpov_downed_shield.rmdl,0,0,0,0,0,0,1,113,0,0
mdl/weapons/empty_handed/ptpov_emptyhand.rmdl,104232,3596,2952,104232,3596,2952,1,99,1,2
mdl/dev/envballs.rmdl,30076,978,956,30076,978,956,1,1,1,6
mdl/empty/lights/empty_lights.rmdl,66,1,3,66,1,3,1,6,1,1
mdl/Humans/class/medium/pilot_medium_bangalore.rmdl,0,0,0,0,0,0,2,193,0,0
mdl/Weapons/arms/pov_pilot_medium_bangalore.rmdl,0,0,0,0,0,0,1,74,0,0
mdl/Weapons/bangalore_rocketpod/ptpov_bangalore_rocketpod.rmdl,0,0,0,0,0,0,1,95,0,0
mdl/Weapons/grenades/w_bangalore_canister_flare_projectile.rmdl,0,0,0,0,0,0,1,4,0,0
mdl/Weapons/grenades/ptpov_bangalore_canister_held.rmdl,0,0,0,0,0,0,1,109,0,0
mdl/Weapons/grenades/w_bangalore_canister.rmdl,0,0,0,0,0,0,1,4,0,0
mdl/Humans/class/medium/pilot_medium_bangalore_legendary_01.rmdl,0,0,0,0,0,0,2,189,0,0
mdl/Weapons/arms/pov_pilot_medium_bangalore_legendary_01.rmdl,0,0,0,0,0,0,1,76,0,0
mdl/Humans/class/medium/pilot_medium_bangalore_legendary_02.rmdl,0,0,0,0,0,0,2,191,0,0
mdl/Weapons/arms/pov_pilot_medium_bangalore_legendary_02.rmdl,0,0,0,0,0,0,1,74,0,0
mdl/Humans/class/medium/pilot_medium_bangalore_legendary_02_mask.rmdl,0,0,0,0,0,0,2,184,0,0
mdl/Humans/class/medium/pilot_medium_bangalore_beast_hunter.rmdl,0,0,0,0,0,0,2,185,0,0
mdl/Weapons/arms/pov_pilot_medium_bangalore_beast_hunter.rmdl,0,0,0,0,0,0,1,80,0,0
mdl/Humans/class/medium/pilot_medium_bangalore_season_02_halloween_legendary_01.rmdl,0,0,0,0,0,0,2,181,0,0
mdl/Weapons/arms/pov_pilot_medium_bangalore_season2_halloween_legendary_01.rmdl,0,0,0,0,0,0,1,74,0,0
mdl/humans/class/medium/pilot_medium_bloodhound.rmdl,0,0,0,0,0,0,2,104,0,0
mdl/Weapons/arms/pov_pilot_medium_bloodhound.rmdl,0,0,0,0,0,0,1,94,0,0
mdl/Humans/class/medium/pilot_medium_bloodhound_legendary_01.rmdl,0,0,0,0,0,0,2,81,0,0
mdl/Weapons/arms/pov_pilot_medium_bloodhound_legendary_01.rmdl,0,0,0,0,0,0,1,88,0,0
mdl/Humans/class/medium/pilot_medium_bloodhound_legendary_02.rmdl,0,0,0,0,0,0,2,86,0,0
mdl/Weapons/arms/pov_pilot_medium_bloodhound_legendary_02.rmdl,0,0,0,0,0,0,1,87,0,0
mdl/Humans/class/medium/pilot_medium_bloodhound__season2_legendary_01.rmdl,0,0,0,0,0,0,2,81,0,0
mdl/Weapons/arms/pov_pilot_medium_bloodhound_season2_legendary_01.rmdl,0,0,0,0,0,0,1,75,0,0
mdl/Humans/class/medium/pilot_medium_bloodhound_marketing_box_legendary_01.rmdl,0,0,0,0,0,0,2,81,0,0
mdl/Weapons/arms/pov_pilot_medium_bloodhound_marketing_box_legendary_01.rmdl,0,0,0,0,0,0,1,89,0,0
mdl/Humans/class/medium/pilot_medium_bloodhound_season_03_halloween_legendary_01.rmdl,0,0,0,0,0,0,2,95,0,0
mdl/Weapons/arms/pov_pilot_medium_bloodhound_season_02_halloween_legendary_01.rmdl,0,0,0,0,0,0,1,79,0,0
mdl/humans/class/heavy/pilot_heavy_caustic.rmdl,0,0,0,0,0,0,2,197,0,0
mdl/Weapons/arms/pov_pilot_heavy_caustic.rmdl,430266,17741,11565,430266,17741,11565,1,77,1,3
mdl/weapons/caustic_gas_tank/w_caustic_gas_tank.rmdl,0,0,0,0,0,0,1,8,0,0
mdl/weapons/caustic_gas_tank/ptpov_caustic_gas_tank_held.rmdl,0,0,0,0,0,0,1,93,0,0
mdl/weapons/grenades/w_caustic_grenade_projectile.rmdl,0,0,0,0,0,0,1,4,0,0
mdl/weapons/grenades/ptpov_caustic_grenade_held.rmdl,0,0,0,0,0,0,1,112,0,0
mdl/weapons/grenades/w_caustic_grenade.rmdl,0,0,0,0,0,0,1,4,0,0
mdl/Humans/class/heavy/pilot_heavy_caustic_legendary_01.rmdl,0,0,0,0,0,0,2,191,0,0
mdl/Weapons/arms/pov_pilot_heavy_caustic_legendary_01.rmdl,0,0,0,0,0,0,1,77,0,0
mdl/Humans/class/heavy/pilot_heavy_caustic_legendary_02.rmdl,0,0,0,0,0,0,2,179,0,0
mdl/Weapons/arms/pov_pilot_heavy_caustic_legendary_02.rmdl,0,0,0,0,0,0,1,77,0,0
mdl/Humans/class/heavy/pilot_heavy_caustic_season2_legendary_01.rmdl,0,0,0,0,0,0,2,137,0,0
mdl/Weapons/arms/pov_pilot_heavy_caustic_season2_legendary_01.rmdl,0,0,0,0,0,0,1,77,0,0
mdl/Humans/class/heavy/pilot_heavy_caustic_season2_halloween_legendary_01.rmdl,0,0,0,0,0,0,2,81,0,0
mdl/Weapons/arms/pov_pilot_heavy_caustic_season2_halloween_legendary_01.rmdl,0,0,0,0,0,0,1,72,0,0
mdl/humans/class/heavy/pilot_heavy_gibraltar.rmdl,0,0,0,0,0,0,2,192,0,0
mdl/weapons/arms/pov_pilot_heavy_gibraltar.rmdl,0,0,0,0,0,0,1,101,0,0
mdl/Humans/class/heavy/pilot_heavy_gibraltar_legendary_01.rmdl,0,0,0,0,0,0,2,189,0,0
mdl/Weapons/arms/pov_pilot_heavy_gibraltar_legendary_01.rmdl,0,0,0,0,0,0,1,95,0,0
mdl/Humans/class/heavy/pilot_heavy_gibraltar_legendary_02.rmdl,0,0,0,0,0,0,2,180,0,0
mdl/Weapons/arms/pov_pilot_heavy_gibraltar_legendary_02.rmdl,0,0,0,0,0,0,1,95,0,0
mdl/Humans/class/heavy/pilot_heavy_gibraltar_season2_legendary_01.rmdl,0,0,0,0,0,0,2,177,0,0
mdl/Weapons/arms/pov_pilot_heavy_gibraltar_season2_legendary_01.rmdl,0,0,0,0,0,0,1,89,0,0
mdl/Humans/class/heavy/pilot_heavy_gibraltar_season2_halloween_legendary_01.rmdl,0,0,0,0,0,0,2,179,0,0
mdl/Weapons/arms/pov_pilot_heavy_gibraltar_season2_halloween_legendary_01.rmdl,0,0,0,0,0,0,1,85,0,0
mdl/humans/class/light/pilot_light_support.rmdl,0,0,0,0,0,0,2,179,0,0
mdl/Weapons/arms/pov_pilot_light_support.rmdl,0,0,0,0,0,0,1,84,0,0
mdl/weapons/lifeline_drone/ptpov_lifeline_drone_held.rmdl,0,0,0,0,0,0,1,120,0,0
mdl/weapons/clacker_detonator/ptpov_proximity_detonator.rmdl,0,0,0,0,0,0,2,82,0,0
mdl/Humans/class/light/pilot_light_support_legendary_01.rmdl,0,0,0,0,0,0,2,179,0,0
mdl/Weapons/arms/pov_pilot_light_support_legendary_01.rmdl,0,0,0,0,0,0,1,78,0,0
mdl/Humans/class/light/pilot_light_support_legendary_02.rmdl,0,0,0,0,0,0,2,179,0,0
mdl/Weapons/arms/pov_pilot_light_support_legendary_02.rmdl,0,0,0,0,0,0,1,78,0,0
mdl/Humans/class/light/pilot_light_support_season2_legendary_01.rmdl,0,0,0,0,0,0,2,109,0,0
mdl/Weapons/arms/pov_pilot_light_support_season2_legendary_01.rmdl,0,0,0,0,0,0,1,92,0,0
mdl/Humans/class/light/pilot_light_support_marketing_box_legendary_01.rmdl,0,0,0,0,0,0,2,176,0,0
mdl/Weapons/arms/pov_pilot_light_support_marketing_box_legendary_01.rmdl,0,0,0,0,0,0,1,85,0,0
mdl/Humans/class/light/pilot_light_support_season3_legendary_01.rmdl,0,0,0,0,0,0,2,177,0,0
mdl/Weapons/arms/pov_pilot_light_support_season3_legendary_01.rmdl,0,0,0,0,0,0,1,84,0,0
mdl/humans/class/medium/pilot_medium_holo.rmdl,0,0,0,0,0,0,2,209,0,0
mdl/weapons/arms/pov_pilot_medium_holo.rmdl,0,0,0,0,0,0,1,74,0,0
mdl/weapons/empty_handed/ptpov_mirage_disguise.rmdl,0,0,0,0,0,0,1,88,0,0
mdl/Humans/class/medium/pilot_medium_holo_legendary_01.rmdl,0,0,0,0,0,0,2,196,0,0
mdl/Weapons/arms/pov_pilot_medium_holo_legendary_01.rmdl,0,0,0,0,0,0,1,76,0,0
mdl/Humans/class/medium/pilot_medium_holo_legendary_02.rmdl,0,0,0,0,0,0,2,194,0,0
mdl/Weapons/arms/pov_pilot_medium_holo_legendary_02.rmdl,0,0,0,0,0,0,1,76,0,0
mdl/Humans/class/medium/pilot_medium_holo_bf.rmdl,0,0,0,0,0,0,2,181,0,0
mdl/Weapons/arms/pov_pilot_medium_holo_bf.rmdl,0,0,0,0,0,0,1,76,0,0
mdl/Humans/class/medium/pilot_medium_holo_season_02_halloween_legendary_01.rmdl,0,0,0,0,0,0,2,193,0,0
mdl/Weapons/arms/pov_pilot_medium_holo_season_02_halloween_legendary_01.rmdl,0,0,0,0,0,0,1,72,0,0
mdl/Humans/class/medium/pilot_medium_stim.rmdl,0,0,0,0,0,0,2,95,0,0
mdl/weapons/arms/pov_pilot_medium_stim.rmdl,0,0,0,0,0,0,1,78,0,0
mdl/weapons/octane_epipen/ptpov_octane_epipen_held.rmdl,0,0,0,0,0,0,1,101,0,0
mdl/props/octane_jump_pad/octane_jump_pad.rmdl,0,0,0,0,0,0,1,17,0,0
mdl/weapons/octane_jump_pad/ptpov_octane_jump_pad_held.rmdl,0,0,0,0,0,0,1,113,0,0
mdl/Humans/class/medium/pilot_medium_stim_legendary_01.rmdl,0,0,0,0,0,0,2,85,0,0
mdl/Weapons/arms/pov_pilot_medium_stim_legendary_01.rmdl,0,0,0,0,0,0,1,76,0,0
mdl/Humans/class/medium/pilot_medium_stim_legendary_01_v2.rmdl,0,0,0,0,0,0,2,85,0,0
mdl/Humans/class/medium/pilot_medium_stim_legendary_02.rmdl,0,0,0,0,0,0,2,91,0,0
mdl/Weapons/arms/pov_pilot_medium_stim_legendary_02.rmdl,0,0,0,0,0,0,1,82,0,0
mdl/Humans/class/medium/pilot_medium_stim_battle_forged.rmdl,0,0,0,0,0,0,2,94,0,0
mdl/Weapons/arms/pov_pilot_medium_stim_battle_forged.rmdl,0,0,0,0,0,0,1,78,0,0
mdl/Humans/class/medium/pilot_medium_stim_season_02_halloween_legendary_01.rmdl,0,0,0,0,0,0,2,73,0,0
mdl/Weapons/arms/pov_pilot_medium_stim_season_02_halloween_legendary_01.rmdl,0,0,0,0,0,0,1,76,0,0
mdl/humans/class/heavy/pilot_heavy_pathfinder.rmdl,0,0,0,0,0,0,4,99,0,0
mdl/weapons/arms/pov_pilot_heavy_pathfinder.rmdl,0,0,0,0,0,0,5,76,0,0
mdl/Weapons/pathfinder_zipline/w_pathfinder_zipline.rmdl,0,0,0,0,0,0,1,4,0,0
mdl/weapons/pathfinder_zipline/ptpov_pathfinder_zipline_held.rmdl,0,0,0,0,0,0,1,110,0,0
mdl/Humans/class/heavy/pilot_heavy_pathfinder_legendary_01.rmdl,0,0,0,0,0,0,4,101,0,0
mdl/Weapons/arms/pov_pilot_heavy_pathfinder_legendary_01.rmdl,0,0,0,0,0,0,5,82,0,0
mdl/Humans/class/heavy/pilot_heavy_pathfinder_legendary_02.rmdl,0,0,0,0,0,0,4,100,0,0
mdl/Weapons/arms/pov_pilot_heavy_pathfinder_legendary_02.rmdl,0,0,0,0,0,0,5,71,0,0
mdl/Humans/class/heavy/pilot_heavy_pathfinder_knight.rmdl,0,0,0,0,0,0,4,99,0,0
mdl/Weapons/arms/pov_pilot_heavy_pathfinder_knight.rmdl,0,0,0,0,0,0,5,70,0,0
mdl/Humans/class/heavy/pilot_heavy_pathfinder_ice.rmdl,0,0,0,0,0,0,4,99,0,0
mdl/Weapons/arms/pov_pilot_heavy_pathfinder_ice.rmdl,0,0,0,0,0,0,5,70,0,0
mdl/humans/class/light/pilot_light_wraith.rmdl,0,0,0,0,0,0,2,210,0,0
mdl/weapons/arms/pov_pilot_light_wraith.rmdl,732104,29692,19784,732104,29692,19784,1,88,1,3
mdl/humans/class/light/pilot_light_wraith_legendary_01.rmdl,0,0,0,0,0,0,2,194,0,0
mdl/Weapons/arms/pov_pilot_light_wraith_legendary_01.rmdl,0,0,0,0,0,0,1,82,0,0
mdl/Humans/class/light/pilot_light_wraith_legendary_02.rmdl,0,0,0,0,0,0,2,179,0,0
mdl/Weapons/arms/pov_pilot_light_wraith_legendary_02.rmdl,0,0,0,0,0,0,1,82,0,0
mdl/Humans/class/light/pilot_light_wraith_beast_hunter.rmdl,0,0,0,0,0,0,2,188,0,0
mdl/Weapons/arms/pov_pilot_light_wraith_beast_hunter.rmdl,0,0,0,0,0,0,1,77,0,0
mdl/Humans/class/light/pilot_light_wraith_season2_legendary_01.rmdl,0,0,0,0,0,0,2,183,0,0
mdl/Weapons/arms/pov_pilot_light_wraith_season2_legendary_01.rmdl,0,0,0,0,0,0,1,84,0,0
mdl/Humans/class/light/pilot_light_wraith_cyber_ninja.rmdl,0,0,0,0,0,0,3,219,0,0
mdl/Weapons/arms/pov_pilot_light_wraith_cyber_ninja.rmdl,0,0,0,0,0,0,1,84,0,0
mdl/Humans/class/light/pilot_light_wraith_season2_halloween_legendary_01.rmdl,0,0,0,0,0,0,2,198,0,0
mdl/Weapons/arms/pov_pilot_light_wraith_season2_halloween_legendary_01.rmdl,0,0,0,0,0,0,1,84,0,0
mdl/Humans/class/light/pilot_light_wattson.rmdl,0,0,0,0,0,0,3,203,0,0
mdl/Weapons/arms/pov_pilot_medium_generic.rmdl,558610,22845,15055,558610,22845,15055,1,93,1,1
mdl/weapons/wattson_electric_fence/ptpov_wattson_electric_fence.rmdl,0,0,0,0,0,0,1,83,0,0
mdl/Weapons/arms/pov_pilot_light_wattson.rmdl,0,0,0,0,0,0,1,84,0,0
mdl/Humans/class/light/pilot_light_wattson_custom1.rmdl,0,0,0,0,0,0,3,203,0,0
mdl/Weapons/arms/pov_pilot_light_wattson_custom1.rmdl,0,0,0,0,0,0,1,84,0,0
mdl/Humans/class/light/pilot_light_wattson_legendary_01.rmdl,0,0,0,0,0,0,3,182,0,0
mdl/Weapons/arms/pov_pilot_light_wattson_legendary_01.rmdl,0,0,0,0,0,0,1,82,0,0
mdl/Humans/class/light/pilot_light_wattson_legendary_02.rmdl,0,0,0,0,0,0,3,193,0,0
mdl/Weapons/arms/pov_pilot_light_wattson_legendary_02.rmdl,0,0,0,0,0,0,1,82,0,0
mdl/Humans/class/light/pilot_light_wattson_season2_legendary_01.rmdl,0,0,0,0,0,0,3,178,0,0
mdl/Weapons/arms/pov_pilot_light_wattson_season2_legendary_01.rmdl,0,0,0,0,0,0,1,84,0,0
mdl/Humans/class/medium/pilot_medium_crypto.rmdl,0,0,0,0,0,0,3,212,0,0
mdl/Weapons/arms/pov_pilot_medium_crypto.rmdl,0,0,0,0,0,0,1,99,0,0
mdl/weapons/crypto_drone/ptpov_crypto_drone_held.rmdl,0,0,0,0,0,0,2,114,0,0
mdl/weapons/crypto_puzzle_remote/ptpov_crypto_puzzle_remote.rmdl,0,0,0,0,0,0,1,117,0,0
mdl/Humans/class/medium/pilot_medium_crypto_legendary_01.rmdl,0,0,0,0,0,0,3,209,0,0
mdl/Weapons/arms/pov_pilot_medium_crypto_legendary_01.rmdl,0,0,0,0,0,0,1,99,0,0
mdl/Humans/class/medium/pilot_medium_crypto_legendary_02.rmdl,0,0,0,0,0,0,3,177,0,0
mdl/Weapons/arms/pov_pilot_medium_crypto_legendary_02.rmdl,0,0,0,0,0,0,1,99,0,0
mdl/Humans/class/medium/pilot_medium_crypto_season_02_halloween_legendary_01.rmdl,0,0,0,0,0,0,3,212,0,0
mdl/Weapons/arms/pov_pilot_medium_crypto_season_02_halloween_legendary_01.rmdl,0,0,0,0,0,0,1,99,0,0
mdl/humans/class/heavy/pilot_heavy_revenant.rmdl,0,0,0,0,0,0,3,189,0,0
mdl/weapons_r5/misc_revenant_grenade/projectile_revenant_grenade.rmdl,0,0,0,0,0,0,1,1,0,0
mdl/weapons/revenant_grenade/ptpov_revenant_grenade.rmdl,0,0,0,0,0,0,1,151,0,0
mdl/weapons/empty_handed/ptpov_revenant_totem.rmdl,0,0,0,0,0,0,1,155,0,0
mdl/weapons/empty_hands/ptpov_empty_hands.rmdl,0,0,0,0,0,0,1,82,0,0
mdl/Weapons/arms/pov_pilot_heavy_revenant.rmdl,0,0,0,0,0,0,1,127,0,0
mdl/humans/class/heavy/pilot_heavy_revenant_legendary_01.rmdl,0,0,0,0,0,0,3,154,0,0
mdl/Weapons/arms/pov_pilot_heavy_revenant_legendary_01.rmdl,0,0,0,0,0,0,1,127,0,0
mdl/humans/class/heavy/pilot_heavy_revenant_legendary_02.rmdl,0,0,0,0,0,0,3,128,0,0
mdl/Weapons/arms/pov_pilot_heavy_revenant_legendary_02.rmdl,0,0,0,0,0,0,1,127,0,0
mdl/Humans/class/medium/pilot_medium_loba.rmdl,0,0,0,0,0,0,2,229,0,0
mdl/Weapons/arms/pov_pilot_medium_loba.rmdl,832590,33079,22647,832590,33079,22647,1,84,1,4
mdl/weapons/loba_rings/w_loba_rings.rmdl,0,0,0,0,0,0,1,4,0,0
mdl/weapons/loba_rings/ptpov_loba_rings.rmdl,0,0,0,0,0,0,1,121,0,0
mdl/weapons/loba_loot_stick/ptpov_loba_loot_stick.rmdl,0,0,0,0,0,0,1,140,0,0
mdl/weapons/loba_loot_stick/w_loba_loot_stick.rmdl,0,0,0,0,0,0,1,4,0,0
mdl/Humans/class/medium/pilot_medium_loba_legendary_01.rmdl,0,0,0,0,0,0,2,222,0,0
mdl/Weapons/arms/pov_pilot_medium_loba_s05_victorian.rmdl,0,0,0,0,0,0,1,84,0,0
mdl/Humans/class/medium/pilot_medium_loba_legendary_02.rmdl,0,0,0,0,0,0,2,200,0,0
mdl/Weapons/arms/pov_pilot_medium_loba_s05_assassin.rmdl,0,0,0,0,0,0,1,70,0,0
mdl/Humans/class/medium/pilot_medium_dummie.rmdl,0,0,0,0,0,0,2,93,0,0
mdl/Humans/class/medium/pilot_medium_rampart.rmdl,0,0,0,0,0,0,2,212,0,0
mdl/Weapons/arms/pov_pilot_medium_rampart.rmdl,0,0,0,0,0,0,1,91,0,0
mdl/weapons/rampart_wall/w_rampart_wall_held.rmdl,0,0,0,0,0,0,1,5,0,0
mdl/weapons/rampart_wall/ptpov_rampart_wall_held.rmdl,0,0,0,0,0,0,1,110,0,0
mdl/Humans/class/medium/rampart_v20_racecar_w.rmdl,0,0,0,0,0,0,2,207,0,0
mdl/Weapons/arms/rampart_v20_racecar_v.rmdl,0,0,0,0,0,0,1,89,0,0
mdl/Humans/class/medium/rampart_v20_traditional_w.rmdl,0,0,0,0,0,0,2,207,0,0
mdl/Weapons/arms/rampart_v20_traditional_v.rmdl,0,0,0,0,0,0,1,89,0,0
mdl/humans/pilots/pilot_medium_reaper_m.rmdl,0,0,0,0,0,0,3,73,0,0
mdl/weapons/alternator_smg/ptpov_alternator_smg.rmdl,0,0,0,0,0,0,17,121,0,0
mdl/weapons/alternator_smg/w_alternator_smg.rmdl,904524,17410,22224,483378,9895,11778,15,13,4,15
mdl/Weapons/alternator_smg/w_alternator_smg_legendary_01.rmdl,0,0,0,0,0,0,15,13,0,0
mdl/Weapons/alternator_smg/ptpov_alternator_smg_legendary_01.rmdl,0,0,0,0,0,0,17,118,0,0
mdl/Weapons/alternator_smg/w_alternator_smg_legendary_02.rmdl,0,0,0,0,0,0,15,13,0,0
mdl/Weapons/alternator_smg/ptpov_alternator_smg_legendary_02.rmdl,0,0,0,0,0,0,17,118,0,0
mdl/Weapons/alternator_smg/w_alternator_smg_bf.rmdl,0,0,0,0,0,0,15,13,0,0
mdl/Weapons/alternator_smg/ptpov_alternator_smg_bf.rmdl,0,0,0,0,0,0,17,118,0,0
mdl/Weapons/alternator_smg/w_alternator_smg_halloween_2019.rmdl,0,0,0,0,0,0,15,13,0,0
mdl/Weapons/alternator_smg/ptpov_alternator_smg_halloween_2019.rmdl,0,0,0,0,0,0,17,117,0,0
mdl/props/charm/charm_rank_gold.rmdl,0,0,0,0,0,0,1,5,0,0
mdl/props/charm/charm_rank_platinum.rmdl,0,0,0,0,0,0,1,5,0,0
mdl/props/charm/charm_rank_diamond.rmdl,0,0,0,0,0,0,1,5,0,0
mdl/props/charm/charm_rank_predator.rmdl,0,0,0,0,0,0,1,5,0,0
mdl/props/charm/charm_nessy.rmdl,0,0,0,0,0,0,1,5,0,0
mdl/props/charm/charm_fireball.rmdl,0,0,0,0,0,0,1,5,0,0
mdl/props/charm/charm_gas_canister.rmdl,0,0,0,0,0,0,1,5,0,0
mdl/props/charm/charm_yeti.rmdl,0,0,0,0,0,0,1,5,0,0
mdl/props/charm/charm_lifeline_drone.rmdl,0,0,0,0,0,0,1,5,0,0
mdl/props/charm/charm_pumpkin.rmdl,0,0,0,0,0,0,1,5,0,0
mdl/props/charm/charm_clown.rmdl,0,0,0,0,0,0,1,5,0,0
mdl/props/charm/charm_witch.rmdl,0,0,0,0,0,0,1,5,0,0
mdl/props/charm/charm_crow.rmdl,0,0,0,0,0,0,1,5,0,0
mdl/props/charm/charm_jester.rmdl,0,0,0,0,0,0,1,5,0,0
mdl/props/charm/charm_nessy_ghost.rmdl,0,0,0,0,0,0,1,5,0,0
mdl/Weapons/p2011_auto/w_p2011_auto_legendary_01.rmdl,0,0,0,0,0,0,15,13,0,0
mdl/Weapons/p2011_auto/ptpov_p2011_auto_legendary_01.rmdl,0,0,0,0,0,0,17,109,0,0
mdl/Weapons/p2011_auto/w_p2011_auto_legendary_02.rmdl,0,0,0,0,0,0,15,13,0,0
mdl/Weapons/p2011_auto/ptpov_p2011_auto_legendary_02.rmdl,0,0,0,0,0,0,17,108,0,0
mdl/Weapons/p2011_auto/w_p2011_auto_legendary_03.rmdl,0,0,0,0,0,0,15,13,0,0
mdl/Weapons/p2011_auto/ptpov_p2011_auto_legendary_03.rmdl,0,0,0,0,0,0,17,108,0,0
mdl/Weapons/p2011_auto/w_p2011_auto_bf.rmdl,0,0,0,0,0,0,15,13,0,0
mdl/Weapons/p2011_auto/ptpov_p2011_auto_bf.rmdl,0,0,0,0,0,0,17,108,0,0
mdl/weapons/hemlock_br/ptpov_hemlock_br.rmdl,0,0,0,0,0,0,16,112,0,0
mdl/weapons/hemlock_br/w_hemlock_br.rmdl,911382,16915,22497,487086,9589,11932,14,13,4,14
mdl/Weapons/hemlock_br/w_hemlock_br_legendary_01.rmdl,0,0,0,0,0,0,14,13,0,0
mdl/Weapons/hemlock_br/ptpov_hemlock_br_legendary_01.rmdl,0,0,0,0,0,0,16,112,0,0
mdl/Weapons/hemlock_br/w_hemlock_br_legendary_02.rmdl,0,0,0,0,0,0,14,13,0,0
mdl/Weapons/hemlock_br/ptpov_hemlock_br_legendary_02.rmdl,0,0,0,0,0,0,16,107,0,0
mdl/Weapons/hemlock_br/w_hemlock_br_holloween_2019.rmdl,0,0,0,0,0,0,14,13,0,0
mdl/Weapons/hemlock_br/ptpov_hemlock_br_holloween_2019.rmdl,0,0,0,0,0,0,16,107,0,0
mdl/weapons/rspn101_dmr/ptpov_rspn101_dmr.rmdl,0,0,0,0,0,0,20,113,0,0
mdl/weapons/rspn101_dmr/w_rspn101_dmr.rmdl,1493538,29557,36561,740814,15313,18026,19,16,4,19
mdl/Weapons/rspn101_dmr/w_rspn101_dmr_legendary_01.rmdl,0,0,0,0,0,0,19,16,0,0
mdl/Weapons/rspn101_dmr/ptpov_rspn101_dmr_legendary_01.rmdl,0,0,0,0,0,0,20,113,0,0
mdl/Weapons/rspn101_dmr/w_rspn101_dmr_legendary_02.rmdl,0,0,0,0,0,0,19,16,0,0
mdl/Weapons/rspn101_dmr/ptpov_rspn101_dmr_legendary_02.rmdl,0,0,0,0,0,0,20,113,0,0
mdl/Weapons/rspn101_dmr/w_rspn101_dmr_legendary_05.rmdl,0,0,0,0,0,0,19,16,0,0
mdl/Weapons/rspn101_dmr/ptpov_rspn101_dmr_legendary_05.rmdl,0,0,0,0,0,0,20,114,0,0
mdl/Weapons/rspn101_dmr/w_rspn101_dmr_s03bp.rmdl,0,0,0,0,0,0,19,16,0,0
mdl/Weapons/rspn101_dmr/ptpov_rspn101_dmr_s03bp.rmdl,0,0,0,0,0,0,20,112,0,0
mdl/weapons/w1128/ptpov_w1128.rmdl,0,0,0,0,0,0,17,111,0,0
mdl/weapons/w1128/w_w1128.rmdl,917430,17401,22584,489336,9886,11945,15,14,4,15
mdl/weapons/w1128/ptpov_w1128_legendary_01.rmdl,0,0,0,0,0,0,17,110,0,0
mdl/weapons/w1128/w_w1128_legendary_01.rmdl,0,0,0,0,0,0,15,14,0,0
mdl/Weapons/w1128/w_w1128_legendary_02.rmdl,0,0,0,0,0,0,15,14,0,0
mdl/Weapons/w1128/ptpov_w1128_legendary_02.rmdl,0,0,0,0,0,0,17,111,0,0
mdl/weapons/vinson/ptpov_vinson.rmdl,0,0,0,0,0,0,15,112,0,0
mdl/weapons/vinson/w_vinson.rmdl,876168,16956,21512,468612,9654,11408,14,14,4,14
mdl/weapons/vinson/ptpov_vinson_set1.rmdl,0,0,0,0,0,0,15,112,0,0
mdl/Weapons/vinson/w_vinson_legendary_01.rmdl,0,0,0,0,0,0,14,14,0,0
mdl/Weapons/vinson/ptpov_vinson_legendary_01.rmdl,0,0,0,0,0,0,15,110,0,0
mdl/Weapons/vinson/w_vinson_legendary_02.rmdl,0,0,0,0,0,0,14,14,0,0
mdl/Weapons/vinson/ptpov_vinson_legendary_02.rmdl,0,0,0,0,0,0,15,112,0,0
mdl/Weapons/vinson/w_vinson_halloween_2019.rmdl,0,0,0,0,0,0,14,14,0,0
mdl/Weapons/vinson/ptpov_vinson_halloween_2019.rmdl,0,0,0,0,0,0,15,111,0,0
mdl/weapons/g2/ptpov_g2a4.rmdl,0,0,0,0,0,0,20,115,0,0
mdl/weapons/g2/w_g2a4.rmdl,1434714,28723,35066,692406,14589,16802,18,16,4,19
mdl/weapons/g2/w_g2a4_legendary_01.rmdl,0,0,0,0,0,0,18,16,0,0
mdl/weapons/g2/ptpov_g2a4_legendary_01.rmdl,0,0,0,0,0,0,20,113,0,0
mdl/weapons/g2/w_g2a4_legendary_02.rmdl,0,0,0,0,0,0,18,16,0,0
mdl/weapons/g2/ptpov_g2a4_legendary_02.rmdl,0,0,0,0,0,0,20,115,0,0
mdl/Weapons/g2/w_g2a4_bf.rmdl,0,0,0,0,0,0,18,16,0,0
mdl/Weapons/g2/ptpov_g2a4_bf.rmdl,0,0,0,0,0,0,20,115,0,0
mdl/weapons/m1a1_hemlok/ptpov_hemlok_legendary_01.rmdl,0,0,0,0,0,0,16,107,0,0
mdl/weapons/m1a1_hemlok/w_hemlok_legendary_01.rmdl,0,0,0,0,0,0,15,12,0,0
mdl/Weapons/m1a1_hemlok/w_hemlok_legendary_03.rmdl,0,0,0,0,0,0,15,12,0,0
mdl/Weapons/m1a1_hemlok/ptpov_hemlok_legendary_03.rmdl,0,0,0,0,0,0,16,107,0,0
mdl/Weapons/m1a1_hemlok/w_hemlok_legendary_02.rmdl,0,0,0,0,0,0,15,12,0,0
mdl/Weapons/m1a1_hemlok/ptpov_hemlok_legendary_02.rmdl,0,0,0,0,0,0,16,107,0,0
mdl/Weapons/m1a1_hemlok/w_hemlok_legendary_06.rmdl,0,0,0,0,0,0,15,12,0,0
mdl/Weapons/m1a1_hemlok/ptpov_hemlok_legendary_06.rmdl,0,0,0,0,0,0,16,107,0,0
mdl/weapons/bullets/projectile_20mm.rmdl,2140,100,77,2140,100,77,1,1,1,1
mdl/weapons/at_rifle/ptpov_at_rifle.rmdl,0,0,0,0,0,0,20,115,0,0
mdl/weapons/at_rifle/w_at_rifle.rmdl,0,0,0,0,0,0,18,17,0,0
mdl/Weapons/at_rifle/w_at_rifle_legendary_01.rmdl,0,0,0,0,0,0,18,17,0,0
mdl/Weapons/at_rifle/ptpov_at_rifle_legendary_01.rmdl,0,0,0,0,0,0,20,116,0,0
mdl/Weapons/at_rifle/w_at_rifle_raygun.rmdl,0,0,0,0,0,0,18,17,0,0
mdl/Weapons/at_rifle/ptpov_at_rifle_raygun.rmdl,0,0,0,0,0,0,20,112,0,0
mdl/weapons/mastiff_stgn/ptpov_mastiff.rmdl,0,0,0,0,0,0,18,119,0,0
mdl/weapons/mastiff_stgn/w_mastiff.rmdl,914430,17303,22517,490386,9809,11987,15,14,4,15
mdl/Weapons/mastiff_stgn/w_mastiff_legendary_01.rmdl,0,0,0,0,0,0,15,14,0,0
mdl/Weapons/mastiff_stgn/ptpov_mastiff_legendary_01.rmdl,0,0,0,0,0,0,18,117,0,0
mdl/Weapons/mastiff_stgn/w_mastiff_legendary_02.rmdl,0,0,0,0,0,0,15,14,0,0
mdl/Weapons/mastiff_stgn/ptpov_mastiff_legendary_02.rmdl,0,0,0,0,0,0,18,116,0,0
mdl/weapons/pstl_sa3/ptpov_pstl_sa3.rmdl,0,0,0,0,0,0,16,114,0,0
mdl/weapons/pstl_sa3/w_pstl_sa3.rmdl,789702,15655,19327,429234,9091,10408,15,18,4,15
mdl/Weapons/pstl_sa3/w_pstl_sa3_legendary_01.rmdl,0,0,0,0,0,0,15,18,0,0
mdl/Weapons/pstl_sa3/ptpov_pstl_sa3_legendary_01.rmdl,0,0,0,0,0,0,16,113,0,0
mdl/Weapons/pstl_sa3/w_pstl_sa3_legendary_02.rmdl,0,0,0,0,0,0,15,18,0,0
mdl/Weapons/pstl_sa3/ptpov_pstl_sa3_legendary_02.rmdl,0,0,0,0,0,0,16,114,0,0
mdl/Weapons/pstl_sa3/w_pstl_sa3_legendary_05.rmdl,0,0,0,0,0,0,15,18,0,0
mdl/Weapons/pstl_sa3/ptpov_pstl_sa3_legendary_05.rmdl,0,0,0,0,0,0,16,112,0,0
mdl/weapons/prowler_smg/ptpov_prowler_smg.rmdl,0,0,0,0,0,0,17,110,0,0
mdl/weapons/prowler_smg/w_prowler_smg.rmdl,0,0,0,0,0,0,17,13,0,0
mdl/Weapons/prowler_smg/w_prowler_smg_legendary_01.rmdl,0,0,0,0,0,0,17,13,0,0
mdl/Weapons/prowler_smg/ptpov_prowler_smg_legendary_01.rmdl,0,0,0,0,0,0,17,110,0,0
mdl/Weapons/prowler_smg/w_prowler_smg_legendary_02.rmdl,0,0,0,0,0,0,17,13,0,0
mdl/Weapons/prowler_smg/ptpov_prowler_smg_legendary_02.rmdl,0,0,0,0,0,0,17,110,0,0
mdl/Weapons/prowler_smg/w_prowler_smg_halloween.rmdl,0,0,0,0,0,0,17,13,0,0
mdl/Weapons/prowler_smg/ptpov_prowler_smg_halloween.rmdl,0,0,0,0,0,0,17,108,0,0
mdl/weapons/peacekeeper/ptpov_peacekeeper.rmdl,0,0,0,0,0,0,17,110,0,0
mdl/Weapons/peacekeeper/w_peacekeeper_legendary_01.rmdl,0,0,0,0,0,0,16,14,0,0
mdl/Weapons/peacekeeper/ptpov_peacekeeper_legendary_01.rmdl,0,0,0,0,0,0,17,110,0,0
mdl/Weapons/peacekeeper/w_peacekeeper_legendary_02.rmdl,0,0,0,0,0,0,16,14,0,0
mdl/Weapons/peacekeeper/ptpov_peacekeeper_legendary_02.rmdl,0,0,0,0,0,0,18,110,0,0
mdl/Weapons/peacekeeper/w_peacekeeper_bf.rmdl,0,0,0,0,0,0,16,14,0,0
mdl/Weapons/peacekeeper/ptpov_peacekeeper_bf.rmdl,0,0,0,0,0,0,17,110,0,0
mdl/Weapons/peacekeeper/w_peacekeeper_legendary_06.rmdl,0,0,0,0,0,0,18,14,0,0
mdl/Weapons/peacekeeper/ptpov_peacekeeper_legendary_06.rmdl,0,0,0,0,0,0,18,109,0,0
mdl/weapons/r97/ptpov_r97.rmdl,0,0,0,0,0,0,18,111,0,0
mdl/weapons/r97/w_r97.rmdl,1058652,19446,26166,502620,10084,12281,16,13,4,16
mdl/weapons/r97/ptpov_r97_legendary_01.rmdl,0,0,0,0,0,0,18,110,0,0
mdl/weapons/r97/w_r97_legendary_01.rmdl,0,0,0,0,0,0,16,13,0,0
mdl/Weapons/r97/w_r97_legendary_02.rmdl,0,0,0,0,0,0,16,13,0,0
mdl/Weapons/r97/ptpov_r97_legendary_02.rmdl,0,0,0,0,0,0,18,109,0,0
mdl/Weapons/r97/w_r97_legendary_05.rmdl,0,0,0,0,0,0,16,13,0,0
mdl/Weapons/r97/ptpov_r97_legendary_05.rmdl,0,0,0,0,0,0,18,109,0,0
mdl/Weapons/r97/w_r99_legendary_06.rmdl,0,0,0,0,0,0,16,13,0,0
mdl/Weapons/r97/ptpov_r99_legendary_06.rmdl,0,0,0,0,0,0,18,116,0,0
mdl/Weapons/rspn101/w_rspn101_legendary_01.rmdl,0,0,0,0,0,0,14,18,0,0
mdl/Weapons/rspn101/ptpov_rspn101_legendary_01.rmdl,0,0,0,0,0,0,16,112,0,0
mdl/Weapons/rspn101/w_rspn101_legendary_02.rmdl,0,0,0,0,0,0,14,18,0,0
mdl/Weapons/rspn101/ptpov_rspn101_legendary_02.rmdl,0,0,0,0,0,0,16,112,0,0
mdl/Weapons/rspn101/w_rspn101_beast_hunter.rmdl,0,0,0,0,0,0,14,18,0,0
mdl/Weapons/rspn101/ptpov_rspn101_beast_hunter.rmdl,0,0,0,0,0,0,16,117,0,0
mdl/Weapons/rspn101/w_rspn101_legendary_07.rmdl,0,0,0,0,0,0,14,18,0,0
mdl/Weapons/rspn101/ptpov_rspn101_legendary_07.rmdl,0,0,0,0,0,0,16,112,0,0
mdl/weapons/p2011/ptpov_p2011.rmdl,0,0,0,0,0,0,18,109,0,0
mdl/weapons/p2011/w_p2011.rmdl,861516,16626,21160,436764,9080,10619,17,15,4,16
mdl/Weapons/p2011/w_p2011_legendary_01.rmdl,0,0,0,0,0,0,17,16,0,0
mdl/Weapons/p2011/ptpov_p2011_legendary_01.rmdl,0,0,0,0,0,0,18,112,0,0
mdl/Weapons/p2011/w_p2011_legendary_02.rmdl,0,0,0,0,0,0,17,16,0,0
mdl/Weapons/p2011/ptpov_p2011_legendary_02.rmdl,0,0,0,0,0,0,18,112,0,0
mdl/weapons/lmg_hemlok/ptpov_lmg_hemlok.rmdl,0,0,0,0,0,0,16,109,0,0
mdl/weapons/lmg_hemlok/w_lmg_hemlok.rmdl,947556,17754,23362,505074,9977,12367,15,13,4,15
mdl/Weapons/lmg_hemlok/w_lmg_hemlok_legendary_01.rmdl,0,0,0,0,0,0,15,13,0,0
mdl/Weapons/lmg_hemlok/ptpov_lmg_hemlok_legendary_01.rmdl,0,0,0,0,0,0,16,107,0,0
mdl/Weapons/lmg_hemlok/w_lmg_hemlok_legendary_02.rmdl,0,0,0,0,0,0,15,13,0,0
mdl/Weapons/lmg_hemlok/ptpov_lmg_hemlok_legendary_02.rmdl,0,0,0,0,0,0,16,107,0,0
mdl/Weapons/lmg_hemlok/w_lmg_hemlok_bh.rmdl,0,0,0,0,0,0,15,13,0,0
mdl/Weapons/lmg_hemlok/ptpov_lmg_hemlok_bh.rmdl,0,0,0,0,0,0,16,112,0,0
mdl/Weapons/lmg_hemlok/w_lmg_hemlok_legendary_06.rmdl,0,0,0,0,0,0,15,14,0,0
mdl/Weapons/lmg_hemlok/ptpov_lmg_hemlok_legendary_06.rmdl,0,0,0,0,0,0,16,107,0,0
mdl/weapons/doubletake/ptpov_doubletake.rmdl,0,0,0,0,0,0,22,127,0,0
mdl/weapons/doubletake/w_doubletake.rmdl,1379766,27827,33689,696078,14697,16886,18,18,4,19
mdl/Weapons/doubletake/w_doubletake_legendary_01.rmdl,0,0,0,0,0,0,18,18,0,0
mdl/Weapons/doubletake/ptpov_doubletake_legendary_01.rmdl,0,0,0,0,0,0,22,124,0,0
mdl/Weapons/doubletake/w_doubletake_legendary_02.rmdl,0,0,0,0,0,0,18,18,0,0
mdl/Weapons/doubletake/ptpov_doubletake_legendary_02.rmdl,0,0,0,0,0,0,22,113,0,0
mdl/Weapons/doubletake/w_doubletake_s1_beast_hunter.rmdl,0,0,0,0,0,0,18,18,0,0
mdl/Weapons/doubletake/ptpov_doubletake_s1_beast_hunter.rmdl,0,0,0,0,0,0,22,115,0,0
mdl/Weapons/doubletake/w_doubletake_halloween.rmdl,0,0,0,0,0,0,19,18,0,0
mdl/Weapons/doubletake/ptpov_doubletake_halloween.rmdl,0,0,0,0,0,0,22,112,0,0
mdl/weapons/b3wing/ptpov_b3wing.rmdl,0,0,0,0,0,0,16,115,0,0
mdl/weapons/b3wing/w_b3wing.rmdl,802044,16044,19605,432510,9307,10463,15,15,4,16
mdl/Weapons/b3wing/w_b3wing_legendary_01.rmdl,0,0,0,0,0,0,15,17,0,0
mdl/Weapons/b3wing/ptpov_b3wing_legendary_01.rmdl,0,0,0,0,0,0,16,119,0,0
mdl/Weapons/b3wing/w_b3wing_legendary_02.rmdl,0,0,0,0,0,0,15,17,0,0
mdl/Weapons/b3wing/ptpov_b3wing_legendary_02.rmdl,0,0,0,0,0,0,16,117,0,0
mdl/Weapons/b3wing/w_b3wing_legendary_05.rmdl,0,0,0,0,0,0,15,17,0,0
mdl/Weapons/b3wing/ptpov_b3wing_legendary_05.rmdl,0,0,0,0,0,0,16,118,0,0
mdl/Weapons/b3wing/w_b3wing_halloween.rmdl,0,0,0,0,0,0,15,17,0,0
mdl/Weapons/b3wing/ptpov_b3wing_halloween.rmdl,0,0,0,0,0,0,16,118,0,0
mdl/Weapons/beam_ar/w_beam_ar_legendary_01.rmdl,0,0,0,0,0,0,14,12,0,0
mdl/Weapons/beam_ar/ptpov_beam_ar_legendary_01.rmdl,0,0,0,0,0,0,16,109,0,0
mdl/Weapons/beam_ar/w_beam_ar_legendary_02.rmdl,0,0,0,0,0,0,14,12,0,0
mdl/Weapons/beam_ar/ptpov_beam_ar_legendary_02.rmdl,0,0,0,0,0,0,16,109,0,0
mdl/Weapons/beam_ar/w_beam_ar_halloween.rmdl,0,0,0,0,0,0,14,12,0,0
mdl/Weapons/beam_ar/ptpov_beam_ar_halloween.rmdl,0,0,0,0,0,0,16,109,0,0
mdl/weapons/lstar/ptpov_lstar.rmdl,0,0,0,0,0,0,16,125,0,0
mdl/Weapons/lstar/w_lstar_legendary_01.rmdl,0,0,0,0,0,0,15,15,0,0
mdl/Weapons/lstar/ptpov_lstar_legendary_01.rmdl,0,0,0,0,0,0,16,125,0,0
mdl/Weapons/lstar/w_lstar_legendary_02.rmdl,0,0,0,0,0,0,15,15,0,0
mdl/Weapons/lstar/ptpov_lstar_legendary_02.rmdl,0,0,0,0,0,0,16,124,0,0
mdl/Weapons/defender/w_defender_legendary_01.rmdl,0,0,0,0,0,0,19,16,0,0
mdl/Weapons/defender/ptpov_defender_legendary_01.rmdl,0,0,0,0,0,0,21,135,0,0
mdl/Weapons/defender/w_defender_legendary_04.rmdl,0,0,0,0,0,0,17,17,0,0
mdl/Weapons/defender/ptpov_defender_legendary_04.rmdl,0,0,0,0,0,0,20,135,0,0
mdl/weapons/sentinel/ptpov_sentinel.rmdl,0,0,0,0,0,0,20,115,0,0
mdl/weapons/sentinel/w_sentinel.rmdl,1235382,31401,37392,612192,16338,18363,19,16,4,20
mdl/Weapons/sentinel/w_sentinel_legendary_01.rmdl,0,0,0,0,0,0,19,17,0,0
mdl/Weapons/sentinel/ptpov_sentinel_legendary_01.rmdl,0,0,0,0,0,0,22,114,0,0
mdl/Weapons/sentinel/w_sentinel_legendary_02.rmdl,0,0,0,0,0,0,19,16,0,0
mdl/Weapons/sentinel/ptpov_sentinel_legendary_02.rmdl,0,0,0,0,0,0,22,114,0,0
mdl/weapons/hemlok_smg/ptpov_hemlok_smg.rmdl,0,0,0,0,0,0,17,112,0,0
mdl/weapons/hemlok_smg/w_hemlok_smg.rmdl,925476,17530,22786,503496,10044,12312,17,14,4,15
mdl/Weapons/hemlok_smg/w_hemlok_smg_legendary_02.rmdl,0,0,0,0,0,0,17,14,0,0
mdl/Weapons/hemlok_smg/ptpov_hemlok_smg_legendary_02.rmdl,0,0,0,0,0,0,17,112,0,0
mdl/Weapons/hemlok_smg/w_hemlok_smg_legendary_01.rmdl,0,0,0,0,0,0,17,14,0,0
mdl/Weapons/hemlok_smg/ptpov_hemlok_smg_legendary_01.rmdl,0,0,0,0,0,0,17,112,0,0
mdl/props/charm/charm_rampartr5r.rmdl,0,0,0,0,0,0,1,5,0,0
mdl/weapons/3030repeater/ptpov_3030repeater.rmdl,0,0,0,0,0,0,17,94,0,0
mdl/weapons/3030repeater/w_3030repeater.rmdl,0,0,0,0,0,0,17,13,0,0
mdl/Weapons/compound_bow/ptpov_compound_bow.rmdl,0,0,0,0,0,0,18,145,0,0
mdl/door/door_104x64x8_elevatorstyle01_right_animated.rmdl,0,0,0,0,0,0,1,3,0,0
mdl/door/canyonlands_door_single_02_damaged.rmdl,157470,5915,6099,78386,3121,2983,1,1,5,3
mdl/vehicle/goblin_dropship/goblin_dropship.rmdl,0,0,0,0,0,0,2,66,0,0
mdl/vehicles_r2/spacecraft/draconis/draconis_flying_small.rmdl,0,0,0,0,0,0,1,1,0,0
mdl/weapons_r5/loot/_master/w_loot_wep_ammo_sc.rmdl,51876,1414,1356,35480,1028,916,1,1,3,1
mdl/weapons_r5/loot/_master/w_loot_wep_ammo_nrg.rmdl,35684,774,970,22972,522,620,1,1,3,1
mdl/weapons_r5/loot/_master/w_loot_wep_ammo_shg.rmdl,70592,1648,1897,48632,1172,1300,1,1,3,1
mdl/weapons_r5/loot/_master/w_loot_wep_ammo_hc.rmdl,37760,1076,1118,25632,772,750,1,1,3,1
mdl/weapons_r5/loot/_master/w_loot_wep_ammo_sniper.rmdl,35244,850,942,23384,596,619,1,1,3,1
mdl/weapons_r5/loot/w_loot_wep_iso_ultimate_accelerant.rmdl,44212,1522,1754,27904,1004,1094,1,1,3,1
mdl/weapons_r5/loot/w_loot_wep_iso_phoenix_kit_v1.rmdl,90720,2814,2637,46012,1532,1315,1,1,4,2
mdl/weapons_r5/loot/w_loot_wep_iso_health_main_large.rmdl,67872,2462,2655,41600,1610,1597,1,1,3,1
mdl/weapons_r5/loot/w_loot_wep_iso_health_main_small.rmdl,18036,606,720,9912,372,384,1,1,3,1
mdl/weapons_r5/loot/w_loot_wep_iso_shield_battery_large.rmdl,90720,2814,2637,46012,1532,1315,1,1,4,2
mdl/weapons_r5/loot/w_loot_wep_iso_shield_battery_small.rmdl,75952,2238,2233,39856,1276,1150,1,1,4,2
mdl/weapons_r5/loot/_master/w_loot_cha_shield_upgrade_head_v1.rmdl,65728,2564,1798,50676,2006,1380,1,1,2,2
mdl/weapons_r5/loot/_master/w_loot_cha_shield_upgrade_body_v1.rmdl,94022,2921,2732,68900,2164,1997,1,1,2,2
mdl/weapons_r5/loot/w_loot_wep_iso_shield_down_v1.rmdl,71220,2030,2952,39096,1156,1608,1,1,4,1
mdl/humans_r5/loot/w_loot_char_backpack_light.rmdl,20108,858,748,12324,584,441,1,1,3,1
mdl/humans_r5/loot/w_loot_char_backpack_medium.rmdl,26768,1178,985,16320,750,591,1,1,3,1
mdl/humans_r5/loot/w_loot_char_backpack_heavy.rmdl,82862,3557,3076,51776,2396,1870,1,1,4,1
mdl/weapons/grenades/w_thermite_grenade_projectile.rmdl,34964,1244,1375,18238,693,704,1,1,4,1
mdl/weapons/grenades/ptpov_thermite_grenade_held.rmdl,0,0,0,0,0,0,1,110,0,0
mdl/weapons/grenades/w_thermite_grenade.rmdl,45964,1244,1375,23870,693,704,1,4,4,1
mdl/weapons/grenades/m20_f_grenade_projectile.rmdl,62142,2807,2265,34228,1478,1268,1,1,4,1
mdl/weapons/grenades/ptpov_frag_grenade.rmdl,0,0,0,0,0,0,1,79,0,0
mdl/weapons/grenades/ptpov_frag_grenade_held.rmdl,0,0,0,0,0,0,1,110,0,0
mdl/weapons/grenades/w_loot_m20_f_grenade_projectile.rmdl,58814,2419,2215,34228,1478,1268,1,1,4,1
mdl/weapons_r5/loot/w_loot_wep_iso_shuriken.rmdl,17828,598,712,12784,444,506,1,1,4,1
mdl/titans/medium/titan_medium_battery_static.rmdl,26064,1064,984,26064,1064,984,1,1,1,1
mdl/weapons/beacon_capsule_01/beacon_capsule_01.rmdl,156768,5248,6264,39192,1312,1566,1,1,4,1
mdl/weapons_r5/loot/_master/w_loot_wep_mods_optic_cq_hcog_r1.rmdl,25906,547,808,18286,397,568,1,1,2,2
mdl/weapons_r5/loot/_master/w_loot_wep_mods_optic_cq_hcog_r2.rmdl,19250,385,605,14092,286,442,1,1,2,2
mdl/weapons_r5/loot/_master/w_loot_wep_mods_optic_cq_holo_var.rmdl,40120,802,1261,25954,541,811,1,1,2,2
mdl/weapons_r5/loot/_master/w_loot_wep_mods_optic_cq_holo_var_2x.rmdl,45728,934,1433,29778,637,927,1,1,2,2
mdl/weapons_r5/loot/_master/w_loot_wep_mods_optic_cq_threat.rmdl,27968,648,860,18584,442,569,1,1,2,2
mdl/weapons_r5/loot/_master/w_loot_wep_mods_optic_rng_hcog_acgs.rmdl,48368,1122,1487,30058,721,919,1,1,2,2
mdl/weapons_r5/loot/_master/w_loot_wep_mods_optic_rng_aog_var_r1.rmdl,46140,1054,1422,33494,785,1028,1,1,2,2
mdl/weapons_r5/loot/_master/w_loot_wep_mods_optic_sni_dcom.rmdl,75672,1776,2322,49704,1200,1518,1,1,2,2
mdl/weapons_r5/loot/_master/w_loot_wep_mods_optic_sni_var_talon.rmdl,50882,1135,1574,35354,801,1091,1,1,2,2
mdl/weapons_r5/loot/_master/w_loot_wep_mods_optic_sni_threat_wyeon.rmdl,94812,2502,2850,67406,1817,2018,1,1,2,3
mdl/weapons_r5/loot/_master/w_loot_wep_mods_suppr_v2b.rmdl,14204,384,425,9204,260,273,1,1,2,1
mdl/weapons_r5/loot/_master/w_loot_wep_mods_suppr_v1b.rmdl,14856,432,438,10640,308,314,1,1,2,1
mdl/weapons_r5/loot/_master/w_loot_wep_mods_lasersight_v1.rmdl,6864,284,258,6864,284,258,1,1,1,1
mdl/weapons_r5/loot/_master/w_loot_wep_mods_mag_v1b.rmdl,21144,486,651,12804,300,393,1,1,2,1
mdl/weapons_r5/loot/_master/w_loot_wep_mods_mag_v2b.rmdl,17608,466,529,10768,306,319,1,1,2,1
mdl/weapons_r5/loot/_master/w_loot_wep_mods_mag_energy_v1.rmdl,10492,274,316,7168,196,214,1,1,2,1
mdl/weapons_r5/loot/_master/w_loot_wep_mods_mag_sniper_v1.rmdl,18170,485,545,12790,363,379,1,1,2,1
mdl/weapons_r5/loot/_master/w_loot_wep_mods_mag_v3b.rmdl,44212,1176,1327,33976,926,1015,1,1,2,1
mdl/weapons_r5/loot/w_loot_wep_iso_stock_folded_regular.rmdl,44564,1764,1699,23656,1006,881,1,1,4,1
mdl/weapons_r5/loot/w_loot_wep_iso_stock_folded_sniper.rmdl,44036,1816,1657,23624,1024,874,1,1,4,1
mdl/weapons_r5/loot/_master/w_loot_wep_mods_chip.rmdl,22264,598,667,14626,417,433,1,1,2,1
mdl/weapons_r5/loot/_master/w_loot_msc_keycard_v1.rmdl,13400,348,404,6700,174,202,1,1,2,3
mdl/weapons/pulse_lmg/ptpov_pulse_lmg.rmdl,0,0,0,0,0,0,3,80,0,0
mdl/weapons/pulse_lmg/w_pulse_lmg.rmdl,0,0,0,0,0,0,2,5,0,0
mdl/weapons/ported/ptpov_lmg_flamethrower.rmdl,0,0,0,0,0,0,2,118,0,0
mdl/weapons/ported/w_lmg_flamethrower.rmdl,0,0,0,0,0,0,1,16,0,0
mdl/weapons/epg/ptpov_epg.rmdl,0,0,0,0,0,0,5,100,0,0
mdl/weapons/epg/w_epg.rmdl,0,0,0,0,0,0,2,5,0,0
mdl/weapons/bullets/projectile_arl.rmdl,0,0,0,0,0,0,1,1,0,0
mdl/weapons/auto_rocket_launcher_arl/ptpov_ARL.rmdl,0,0,0,0,0,0,4,93,0,0
mdl/weapons/auto_rocket_launcher_arl/w_ARL.rmdl,0,0,0,0,0,0,2,7,0,0
mdl/weapons/arc_tool_sp/ptpov_arc_tool_sp.rmdl,0,0,0,0,0,0,1,91,0,0
mdl/weapons/arc_tool_sp/w_arc_tool_sp.rmdl,0,0,0,0,0,0,1,4,0,0
mdl/weapons/shoulder_rocket_sram/ptpov_law.rmdl,0,0,0,0,0,0,2,86,0,0
mdl/weapons/shoulder_rocket_sram/w_shoulder_rocket_SRAM_v2.rmdl,0,0,0,0,0,0,2,8,0,0
mdl/weapons/arc_launcher/ptpov_arc_launcher.rmdl,0,0,0,0,0,0,4,87,0,0
mdl/weapons/arc_launcher/w_arc_launcher.rmdl,0,0,0,0,0,0,4,5,0,0
mdl/weapons/softball_at/ptpov_softball_at.rmdl,0,0,0,0,0,0,3,91,0,0
mdl/weapons/softball_at/w_softball_at.rmdl,0,0,0,0,0,0,2,5,0,0
mdl/weapons/softball_at/ptpov_softball_r5.rmdl,0,0,0,0,0,0,3,91,0,0
mdl/weapons/mgl_at/ptpov_mgl_at.rmdl,0,0,0,0,0,0,5,94,0,0
mdl/weapons/mgl_at/w_mgl_at.rmdl,0,0,0,0,0,0,3,5,0,0
mdl/weapons/car101/ptpov_car101.rmdl,0,0,0,0,0,0,7,85,0,0
mdl/weapons/car101/w_car101.rmdl,0,0,0,0,0,0,6,10,0,0
mdl/weapons/wingman_elite/ptpov_wingman_elite.rmdl,0,0,0,0,0,0,8,92,0,0
mdl/weapons/wingman_elite/w_wingman_elite.rmdl,0,0,0,0,0,0,7,14,0,0
mdl/weapons/r101_sfp/ptpov_r101_sfp.rmdl,0,0,0,0,0,0,8,89,0,0
mdl/weapons/r101_sfp/w_r101_sfp.rmdl,0,0,0,0,0,0,6,14,0,0
mdl/weapons/p2011sp/ptpov_p2011sp.rmdl,0,0,0,0,0,0,6,86,0,0
mdl/weapons/p2011sp/w_p2011sp.rmdl,0,0,0,0,0,0,4,7,0,0
mdl/weapons/bullets/projectile_40mm.rmdl,2140,100,77,2140,100,77,1,1,1,1
mdl/weapons/titan_predator/atpov_titan_predator.rmdl,0,0,0,0,0,0,2,90,0,0
mdl/weapons/titan_predator/w_titan_predator.rmdl,0,0,0,0,0,0,2,24,0,0
mdl/weapons/titan_particle_accelerator/atpov_titan_particle_accelerator.rmdl,0,0,0,0,0,0,3,103,0,0
mdl/weapons/titan_particle_accelerator/w_titan_particle_accelerator.rmdl,0,0,0,0,0,0,2,16,0,0
mdl/weapons/bullets/projectile_rocket_large.rmdl,0,0,0,0,0,0,1,4,0,0
mdl/weapons/titan_rocket_launcher/atpov_titan_rocket_launcher.rmdl,0,0,0,0,0,0,3,91,0,0
mdl/weapons/titan_rocket_launcher/w_titan_rocket_launcher.rmdl,0,0,0,0,0,0,2,10,0,0
mdl/weapons/titan_triple_threat/atpov_titan_triple_threat.rmdl,0,0,0,0,0,0,3,77,0,0
mdl/weapons/titan_triple_threat/w_titan_triple_threat.rmdl,0,0,0,0,0,0,2,16,0,0
mdl/weapons/bullets/triple_threat_projectile.rmdl,0,0,0,0,0,0,1,5,0,0
mdl/weapons/titan_thermite_launcher/atpov_titan_thermite_launcher.rmdl,0,0,0,0,0,0,2,92,0,0
mdl/weapons/titan_thermite_launcher/w_titan_thermite_launcher.rmdl,0,0,0,0,0,0,2,10,0,0
mdl/weapons/titan_sniper_rifle/atpov_titan_sniper_rifle.rmdl,0,0,0,0,0,0,3,79,0,0
mdl/weapons/titan_sniper_rifle/w_titan_sniper_rifle.rmdl,0,0,0,0,0,0,2,8,0,0
mdl/weapons/titan_xo16_shorty/atpov_xo16shorty.rmdl,0,0,0,0,0,0,5,96,0,0
mdl/weapons/titan_xo16_shorty/w_xo16shorty.rmdl,29284,874,1202,29284,874,1202,1,1,1,1
mdl/props/death_box/death_box_01.rmdl,0,0,0,0,0,0,1,1,0,0
mdl/props/death_box/death_box_02.rmdl,2728,88,110,2728,88,110,1,1,1,1
mdl/props/health_injector/health_injector.rmdl,0,0,0,0,0,0,1,6,0,0
mdl/props/global_access_panel_button/global_access_panel_button_console_w_stand.rmdl,302634,9303,10284,144834,4839,4825,1,1,3,5
mdl/vehicle/droppod_loot/droppod_loot_animated.rmdl,0,0,0,0,0,0,1,77,0,0
mdl/weapons/shield_battery/ptpov_shield_battery_held.rmdl,0,0,0,0,0,0,1,109,0,0
mdl/Weapons/shield_battery/w_shield_battery.rmdl,0,0,0,0,0,0,1,5,0,0
mdl/weapons/health_injector/ptpov_health_injector.rmdl,0,0,0,0,0,0,3,111,0,0
mdl/Weapons/health_injector/w_health_injector.rmdl,0,0,0,0,0,0,1,4,0,0
mdl/weapons/shield_battery/ptpov_shield_battery_small_held.rmdl,0,0,0,0,0,0,1,109,0,0
mdl/Weapons/shield_battery/w_shield_battery_small.rmdl,0,0,0,0,0,0,1,5,0,0
mdl/weapons/ultimate_accelerant/ptpov_ultimate_accelerant_held.rmdl,0,0,0,0,0,0,1,109,0,0
mdl/Weapons/ultimate_accelerant/w_ultimate_accelerant.rmdl,0,0,0,0,0,0,1,4,0,0
mdl/Creatures/flyer/flyer_kingscanyon_animated.rmdl,0,0,0,0,0,0,1,138,0,0
mdl/props/loot_drone/loot_drone.rmdl,157824,4744,4620,87188,2888,2495,1,3,4,1
mdl/levels_terrain/mp_lobby/mp_character_select_geo.rmdl,92,2,4,92,2,4,1,1,1,1
mdl/levels_terrain/mp_lobby/mp_character_select_smoke.rmdl,12864,512,306,12864,512,306,1,1,1,1
mdl/props/loot_bin/loot_bin_01_animated.rmdl,1005186,29967,29478,447888,13776,13044,1,4,4,2
mdl/weapons_r5/ability_mark_recall/ability_mark_recall_ar_radius.rmdl,5952,96,192,5952,96,192,1,1,1,1
mdl/props/revenant_totem/revenant_totem.rmdl,0,0,0,0,0,0,1,26,0,0
mdl/props/mobile_respawn_beacon/mobile_respawn_beacon_animated.rmdl,0,0,0,0,0,0,1,35,0,0
mdl/props/crypto_drone/crypto_drone.rmdl,0,0,0,0,0,0,1,14,0,0
mdl/robotics_r2/turret_plasma/plasma_turret_pc_1.rmdl,63380,2980,2275,63380,2980,2275,1,1,1,1
mdl/robotics_r2/turret_plasma/plasma_turret_pc_2.rmdl,15536,726,559,15536,726,559,1,1,1,1
mdl/robotics_r2/turret_plasma/plasma_turret_pc_3.rmdl,51336,2416,1842,51336,2416,1842,1,1,1,1
mdl/fx/ar_survival_cylinder.rmdl,50640,2400,1510,50640,2400,1510,1,1,1,2
mdl/fx/ar_survival_radius_1x100.rmdl,48376,2052,1442,48376,2052,1442,1,1,1,3
mdl/fx/ar_radiusmarker.rmdl,37848,1540,894,37848,1540,894,1,1,1,1
mdl/props/global_access_panel_button/global_access_panel_button_wall.rmdl,42402,943,1531,33498,731,1213,1,1,3,3
mdl/Weapons/minecraft_sword/ptpov_minecraft_sword.rmdl,0,0,0,0,0,0,2,187,0,0
mdl/Weapons/minecraft_sword/w_minecraft_sword.rmdl,0,0,0,0,0,0,1,4,0,0
mdl/weapons/bolo_sword/ptpov_bolo_sword_ash.rmdl,0,0,0,0,0,0,1,76,0,0
mdl/weapons/combat_knife/w_combat_knife.rmdl,0,0,0,0,0,0,1,3,0,0
mdl/weapons/bolo_sword/w_bolo_sword.rmdl,0,0,0,0,0,0,1,3,0,0
mdl/Weapons/krals_mjolnir/ptpov_krals_mjolnir.rmdl,0,0,0,0,0,0,2,93,0,0
mdl/Weapons/krals_mjolnir/w_krals_mjolnir.rmdl,0,0,0,0,0,0,1,5,0,0
mdl/Weapons/krals_karambit/ptpov_krals_karambit.rmdl,0,0,0,0,0,0,1,78,0,0
mdl/Weapons/krals_karambit/w_krals_karambit.rmdl,0,0,0,0,0,0,1,4,0,0
mdl/vehicle/droppod_fireteam/droppod_fireteam.rmdl,0,0,0,0,0,0,1,55,0,0
mdl/sandtrap/sandtrap_wall_bracket.rmdl,8328,180,302,8328,180,302,1,1,1,2
mdl/pipes/pipe_modular_grey_bracket_cap.rmdl,7640,280,298,5240,200,202,1,1,3,1
mdl/lamps/office_lights_hanging_wire.rmdl,14920,530,587,8648,318,337,1,1,3,1
mdl/Weapons/ammoboxes/backpack_single.rmdl,17212,822,614,14568,718,513,1,1,2,1
mdl/barriers/fence_wire_holder_double.rmdl,7912,212,332,5800,160,242,1,1,2,1
mdl/robots/drone_air_attack/drone_air_attack_rockets.rmdl,0,0,0,0,0,0,1,24,0,0
mdl/robots/drone_air_attack/drone_air_attack_plasma.rmdl,0,0,0,0,0,0,1,23,0,0
mdl/vehicle/straton/straton_imc_gunship_01.rmdl,0,0,0,0,0,0,1,28,0,0
mdl/fx/xo_shield_wall.rmdl,15984,296,592,15984,296,592,1,1,1,1
mdl/fx/turret_shield_wall.rmdl,26784,496,992,26784,496,992,1,1,1,1
mdl/test/roger_test/grapple_swtich_lever_dev.rmdl,0,0,0,0,0,0,1,1,0,0
mdl/test/roger_test/grapple_swtich_large_lever_dev.rmdl,0,0,0,0,0,0,1,1,0,0
mdl/fx/bb_shield.rmdl,141884,6878,3592,141884,6878,3592,1,1,1,2
mdl/weapons/data_knife/v_data_knife.rmdl,0,0,0,0,0,0,1,4,0,0
mdl/vehicle/hovership/hovership_platform_mp.rmdl,0,0,0,0,0,0,1,19,0,0
mdl/vehicle/hovership/hovership_turret.rmdl,0,0,0,0,0,0,1,6,0,0
mdl/robots/drone_frag/drone_frag_loot.rmdl,0,0,0,0,0,0,1,37,0,0
mdl/creatures/bird/bird.rmdl,0,0,0,0,0,0,1,102,0,0
mdl/industrial/gun_rack_arm_down.rmdl,19550,655,781,19550,655,781,1,1,1,1
mdl/fx/cloud_fill_01.rmdl,7748,260,221,7748,260,221,1,1,1,1
mdl/rocks/desertlands_victory_platform.rmdl,466532,14220,15808,466532,14220,15808,1,1,1,8
mdl/robots/drone_frag/drone_frag.rmdl,0,0,0,0,0,0,1,26,0,0
mdl/door/canyonlands_door_single_02.rmdl,157390,5915,6095,78386,3121,2983,1,1,5,3
mdl/beacon/beacon_construction_flag_animated.rmdl,3824,136,94,3824,136,94,1,33,1,1
mdl/beacon/beacon_construction_flag_large_animated.rmdl,3824,136,94,3824,136,94,1,33,1,1
mdl/props/zipline_balloon/zipline_balloon_base.rmdl,626580,19218,21303,336024,11016,11247,1,1,5,5
mdl/props/zipline_balloon/zipline_balloon.rmdl,86706,2631,2955,48138,1599,1606,1,1,3,4
mdl/props/pathfinder_beacon_radar/pathfinder_beacon_radar_animated.rmdl,463644,12510,13878,234540,6750,6930,1,18,4,1
mdl/door/door_256x256x8_elevatorstyle02_animated.rmdl,672194,17201,20321,290412,7606,8742,1,3,4,2
mdl/IMC_base/imc_fan_large_01_animated.rmdl,4960,178,139,4960,178,139,1,2,1,1
mdl/desertlands/indust_struct_cooling_tower_fan_01_animated.rmdl,18744,276,534,18744,276,534,1,2,1,1
mdl/props/loot_bin/loot_bin_02_animated.rmdl,5952,96,192,1488,24,48,1,5,4,1
mdl/props/caustic_mug/caustic_mug.rmdl,8748,408,315,8748,408,315,1,1,1,1
mdl/props/ultimate_accelerant/ultimate_accelerant.rmdl,0,0,0,0,0,0,1,3,0,0
mdl/Weapons/crypto_puzzle_remote/ptpov_crypto_puzzle_remote_menu.rmdl,0,0,0,0,0,0,1,16,0,0
mdl/robots/marvin/marvin_gladcard.rmdl,0,0,0,0,0,0,4,94,0,0
mdl/props/revenant_gladcards/revenant_gc_patience_static.rmdl,581888,35088,18568,581888,35088,18568,1,1,1,1
mdl/props/skull/skull_gladcard.rmdl,145472,8772,4642,145472,8772,4642,1,1,1,1
mdl/props/caustic_flask/caustic_flask.rmdl,11172,552,393,11172,552,393,1,1,1,1
mdl/props/tablet/tablet_mini.rmdl,54384,2024,2112,22424,914,847,1,1,4,2
mdl/Weapons/kunai/w_kunai_wraith.rmdl,0,0,0,0,0,0,1,3,0,0
mdl/props/death_box/death_box_01_gladcard.rmdl,61588,2188,2423,61588,2188,2423,1,1,1,1
mdl/props/wattson_trophy_system/wattson_trophy_system_gladcard.rmdl,0,0,0,0,0,0,1,28,0,0
mdl/props/octane_wrench/octane_wrench_menu_static.rmdl,23216,1256,784,23216,1256,784,1,1,1,1
mdl/Weapons/p2011/p2011_static.rmdl,108204,3464,4371,45124,1474,1814,1,1,5,1
mdl/props/loba_loot_stick/loba_loot_stick.rmdl,0,0,0,0,0,0,1,41,0,0
mdl/industrial/screwdriver_octane.rmdl,4528,208,164,4528,208,164,1,1,1,1
mdl/Weapons/bloodhound_axe/ptpov_bloodhound_axe.rmdl,0,0,0,0,0,0,1,93,0,0
mdl/Weapons/crypto_puzzle_remote/ptpov_crypto_puzzle_remote_gladcards.rmdl,0,0,0,0,0,0,1,8,0,0
mdl/Weapons/p2011/w_p2011_loba_prop_version.rmdl,0,0,0,0,0,0,17,16,0,0
mdl/Weapons/drumstick/w_baton_lifeline.rmdl,0,0,0,0,0,0,1,5,0,0
mdl/weapons_r5/r301/r301.rmdl,229114,6169,9605,138412,4192,5663,1,1,4,2
mdl/Weapons/grenades/octane_frag_grenade.rmdl,0,0,0,0,0,0,1,24,0,0
mdl/Weapons/maori_club/w_maori_club.rmdl,0,0,0,0,0,0,1,1,0,0
mdl/Weapons/octane_epipen/w_octane_epipen.rmdl,0,0,0,0,0,0,1,5,0,0
mdl/props/rampart_turret/rampart_turret_lobby.rmdl,0,0,0,0,0,0,2,84,0,0
mdl/Weapons/maori_club/maori_club_glad_card.rmdl,132500,6030,4816,50940,2500,1797,1,1,4,1
mdl/props/grunt_ear/prop_grunt_ear_animated.rmdl,0,0,0,0,0,0,1,2,0,0
mdl/props/rampart_gum/rampart_bubblegum.rmdl,0,0,0,0,0,0,1,3,0,0
mdl/props/lifeline_needle/lifeline_needle.rmdl,0,0,0,0,0,0,1,2,0,0
mdl/props/revenant_totem/revenant_totem_glad_card.rmdl,0,0,0,0,0,0,1,7,0,0
mdl/props/revenant_gladcards/revenant_gc_contemplation_static.rmdl,2331778,122623,79802,2331778,122623,79802,1,1,1,2
mdl/props/ultimate_accelerant_usb/ultimate_accelerant_usb_static.rmdl,50924,1854,1990,19052,762,724,1,1,4,1
mdl/Humans/class/medium/pilot_medium_generic.rmdl,0,0,0,0,0,0,2,71,0,0
mdl/props/shield_battery/shield_battery.rmdl,0,0,0,0,0,0,1,4,0,0
mdl/props/health_packs/health_pack_large.rmdl,0,0,0,0,0,0,1,2,0,0
mdl/props/health_packs/health_pack_small.rmdl,0,0,0,0,0,0,1,2,0,0
mdl/props/flask/prop_flask.rmdl,22708,918,860,22708,918,860,1,1,1,1
mdl/props/drumstick/drumstick.rmdl,0,0,0,0,0,0,1,3,0,0
mdl/Weapons/drumstick/w_drumstick.rmdl,0,0,0,0,0,0,1,2,0,0
mdl/Weapons/g2/v_g2a4_bangalore.rmdl,0,0,0,0,0,0,18,21,0,0
mdl/props/wattson_rock/wattson_rock.rmdl,0,0,0,0,0,0,1,3,0,0
mdl/Weapons/p2011/w_p2011_loba.rmdl,0,0,0,0,0,0,17,16,0,0
mdl/weapons_r2/longbow_dmr/longbow_dmr.rmdl,174340,4890,7250,98692,2932,4055,1,1,4,1
mdl/props/wattson_electric_fence/wattson_electric_fence_fx.rmdl,0,0,0,0,0,0,1,11,0,0
mdl/Weapons/peacekeeper/w_peacekeeper_caustic.rmdl,0,0,0,0,0,0,16,17,0,0
mdl/Weapons/p2011/p2011_handgun_ab_01.rmdl,119132,3756,4825,119132,3756,4825,1,1,1,3
mdl/weapons_r5/lmg_devotion/w_lmg_devotion_legendary_03.rmdl,185216,5036,7750,105534,2999,4377,1,1,4,1
mdl/Weapons/pathfinder_gloves/w_pathfinder_glove_left.rmdl,0,0,0,0,0,0,1,4,0,0
mdl/Weapons/at_rifle/w_at_rifle_bloodhound.rmdl,0,0,0,0,0,0,19,17,0,0
mdl/props/wrench/wrench.rmdl,0,0,0,0,0,0,1,3,0,0
mdl/props/welder/welder.rmdl,0,0,0,0,0,0,1,2,0,0
mdl/props/rampart_cover_wall/rampart_cover_wall.rmdl,0,0,0,0,0,0,2,68,0,0
mdl/Weapons/data_knife/data_knife.rmdl,0,0,0,0,0,0,1,2,0,0
mdl/props/rampart_turret/rampart_turret.rmdl,0,0,0,0,0,0,2,69,0,0
mdl/Weapons/p2011_auto/p2011_auto_static.rmdl,93968,2528,3940,31748,868,1327,1,1,5,1
mdl/props/loot_bin/loot_bin_01_loba_gladcard.rmdl,0,0,0,0,0,0,1,8,0,0
mdl/props/loba_mirror/loba_mirror.rmdl,0,0,0,0,0,0,1,4,0,0
mdl/props/revenant_jar/revenant_jar.rmdl,0,0,0,0,0,0,1,2,0,0
mdl/props/loba_treasure/loba_treasure.rmdl,0,0,0,0,0,0,1,6,0,0
mdl/dev/empty_model_revenant.rmdl,0,0,0,0,0,0,1,1,0,0
mdl/props/loot_sphere/loot_sphere.rmdl,108900,4094,3012,59680,2396,1618,1,3,4,1
mdl/Weapons/grenades/ptpov_frag_grenade_menu.rmdl,0,0,0,0,0,0,1,24,0,0
mdl/weapons/burn_card/w_burn_card.rmdl,0,0,0,0,0,0,1,4,0,0
mdl/Weapons/drumstick/ptpov_baton_lifeline_gladcard.rmdl,0,0,0,0,0,0,1,142,0,0
mdl/props/wattson_trophy_system/wattson_trophy_system_emote.rmdl,0,0,0,0,0,0,1,24,0,0
mdl/props/kunai/kunai.rmdl,0,0,0,0,0,0,1,3,0,0
mdl/Weapons/pathfinder_gloves/ptpov_pathfinder_gloves_gladcard.rmdl,0,0,0,0,0,0,1,134,0,0
mdl/props/rampart_gum/rampart_gum.rmdl,0,0,0,0,0,0,1,4,0,0
mdl/props/bullets/bullets_v02_all.rmdl,0,0,0,0,0,0,1,13,0,0
mdl/fx/skydive_trail_energy.rmdl,5208,256,153,5208,256,153,1,1,1,1
mdl/fx/energy_proj_round.rmdl,7104,288,168,7104,288,168,1,1,1,1
mdl/fx/pilot_shield_wall.rmdl,25920,480,960,25920,480,960,1,1,1,1
mdl/fx/pilot_shield_wall_01.rmdl,34272,784,1232,34272,784,1232,1,1,1,2
mdl/fx/pilot_shield_wall_02.rmdl,41088,960,1472,41088,960,1472,1,1,1,2
mdl/fx/pilot_shield_wall_03.rmdl,79872,1856,2864,79872,1856,2864,1,1,1,2
mdl/fx/fx_gadget_screen_bh.rmdl,3360,136,106,3360,136,106,1,1,1,1
mdl/weapons/shellejects/shelleject_assault_rifle.rmdl,8980,380,335,4896,216,180,1,1,4,1
mdl/weapons/shellejects/shelleject_pistol.rmdl,7088,268,274,4088,168,154,1,1,4,1
mdl/weapons/bullets/bullet_rifle.rmdl,6300,280,231,4600,220,164,1,1,2,1
mdl/weapons/bullets/projectile_shotgun.rmdl,5652,272,201,2252,112,79,1,1,3,1
mdl/weapons/shellejects/shelleject_large_rifle.rmdl,12104,524,448,6448,288,236,1,1,4,1
mdl/weapons/caber_shot/caber_shot_thrown.rmdl,0,0,0,0,0,0,1,4,0,0
mdl/weapons/shellejects/shelleject_shotshell.rmdl,7088,268,274,4088,168,154,1,1,4,1
mdl/gibs/titan_gibs/at_gib5.rmdl,1400,40,58,1400,40,58,1,1,1,1
mdl/fx/xo_emp_field_inner_only.rmdl,12400,360,320,12400,360,320,1,1,1,1
mdl/fx/xo_emp_field_inner.rmdl,35920,1080,920,35920,1080,920,1,1,1,2
mdl/fx/wraith_holo_fx_01.rmdl,466036,26326,15404,466036,26326,15404,1,1,1,2
mdl/fx/ar_artillerypulse_scan.rmdl,876,18,24,876,18,24,1,1,1,1
mdl/fx/ar_artillerypulse.rmdl,9968,360,244,9968,360,244,1,1,1,1
mdl/fx/sonar_pulse_cone.rmdl,10920,560,315,10920,560,315,1,1,1,1
mdl/fx/phase_gate_edge.rmdl,3016,76,80,3016,76,80,1,1,1,1
mdl/fx/phase_gate_edge_rnd.rmdl,3016,76,80,3016,76,80,1,1,1,1
mdl/fx/phase_tunnel_geo.rmdl,12552,640,363,12552,640,363,1,1,1,1
mdl/fx/core_energy.rmdl,13340,760,439,13340,760,439,1,1,1,1
mdl/fx/ar_holopulse.rmdl,37848,1540,894,37848,1540,894,1,1,1,1
mdl/fx/watt_fence_post.rmdl,1208,48,46,1208,48,46,1,1,1,1
mdl/fx/watt_fence_base.rmdl,7738,263,308,7738,263,308,1,1,1,1
mdl/fx/trophy_system_spin.rmdl,24228,750,822,24228,750,822,1,1,1,1
mdl/fx/vortex_shield_sm.rmdl,5856,224,141,5856,224,141,1,1,1,1
mdl/fx/trophy_system_imp.rmdl,11328,544,336,11328,544,336,1,1,1,1
mdl/fx/watt_trophy_des_body.rmdl,7852,262,314,7852,262,314,1,1,1,1
mdl/fx/watt_trophy_des_base.rmdl,162296,6266,6235,162296,6266,6235,1,1,1,1
mdl/fx/watt_trophy_des_panel_1.rmdl,760,20,32,760,20,32,1,1,1,1
mdl/fx/watt_trophy_des_panel_2.rmdl,1032,32,42,1032,32,42,1,1,1,1
mdl/fx/watt_trophy_des_coil.rmdl,7914,299,306,7914,299,306,1,1,1,1
mdl/fx/watt_coil_on_spin.rmdl,5100,234,154,5100,234,154,1,1,1,1
mdl/fx/watt_coil_on_menu.rmdl,5712,280,168,5712,280,168,1,1,1,1
mdl/humans/grunts/imc_grunt_lmg_helmet.rmdl,51796,2626,1802,51796,2626,1802,1,1,1,2
mdl/humans/imc_pilot/male_br/imc_pilot_male_br_helmet_dam1a.rmdl,8914,349,341,8914,349,341,1,1,1,1
mdl/humans/imc_pilot/male_br/imc_pilot_male_br_helmet_dam1b.rmdl,19820,770,760,19820,770,760,1,1,1,1
mdl/humans/imc_pilot/male_br/imc_pilot_male_br_helmet_dam1c.rmdl,18536,726,709,18536,726,709,1,1,1,1
mdl/humans/imc_pilot/male_br/imc_pilot_male_br_helmet_dam1d.rmdl,9170,375,346,9170,375,346,1,1,1,1
mdl/metal_scraps/scrap_metal04.rmdl,1512,52,60,1512,52,60,1,1,1,1
mdl/humans/pilots/pilot_light_ged_m_head_gib.rmdl,0,0,0,0,0,0,1,1,0,0
mdl/gibs/titan_gibs/at_gib8_l_thigh2.rmdl,896,36,34,896,36,34,1,1,1,1
mdl/vehicle/goblin_dropship/goblin_dropship_debris_01.rmdl,848,28,34,848,28,34,1,1,1,1
mdl/gibs/titan_gibs/og_gib_r_forarm_d.rmdl,3592,142,137,3592,142,137,1,1,1,1
mdl/weapons/shellejects/shelleject_20mm.rmdl,14460,600,543,7984,324,302,1,1,4,1
mdl/fx/ar_impact_pilot.rmdl,22488,980,519,22488,980,519,1,1,1,1
mdl/fx/sonar_pulse_wave.rmdl,33296,1400,778,33296,1400,778,1,1,1,1
mdl/fx/ar_sonar_pulse_ground.rmdl,1548,30,57,1548,30,57,1,1,1,1
mdl/fx/fx_mirage_holo_emitter.rmdl,1980,70,65,1980,70,65,1,1,1,1
mdl/weapons/titan_predator/titan_predator_barrel_blur.rmdl,8472,384,257,8472,384,257,1,1,1,1
mdl/fx/wat_rock_pc_1_glow.rmdl,28280,404,808,28280,404,808,1,1,1,1
mdl/fx/wat_rock_light_pc_1.rmdl,2448,108,90,2448,108,90,1,1,1,1
mdl/fx/crypto_visor.rmdl,139908,3446,3726,81108,1870,2184,1,1,3,4
mdl/weapons_r5/misc_crypto_drone/crypto_drone_holo.rmdl,71604,2894,2712,71604,2894,2712,1,1,1,1
mdl/fx/crypto_visor_boot_swipe.rmdl,888,36,28,888,36,28,1,1,1,1
mdl/fx/crypto_visor_boot_tri.rmdl,40320,576,1152,40320,576,1152,1,1,1,1
mdl/fx/crypto_visor_terrain.rmdl,6036,316,207,6036,316,207,1,1,1,1
mdl/fx/crypto_visor_ui_rotate.rmdl,6364,264,239,6364,264,239,1,1,1,1
mdl/fx/crypto_button_01.rmdl,1584,40,42,1584,40,42,1,1,1,1
mdl/fx/crypto_button_02.rmdl,1584,40,42,1584,40,42,1,1,1,1
mdl/fx/crypto_button_03.rmdl,1584,40,42,1584,40,42,1,1,1,1
mdl/weapons_r5/misc_crypto_drone/crypto_drone_exhaust_t.rmdl,6024,224,234,6024,224,234,1,1,1,1
mdl/weapons_r5/misc_crypto_drone/crypto_drone_exhaust_b.rmdl,6604,274,248,6604,274,248,1,1,1,1
mdl/weapons_r5/misc_crypto_drone/crypto_drone_exhaust_r.rmdl,6048,238,231,6048,238,231,1,1,1,1
mdl/weapons_r5/misc_crypto_drone/crypto_drone_exhaust_l.rmdl,6048,238,231,6048,238,231,1,1,1,1
mdl/weapons_r5/misc_crypto_drone/crypto_puzzle_led.rmdl,17660,362,484,17660,362,484,1,1,1,3
mdl/weapons_r5/misc_crypto_drone/crypto_logo_holo.rmdl,12140,430,478,12140,430,478,1,1,1,1
mdl/fx/skydive_trail_elec_2.rmdl,13188,502,424,13188,502,424,1,1,1,1
mdl/fx/peacekeeper_legendary_frost.rmdl,93456,4328,2812,93456,4328,2812,1,1,1,1
mdl/fx/energy_ar_ship_glow_01.rmdl,56652,1894,1887,56652,1894,1887,1,1,1,1
mdl/fx/energy_ar_ship_glow_02.rmdl,12150,477,387,12150,477,387,1,1,1,1
mdl/fx/energy_ar_ship_glow_01_3p.rmdl,17982,697,575,17982,697,575,1,1,1,1
mdl/door/canyonlands_door_vfx_bl.rmdl,10988,418,424,10988,418,424,1,1,1,1
mdl/door/canyonlands_door_vfx_br.rmdl,7772,322,292,7772,322,292,1,1,1,1
mdl/door/canyonlands_door_vfx_c.rmdl,38840,1480,1498,38840,1480,1498,1,1,1,1
mdl/door/canyonlands_door_vfx_uc.rmdl,12020,490,454,12020,490,454,1,1,1,1
mdl/door/canyonlands_door_vfx_ul.rmdl,4034,149,157,4034,149,157,1,1,1,1
mdl/door/canyonlands_door_vfx_ur.rmdl,3318,123,129,3318,123,129,1,1,1,1
mdl/s2s/s2s_bridge_glass_shard.rmdl,984,20,36,984,20,36,1,1,1,2
mdl/door/canyonlands_door_vfx_l.rmdl,9524,324,379,9524,324,379,1,1,1,1
mdl/vehicle/goblin_dropship/goblin_dropship_holo.rmdl,78218,1923,3334,78218,1923,3334,1,1,1,1
mdl/weapons/titan_predator/titan_predator_barrel_charge.rmdl,31368,1280,987,31368,1280,987,1,1,1,2
mdl/weapons/titan_predator/titan_predator_barrel_hot.rmdl,2928,128,90,2928,128,90,1,1,1,1
mdl/weapons/titan_predator/titan_predator_barrel_glow.rmdl,4896,160,164,4896,160,164,1,1,1,1
mdl/fx/ar_marker_arrow_down.rmdl,4464,200,136,4464,200,136,1,1,1,1
mdl/fx/ar_hazard_ring_1.rmdl,22608,840,549,22608,840,549,1,1,1,1
mdl/vehicle/droppod_loot/droppod_loot_ll_holo7.rmdl,3548,58,100,3548,58,100,1,1,1,1
mdl/vehicle/droppod_loot/droppod_loot_ll_holo6.rmdl,5774,141,154,5774,141,154,1,1,1,1
mdl/vehicle/droppod_loot/droppod_loot_ll_holo5.rmdl,6772,126,188,6772,126,188,1,1,1,1
mdl/vehicle/droppod_loot/droppod_loot_ll_holo4.rmdl,15424,288,428,15424,288,428,1,1,1,1
mdl/vehicle/droppod_loot/droppod_loot_ll_holo3.rmdl,7754,135,217,7754,135,217,1,1,1,1
mdl/vehicle/droppod_loot/droppod_loot_ll_holo2.rmdl,5974,105,167,5974,105,167,1,1,1,1
mdl/vehicle/droppod_loot/droppod_loot_ll_holo1.rmdl,4836,70,138,4836,70,138,1,1,1,1
mdl/vehicle/droppod_loot/droppod_loot_ll_holo.rmdl,30554,591,844,30554,591,844,1,1,1,1
mdl/weapons_r5/weapon_tesla_trap/mp_weapon_tesla_trap_ar_link_radius.rmdl,6720,96,192,6720,96,192,1,1,1,1
mdl/vehicle/droppod_loot/droppod_loot_afterburners.rmdl,4356,126,150,4356,126,150,1,1,1,1
mdl/fx/loot_drone_exhaust.rmdl,2820,100,111,2820,100,111,1,1,1,1
mdl/weapons_r5/loot/loot_drone_destruction_wing.rmdl,5376,176,216,5376,176,216,1,1,1,1
mdl/weapons_r5/loot/loot_drone_destruction_tail.rmdl,9704,404,364,9704,404,364,1,1,1,1
mdl/weapons_r5/loot/loot_drone_destruction_body.rmdl,13176,566,489,13176,566,489,1,1,1,1
mdl/rocks/rock_small_02.rmdl,5648,178,229,5648,178,229,1,1,1,1
mdl/fx/ar_holoplane.rmdl,140,2,4,140,2,4,1,1,1,1
mdl/fx/crypto_drone_shield.rmdl,4224,200,126,4224,200,126,1,1,1,1
mdl/fx/emp_flare_ring.rmdl,17424,696,552,17424,696,552,1,1,1,1
mdl/props/crypto_drone/crypto_drone_destoyed_01.rmdl,11252,502,412,11252,502,412,1,1,1,2
mdl/props/crypto_drone/crypto_drone_destoyed_02.rmdl,65876,2696,2485,65876,2696,2485,1,1,1,1
mdl/props/crypto_drone/crypto_drone_destoyed_03.rmdl,35944,1564,1328,35944,1564,1328,1,1,1,3
mdl/props/crypto_drone/crypto_drone_destoyed_04.rmdl,17076,736,633,17076,736,633,1,1,1,1
mdl/fx/crypto_boot_holo.rmdl,92,2,4,92,2,4,1,1,1,1
mdl/fx/ar_crypto_emp_radius.rmdl,28764,1210,672,28764,1210,672,1,1,1,1
mdl/robots/drone_air_attack/drone_attack_pc_4.rmdl,68300,2620,2629,68300,2620,2629,1,1,1,1
mdl/robots/drone_air_attack/drone_attack_pc_3.rmdl,110720,4330,4237,110720,4330,4237,1,1,1,1
mdl/robots/drone_air_attack/drone_attack_pc_2.rmdl,23616,816,936,23616,816,936,1,1,1,1
mdl/robots/drone_air_attack/drone_attack_pc_5.rmdl,100950,4095,3819,100950,4095,3819,1,1,1,1
mdl/robots/drone_air_attack/drone_attack_pc_1.rmdl,45348,1438,1836,45348,1438,1836,1,1,1,1
mdl/robots/aerial_unmanned_worker/worker_drone_pc1.rmdl,30988,1068,1229,30988,1068,1229,1,1,1,1
mdl/robots/aerial_unmanned_worker/worker_drone_pc2.rmdl,36524,1334,1426,36524,1334,1426,1,1,1,1
mdl/robots/aerial_unmanned_worker/worker_drone_pc3.rmdl,96312,2562,4047,96312,2562,4047,1,1,1,1
mdl/robots/aerial_unmanned_worker/worker_drone_pc4.rmdl,34276,1286,1328,34276,1286,1328,1,1,1,1
mdl/fx/xo_shield_wall_01.rmdl,33600,720,1098,33600,720,1098,1,1,1,3
mdl/fx/xo_shield_wall_02.rmdl,46864,984,1536,46864,984,1536,1,1,1,3
mdl/fx/xo_shield_wall_03.rmdl,25872,552,846,25872,552,846,1,1,1,3
mdl/vehicle/crow_dropship/crow_dropship_dest_l_wing.rmdl,11134,379,443,11134,379,443,1,1,1,1
mdl/vehicle/crow_dropship/crow_dropship_dest_nose.rmdl,82580,3570,3058,82580,3570,3058,1,1,1,3
mdl/vehicle/crow_dropship/crow_dropship_dest_r_wing.rmdl,11214,379,447,11214,379,447,1,1,1,1
mdl/fx/turret_shield_wall_01.rmdl,72860,1542,2385,72860,1542,2385,1,1,1,3
mdl/fx/turret_shield_wall_02.rmdl,120012,2490,3940,120012,2490,3940,1,1,1,3
mdl/fx/turret_shield_wall_03.rmdl,102668,2178,3360,102668,2178,3360,1,1,1,3
mdl/fx/bb_shield_p1.rmdl,16968,864,491,16968,864,491,1,1,1,1
mdl/fx/bb_shield_p2.rmdl,13200,640,390,13200,640,390,1,1,1,1
mdl/fx/bb_shield_p3.rmdl,17856,896,520,17856,896,520,1,1,1,1
mdl/fx/bb_shield_p4.rmdl,10872,512,325,10872,512,325,1,1,1,1
mdl/fx/bb_shield_p5.rmdl,10872,512,325,10872,512,325,1,1,1,1
mdl/vehicle/hovership/hovership_afterburner_main.rmdl,1944,52,68,1944,52,68,1,1,1,1
mdl/robotics_r5/tick_loot/tick_loot_pcs_body_01.rmdl,36972,1212,1485,36972,1212,1485,1,1,1,1
mdl/robotics_r5/tick_loot/tick_loot_pcs_panel_01.rmdl,11776,456,452,11776,456,452,1,1,1,1
mdl/robotics_r5/tick_loot/tick_loot_pcs_leg_01.rmdl,24272,1032,904,24272,1032,904,1,1,1,1
mdl/fx/ar_survival_radius_1x1.rmdl,48376,2052,1442,48376,2052,1442,1,1,1,3
mdl/fx/ar_survival_radius_1x5.rmdl,48376,2052,1442,48376,2052,1442,1,1,1,3
mdl/fx/ring_dmg_geo.rmdl,10632,512,315,10632,512,315,1,1,1,1
mdl/fx/cloud_fill_02.rmdl,13440,600,410,13440,600,410,1,1,1,1
mdl/fx/water_bubble_pop_fx.rmdl,5952,300,173,5952,300,173,1,1,1,1
mdl/weapons_r5/misc_crypto_drone/crypto_puzzle_led_w.rmdl,16624,344,455,16344,340,447,1,1,2,3
mdl/fx/loot_ball_panel_5point.rmdl,3036,156,105,3036,156,105,1,1,1,1
mdl/fx/loot_ball_panel_3point.rmdl,672,32,24,672,32,24,1,1,1,1
mdl/fx/loot_ball_panel_1point.rmdl,1180,60,41,1180,60,41,1,1,1,1
mdl/fx/loot_ball_panel_5point_brk.rmdl,1832,62,73,1832,62,73,1,1,1,1
mdl/fx/loot_ball_panel_3point_brk.rmdl,1032,32,42,1032,32,42,1,1,1,1
mdl/fx/wat_rock_pc_1.rmdl,2448,108,90,2448,108,90,1,1,1,1
mdl/rubble/concrete_chunk_med_01_body.rmdl,17356,526,710,17356,526,710,1,1,1,1
mdl/backwater/rock_set_backwater_02.rmdl,2696,136,94,2696,136,94,1,1,1,1
mdl/fx/energy_ring_edge.rmdl,8256,320,198,8256,320,198,1,1,1,1
mdl/fx/screen_dmg_concussion.rmdl,2208,80,54,2208,80,54,1,1,1,1
mdl/rocks/fract_chunk_small_03.rmdl,13952,472,556,13952,472,556,1,1,1,1
mdl/gibs/wood_gib01_lg.rmdl,14448,264,536,14448,264,536,1,1,1,1
mdl/gibs/human_gibs/gib_small_01.rmdl,3752,172,136,1800,80,66,1,1,4,1
mdl/fx/shield_edge_charged_fx.rmdl,1416,56,45,1416,56,45,1,1,1,1
mdl/fx/frag_grenade_glow_fx.rmdl,8720,280,220,8720,280,220,1,1,1,1
mdl/fx/drone_frag_hex_glow_fx.rmdl,80268,3394,1872,80268,3394,1872,1,1,1,1
mdl/fx/shield_edge_fx.rmdl,1416,56,45,1416,56,45,1,1,1,1
mdl/vehicle/dropship/dropship_afterburner.rmdl,2040,52,72,2040,52,72,1,1,1,1
mdl/fx/lifeline_drone_eye_red.rmdl,3400,160,122,3400,160,122,1,1,1,1
mdl/vehicle/straton/straton_imc_gunship_afterburner.rmdl,1848,52,64,1848,52,64,1,1,1,1
mdl/desertlands/mirage_tt_statue.rmdl,403542,15653,12901,348840,13952,11047,1,1,3,1
mdl/domestic/porkchop_01.rmdl,8292,382,300,4956,236,177,1,1,3,1
mdl/domestic/mirage_speaker_01.rmdl,51740,1790,2050,26448,1088,996,1,1,4,1
mdl/desertlands/mirage_tt_couch_01.rmdl,14904,496,497,11940,418,393,1,1,2,3
mdl/desertlands/mirage_grill_01.rmdl,139428,5002,4559,62040,2364,1994,1,1,4,4
mdl/desertlands/mirage_tt_seating_area_01.rmdl,248526,6197,8806,126636,3418,4422,1,1,3,11
mdl/desertlands/mirage_tt_bar_01.rmdl,155388,5046,5213,108060,3710,3575,1,1,3,5
mdl/domestic/mirage_jacuzzi_01.rmdl,177498,5823,5940,121128,4112,4019,1,1,3,6
mdl/desertlands/mirage_tt_decal_01.rmdl,129450,2325,4125,129450,2325,4125,1,1,1,5
mdl/desertlands/mirage_tt_blaster_01.rmdl,639912,16024,22657,340188,8822,11969,1,1,4,4
mdl/lamps/search_light_off_light_only_02.rmdl,168008,4608,7018,87560,2440,3646,1,1,3,2
mdl/desertlands/mirage_phone_01.rmdl,41044,1564,1583,41044,1564,1583,1,1,1,2
mdl/desertlands/mirage_tt_lootcap_off.rmdl,24270,705,835,13374,413,454,1,1,3,4
mdl/desertlands/mirage_tt_lootcap_on.rmdl,24270,705,835,13374,413,454,1,1,3,4
mdl/fx/firework_interlace_03.rmdl,124,2,4,124,2,4,1,1,1,1
mdl/fx/firework_interlace_02.rmdl,124,2,4,124,2,4,1,1,1,1
mdl/fx/firework_interlace_01.rmdl,124,2,4,124,2,4,1,1,1,1
mdl/fx/mirage_tt_holobust.rmdl,956810,32839,23743,956810,32839,23743,1,1,1,5
mdl/rubble/rubble_pile_flat_sparse.rmdl,108596,3296,4441,47812,1612,1907,1,1,3,1
mdl/rubble/rebar_02b.rmdl,13976,676,496,13976,676,496,1,1,1,1
mdl/utilities/power_cell_64_empty.rmdl,185104,5544,7592,91936,3056,3680,1,1,4,1
mdl/rubble/rebar_pile01.rmdl,32156,1566,1138,18216,936,630,1,1,2,1
mdl/rubble/rebar_01.rmdl,14868,678,540,14868,678,540,1,1,1,1
mdl/rubble/rebar_cluster_02.rmdl,8848,408,320,8848,408,320,1,1,1,1
mdl/utilities/power_cell_64_brace_01.rmdl,16472,532,664,10336,376,404,1,1,3,1
mdl/rubble/rebar_cluster_03.rmdl,7516,336,275,7516,336,275,1,1,1,1
mdl/rubble/rebar_cluster_01.rmdl,8848,408,320,8848,408,320,1,1,1,1
mdl/utilities/power_cell_64_single_01.rmdl,32150,1115,1273,19620,750,756,1,1,4,1
mdl/imc_base/console_door_small_IMC_01.rmdl,27964,734,1178,27964,734,1178,1,1,1,1
mdl/rubble/rebar_cluster_04.rmdl,5372,232,199,5372,232,199,1,1,1,1
mdl/industrial/modular_railing_trim_long.rmdl,38380,1430,1490,17120,660,658,1,1,3,1
mdl/metal_scraps/scrap_metal_panel01_bent.rmdl,2560,80,104,2560,80,104,1,1,1,1
mdl/industrial/modular_railing_trim_mid.rmdl,20370,755,792,9140,350,352,1,1,3,1
mdl/metal_scraps/scrap_metal_hinge01.rmdl,3572,102,148,3572,102,148,1,1,1,1
mdl/industrial/modular_railing_trim_a.rmdl,19800,840,738,9180,400,339,1,1,3,1
mdl/desertlands/dlands_mu1_mod_extractor_ext_connector_02.rmdl,13932,402,480,13932,402,480,1,1,1,1
mdl/IMC_base/imc_portable_ext_double_door_frame_red_01.rmdl,5536,176,224,5536,176,224,1,1,1,1
mdl/rubble/concrete_piece_06.rmdl,15252,478,516,10524,366,347,1,1,2,1
mdl/rubble/concrete_piece_02.rmdl,11328,420,367,6924,286,217,1,1,2,1
mdl/rubble/concrete_piece_01.rmdl,11604,278,414,11604,278,414,1,1,1,1
mdl/rubble/concrete_piece_06_rebar.rmdl,95052,3382,3115,50076,1954,1598,1,1,3,2
mdl/domestic/farmland_bedding_blanket_01.rmdl,54784,2694,1931,34994,1819,1204,1,1,2,1
mdl/industrial/landing_mat_metal.rmdl,191852,7182,7438,123964,4614,4814,1,1,4,1
mdl/mendoko/pipe_modular_mendoko_128.rmdl,43888,1588,1718,23008,848,896,1,1,3,1
mdl/s2s/s2s_railing_small_01_64.rmdl,31736,1096,1258,17896,656,698,1,1,3,1
mdl/mendoko/pipe_modular_mendoko_metal_64.rmdl,13488,488,528,8824,324,344,1,1,2,1
mdl/mendoko/pipe_modular_mendoko_64.rmdl,11608,408,458,7472,272,292,1,1,2,1
mdl/mendoko/pipe_modular_mendoko_32_valve.rmdl,76144,2694,2999,42348,1558,1650,1,1,3,1
mdl/mendoko/pipe_modular_mendoko_corner.rmdl,37440,1630,1383,22960,1040,836,1,1,3,1
mdl/mendoko/pipe_modular_mendoko_32.rmdl,34800,1240,1368,19440,720,756,1,1,3,1
mdl/mendoko/pipe_modular_mendoko_16.rmdl,26080,920,1028,16992,632,660,1,1,3,1
mdl/rocks/rock_fissure_desertlands_02.rmdl,537084,17066,18112,260952,9000,8623,1,1,6,2
mdl/levels_terrain/mp_rr_desertlands/desertlands_mu1_excavator_ring_01.rmdl,442584,12244,15380,160128,4480,5552,1,1,4,6
mdl/desertlands/dlands_mu1_mod_extractor_outter_bend_catwalk_01.rmdl,25296,568,912,25296,568,912,1,1,1,4
mdl/door/canyonlands_lift_door_frame_large_01.rmdl,42436,1206,1760,23248,748,938,1,1,3,1
mdl/thaw/roof_generator_ac.rmdl,109996,2886,4634,70624,1924,2954,1,1,2,1
mdl/fixtures/stasis_light_01_off.rmdl,78360,3100,2988,49308,2058,1848,1,1,3,1
mdl/rocks/rockcluster_light_03.rmdl,152120,7290,5419,85864,4424,2966,1,1,4,1
mdl/rocks/rockcluster_light_01.rmdl,68848,3388,2426,37508,1988,1279,1,1,4,1
mdl/foliage/moss_green_hanging_large_04.rmdl,2352,68,81,2352,68,81,1,1,1,1
mdl/desertlands/indust_struct_gondola_wheel_base_01.rmdl,237162,7239,8072,135984,4380,4571,1,1,4,7
mdl/desertlands/dlands_mu1_mod_extractor_ext_connector_01.rmdl,15984,448,554,15984,448,554,1,1,1,3
mdl/desertlands/dlands_mu1_mod_extractor_outter_bend_catwalk_01_45.rmdl,13284,294,480,13284,294,480,1,1,1,4
mdl/ola/sewer_staircase_96_01.rmdl,39520,840,1724,39520,840,1724,1,1,1,2
mdl/desertlands/dlands_mu1_mod_extractor_inner_bend_catwalk_01.rmdl,17136,488,592,17136,488,592,1,1,1,4
mdl/desertlands/dlands_mu1_mod_extractor_inner_bend_catwalk_01_45.rmdl,8988,250,312,8988,250,312,1,1,1,4
mdl/canyonlands/concrete_broken_chunk_01.rmdl,67020,1286,2471,39360,740,1455,1,1,3,2
mdl/rubble/concrete_piece_02_rebar.rmdl,63900,2234,2104,37452,1474,1192,1,1,3,2
mdl/canyonlands/concrete_broken_chunk_8_01.rmdl,66900,1286,2466,39000,740,1440,1,1,3,2
mdl/ola/sewer_staircase_96_end_02.rmdl,5624,124,244,5624,124,244,1,1,1,2
mdl/rubble/concrete_piece_01_rebar.rmdl,45624,1336,1567,27132,878,911,1,1,2,2
mdl/ola/sewer_staircase_96_end_01.rmdl,5624,124,244,5624,124,244,1,1,1,2
mdl/ola/sewer_staircase_48_end_02.rmdl,3640,80,158,3640,80,158,1,1,1,2
mdl/ola/sewer_staircase_48_double.rmdl,4680,100,204,4680,100,204,1,1,1,2
mdl/ola/sewer_staircase_48_end_01.rmdl,3640,80,158,3640,80,158,1,1,1,2
mdl/canyonlands/concrete_broken_chunk_8_02.rmdl,8556,142,321,5940,98,223,1,1,2,2
mdl/canyonlands/concrete_broken_chunk_02.rmdl,8652,142,325,5988,98,225,1,1,2,2
mdl/foliage/grass_burnt_yellow_01.rmdl,1008,24,36,1008,24,36,1,1,1,1
mdl/levels_terrain/mp_rr_desertlands/cap_city_scraperbridge_03_art.rmdl,883470,16361,32721,883470,16361,32721,1,1,1,1
mdl/desertlands/dlands_mu1_mod_extractor_ext_platform_01.rmdl,18296,296,590,18296,296,590,1,1,1,4
mdl/levels_terrain/mp_rr_desertlands/desertlands_mu1_excavator_support_03.rmdl,121500,3398,4213,44760,1340,1530,1,1,4,3
mdl/levels_terrain/mp_rr_desertlands/desertlands_mu1_excavator_support_02.rmdl,121980,3418,4228,44760,1340,1530,1,1,4,3
mdl/levels_terrain/mp_rr_desertlands/desertlands_mu1_excavator_support_01.rmdl,104208,3016,3588,40536,1260,1374,1,1,4,2
mdl/levels_terrain/mp_rr_desertlands/desertlands_mu1_excavator_center_base_pipes_02.rmdl,50244,1486,1476,50244,1486,1476,1,1,1,3
mdl/levels_terrain/mp_rr_desertlands/desertlands_mu1_excavator_center_base_pipes_01.rmdl,38004,1224,1095,38004,1224,1095,1,1,1,2
mdl/levels_terrain/mp_rr_desertlands/desertlands_mu1_excavator_center_base_pipes_03.rmdl,36304,1272,1024,36304,1272,1024,1,1,1,2
mdl/levels_terrain/mp_rr_desertlands/desertlands_mu1_excavator_center_tower_01.rmdl,71004,1656,2181,71004,1656,2181,1,1,1,9
mdl/rocks/rock_fissure_desertlands_01.rmdl,578240,17068,16994,277048,9000,7966,1,1,6,2
mdl/rocks/rock_fissure_desertlands_03.rmdl,582924,17060,17163,269712,9000,7704,1,1,6,2
mdl/levels_terrain/mp_rr_desertlands/desertlands_mu1_excavator_center_base_pipes_04.rmdl,18600,636,528,18600,636,528,1,1,1,2
mdl/vistas/iceland_sloped_mu1.rmdl,210472,3262,9545,210472,3262,9545,1,1,1,1
mdl/vistas/iceland_slopeb_mu1.rmdl,42104,674,1903,42104,674,1903,1,1,1,1
mdl/rubble/concrete_piece_07_rebar.rmdl,48498,2123,1490,48498,2123,1490,1,1,1,3
mdl/desertlands/desertlands_hr_small_destroy_02.rmdl,24598,473,780,15666,305,497,1,1,2,5
mdl/desertlands/desertlands_hr_small_destroy_01.rmdl,22344,452,704,14554,297,459,1,1,2,5
mdl/levels_terrain/mp_rr_desertlands/desertlands_mu1_excavator_center_base_cover_01.rmdl,2800,56,88,2800,56,88,1,1,1,3
mdl/levels_terrain/mp_rr_desertlands/desertlands_mu1_excavator_center_base_column.rmdl,47096,1064,1454,47096,1064,1454,1,1,1,6
mdl/levels_terrain/mp_rr_desertlands/desertlands_mu1_excavator_hanging_panel_int.rmdl,129152,3008,3968,129152,3008,3968,1,1,1,10
mdl/levels_terrain/mp_rr_desertlands/desertlands_mu1_excavator_hanging_panel.rmdl,117236,2562,3638,117236,2562,3638,1,1,1,11
mdl/levels_terrain/mp_rr_desertlands/desertlands_mu1_excavator_center_tower.rmdl,361216,10106,10735,361216,10106,10735,1,1,1,12
mdl/levels_terrain/mp_rr_desertlands/desertlands_mu1_excavator_leg_02.rmdl,286636,6202,8908,286636,6202,8908,1,1,1,24
mdl/levels_terrain/mp_rr_desertlands/desertlands_mu1_excavator_leg_03.rmdl,334158,8471,10119,334158,8471,10119,1,1,1,20
mdl/levels_terrain/mp_rr_desertlands/desertlands_mu1_excavator_hydraulics_01.rmdl,523908,13004,16233,228664,5970,7089,1,1,4,11
mdl/levels_terrain/mp_rr_desertlands/desertlands_mu1_excavator_center_base_cover.rmdl,24632,596,752,24632,596,752,1,1,1,8
mdl/levels_terrain/mp_rr_desertlands/desertlands_terrain_section_06_mu1_rubble.rmdl,18016,660,502,18016,660,502,1,1,1,2
mdl/desertlands/dlands_mu1_mod_extractor_ext_01.rmdl,30864,736,1102,30864,736,1102,1,1,1,12
mdl/levels_terrain/mp_rr_desertlands/desertlands_section_09_bridge_wide.rmdl,336356,8414,11348,190460,5162,6294,1,1,3,16
mdl/desertlands/dlands_mu1_mod_extractor_ext_end_cap_02.rmdl,46284,1070,1661,46284,1070,1661,1,1,1,11
mdl/desertlands/dlands_mu1_mod_extractor_ext_end_cap_01.rmdl,42900,1002,1537,42900,1002,1537,1,1,1,11
mdl/desertlands/dlands_mu1_mod_extractor_outter_bend_01.rmdl,83472,2464,2862,83472,2464,2862,1,1,1,8
mdl/desertlands/dlands_mu1_mod_extractor_ext_end_cap_03.rmdl,43548,1074,1546,43548,1074,1546,1,1,1,11
mdl/levels_terrain/mp_rr_desertlands/desertlands_mu1_excavator_hydraulics_02.rmdl,290748,8506,9988,123024,3676,4207,1,1,4,11
mdl/levels_terrain/mp_rr_desertlands/desertlands_mu1_excavator_hinge_01.rmdl,248304,7288,8524,187416,5676,6390,1,1,2,6
mdl/desertlands/dlands_mu1_mod_extractor_outter_bend_01_45.rmdl,51192,1404,1782,51192,1404,1782,1,1,1,8
mdl/levels_terrain/mp_rr_desertlands/desertlands_mu1_excavator_hinge_02.rmdl,248250,7287,8522,187362,5675,6388,1,1,2,6
mdl/desertlands/mirage_grill_top_01.rmdl,31608,844,1106,21108,622,724,1,1,3,5
mdl/desertlands/mirage_grill_cover_01.rmdl,34584,1132,1158,21348,774,696,1,1,3,4
mdl/desertlands/desertlands_city_slanted_building_01_slice_02_crack.rmdl,444,10,16,444,10,16,1,1,1,1
mdl/desertlands/desertlands_hr_small_apt_a_05_decal.rmdl,56992,1262,1765,56992,1262,1765,1,1,1,2
mdl/levels_terrain/mp_rr_desertlands/cap_city_sniperbuilding_decals.rmdl,96276,3158,3222,47502,1685,1558,1,1,4,1
mdl/desertlands/desertlands_city_train_station_01_shattered_roof.rmdl,268044,7842,9208,127812,3738,4391,1,1,3,3
mdl/desertlands/desertlands_city_train_station_railing_broken_glass_01.rmdl,4152,84,152,4152,84,152,1,1,1,3
mdl/desertlands/desertlands_city_train_station_railing_broken_glass_02.rmdl,2496,48,92,2496,48,92,1,1,1,3
mdl/desertlands/dlands_mu1_mod_extractor_ext_02.rmdl,41172,1022,1460,41172,1022,1460,1,1,1,15
mdl/desertlands/dlands_mu1_mod_extractor_ext_02_window.rmdl,42876,1122,1506,42876,1122,1506,1,1,1,14
mdl/levels_terrain/mp_rr_desertlands/desertlands_mu1_excavator_leg_01.rmdl,797340,17796,24663,797340,17796,24663,1,1,1,34
mdl/vistas/desertlands_mu1_se.rmdl,450338,13177,14494,450338,13177,14494,1,1,1,21
mdl/desertlands/desertlands_portable_int_floor_108x128_01.rmdl,34224,824,1220,34224,824,1220,1,1,1,6
mdl/desertlands/desertlands_portable_int_floor_108x256_01.rmdl,66648,1616,2373,66648,1616,2373,1,1,1,6
mdl/desertlands/desertlands_portable_int_floor_inner_curve_01.rmdl,35304,860,1256,35304,860,1256,1,1,1,6
mdl/desertlands/desertlands_portable_int_floor_outter_curve_01.rmdl,35304,860,1256,35304,860,1256,1,1,1,6
mdl/lamps/search_light_on_light_only_02.rmdl,168008,4608,7018,87560,2440,3646,1,1,3,2
mdl/gibs/Glass_shard_group01.rmdl,172010,4715,7186,140072,3712,5890,1,1,2,1
mdl/lamps/search_light_on_godray_01.rmdl,31592,1224,866,31592,1224,866,1,1,1,1
mdl/lamps/search_light_on_godray_02.rmdl,31844,1224,875,31844,1224,875,1,1,1,1
mdl/levels_terrain/mp_rr_desertlands/desertlands_godrays_zone_10_mu1_01.rmdl,1212,48,33,1212,48,33,1,1,1,1
mdl/levels_terrain/mp_rr_desertlands/desertlands_godrays_zone_10_mu1_02.rmdl,6060,240,165,6060,240,165,1,1,1,1
mdl/levels_terrain/mp_rr_desertlands/desertlands_godrays_zone_11_mu1_01.rmdl,32724,1296,891,32724,1296,891,1,1,1,2
mdl/levels_terrain/mp_rr_desertlands/desertlands_godrays_zone_13_mu1_01.rmdl,6060,240,165,6060,240,165,1,1,1,1
mdl/levels_terrain/mp_rr_desertlands/desertlands_godrays_zone_16_mu1_01.rmdl,71148,2856,1929,71148,2856,1929,1,1,1,2
mdl/levels_terrain/mp_rr_desertlands/desertlands_godrays_zone_1_mu1_01.rmdl,2424,96,66,2424,96,66,1,1,1,1
mdl/levels_terrain/mp_rr_desertlands/desertlands_godrays_zone_2_mu1_01.rmdl,3636,144,99,3636,144,99,1,1,1,1
mdl/levels_terrain/mp_rr_desertlands/desertlands_godrays_zone_3_mu1_01.rmdl,3636,144,99,3636,144,99,1,1,1,1
mdl/levels_terrain/mp_rr_desertlands/desertlands_godrays_zone_5_mu1_01.rmdl,41208,1632,1122,41208,1632,1122,1,1,1,1
mdl/levels_terrain/mp_rr_desertlands/desertlands_godrays_zone_7_mu1_01.rmdl,5296,192,148,5296,192,148,1,1,1,1
mdl/levels_terrain/mp_rr_desertlands/desertlands_godrays_zone_7_mu1_02.rmdl,1212,48,33,1212,48,33,1,1,1,1
mdl/levels_terrain/mp_rr_desertlands/desertlands_godrays_zone_8_mu1_01.rmdl,3636,144,99,3636,144,99,1,1,1,1
mdl/levels_terrain/mp_rr_desertlands/desertlands_godrays_zone_9_mu1_01.rmdl,7272,288,198,7272,288,198,1,1,1,2
mdl/levels_terrain/mp_rr_desertlands/desertlands_terrain_section_09_water_2_mu1.rmdl,3522,153,93,3522,153,93,1,1,2,1
mdl/industrial/gun_rack_arm_down_new_off.rmdl,19550,655,781,19550,655,781,1,1,1,1
mdl/door/door_canyonlands_large_01_animated.rmdl,159398,4395,4751,87518,2733,2540,1,3,4,2
mdl/fx/harvester_beam_mu1.rmdl,4848,160,108,4848,160,108,1,1,1,2
mdl/rocks/thunderdome_quarry_block_01.rmdl,10304,534,355,10304,534,355,1,1,1,1
mdl/rocks/rock_sand_cluster_01.rmdl,176384,5714,7105,176384,5714,7105,1,1,1,3
mdl/rocks/thunderdome_quarry_block_03.rmdl,9592,512,326,9592,512,326,1,1,1,1
mdl/rocks/thunderdome_quarry_block_02.rmdl,10844,574,370,10844,574,370,1,1,1,1
mdl/rocks/rock_sand_large_01.rmdl,50160,2330,1809,17332,882,602,1,1,4,1
mdl/levels_terrain/sp_boomtown/btown_warehouse_pillar_ext_01.rmdl,11808,480,372,11808,480,372,1,1,1,1
mdl/desertlands/bloodhound_tarp_01.rmdl,13944,612,428,13944,612,428,1,1,1,2
mdl/levels_terrain/sp_boomtown/btown_warehouse_ceiling_06.rmdl,4592,112,196,4592,112,196,1,1,1,3
mdl/thunderdome/thunderdome_cage_ceiling_128x128_03.rmdl,19164,434,828,19164,434,828,1,1,1,2
mdl/thunderdome/thunderdome_cage_frame_64x352_01.rmdl,24312,572,1044,12120,300,516,1,1,3,1
mdl/thunderdome/thunderdome_stands_girder_32x512_01.rmdl,2024,44,88,2024,44,88,1,1,1,2
mdl/thunderdome/thunderdome_stands_girder_32x256_01.rmdl,2024,44,88,2024,44,88,1,1,1,2
mdl/thunderdome/thunderdome_stands_girder_32x128_01.rmdl,2024,44,88,2024,44,88,1,1,1,2
mdl/thunderdome/thunderdome_spike_traps_small_128_01.rmdl,3176,56,142,3176,56,142,1,1,1,2
mdl/thunderdome/thunderdome_cage_frame_32_01.rmdl,2784,64,120,1864,44,80,1,1,2,1
mdl/thunderdome/thunderdome_spike_traps_large_64_01.rmdl,1856,36,82,1856,36,82,1,1,1,2
mdl/beacon/mendoko_wire_cluster_04.rmdl,16272,912,540,16272,912,540,1,1,1,1
mdl/lamps/light_hanging_industrial_02_on_warm_256.rmdl,759228,28948,29277,396740,16060,15019,1,1,4,1
mdl/relic/hanging_relic_light_on_2.rmdl,17762,557,721,13626,441,549,1,1,2,1
mdl/robotics_r5/stalker/stalker_posed_hanging.rmdl,1792626,74291,67344,764604,35374,27618,1,1,4,3
mdl/rocks/thunderdome_quarry_block_stairs_01.rmdl,15110,805,514,15110,805,514,1,1,1,1
mdl/desertlands/industrial_struct_bldg_02.rmdl,168636,3886,6055,168636,3886,6055,1,1,1,7
mdl/desertlands/bloodhound_tt_raven_statue_01.rmdl,618860,26174,16530,324076,14438,8508,1,1,4,2
mdl/desertlands/industrial_struct_bldg_04.rmdl,101044,1946,3194,101044,1946,3194,1,1,1,10
mdl/thunderdome/canyonland_thunderdome_ground_cap_01.rmdl,71196,2226,2892,37840,1250,1517,1,1,3,4
mdl/desertlands/bloodhound_tt_raven_statue_02.rmdl,657444,26482,20773,374004,15966,11592,1,1,4,3
mdl/levels_terrain/sp_boomtown/btown_warehouse_pillar_01.rmdl,51456,1704,1718,51456,1704,1718,1,1,1,4
mdl/thunderdome/thunderdome_cage_ceiling_256x256_04.rmdl,22908,498,996,13524,294,588,1,1,3,3
mdl/desertlands/bloodhound_tt_flag_01.rmdl,12504,516,392,12504,516,392,1,1,1,2
mdl/foliage/grass_burnt_yellow_02.rmdl,1344,32,48,1344,32,48,1,1,1,1
mdl/menu/menu_cubemap_char_select.rmdl,52300,3120,1679,52300,3120,1679,1,1,1,1
mdl/s2s/s2s_closed_door_struct_01.rmdl,43194,1387,1453,43194,1387,1453,1,1,1,9
mdl/boomtown/btown_whouse_prop_rack_arm_02.rmdl,149584,4384,6164,101804,3054,4174,1,1,2,3
mdl/s2s/s2s_gundeck_pillar_01.rmdl,8904,172,328,8904,172,328,1,1,1,4
mdl/desertlands/bloodhound_tt_decal_01.rmdl,108,2,4,108,2,4,1,1,1,1
mdl/desertlands/desertlands_refinery_struct_01.rmdl,55554,1199,2015,55554,1199,2015,1,1,1,9
mdl/desertlands/industrial_struct_bldg_06.rmdl,203590,3917,6474,203590,3917,6474,1,1,1,14
mdl/levels_terrain/mp_rr_desertlands/desertlands_godrays_zone_1_mu1_02.rmdl,23712,960,660,23712,960,660,1,1,1,2
mdl/levels_terrain/mp_rr_desertlands/s5_tease_godrays.rmdl,65916,2600,1797,65916,2600,1797,1,1,1,2
mdl/weapons_r5/at_charge_rifle/w_at_charge_rifle_miningtool_holo.rmdl,312066,6861,9675,212160,4896,6528,2,1,4,1
mdl/props/holo_spray/holo_spray_base.rmdl,77670,2473,2244,51916,1788,1471,1,2,4,1
mdl/props/prowler_hatch_tt/prowler_hatch_tt.rmdl,310716,7386,8325,117076,2622,3167,1,4,3,4
mdl/desertlands/bloodhound_tt_flyer_skull_01.rmdl,99954,3575,3271,50400,1928,1618,1,1,4,1
mdl/desertlands/bloodhound_tt_props.rmdl,165484,8644,5681,115812,6202,3930,1,1,4,3
